number,value,datetime_start,datetime_complete,duration,params_a_0,params_a_1,params_a_2,params_a_3,params_a_4,params_a_5,params_a_6,params_a_7,params_f_0,params_f_1,params_f_2,params_f_3,params_f_4,params_f_5,params_f_6,params_f_7,params_high_0,params_high_1,params_high_2,params_high_3,params_high_4,params_high_5,params_high_6,params_high_7,params_low_0,params_low_1,params_low_2,params_low_3,params_low_4,params_low_5,params_low_6,params_low_7,params_u_dc_0,params_u_dc_1,params_u_dc_2,params_u_dc_3,params_u_dc_4,params_u_dc_5,params_u_dc_6,params_u_dc_7,state
0,0.5803996194100857,2025-11-04 09:03:51.762372,2025-11-04 10:06:07.586851,0 days 01:02:15.824479,-0.330926226743804,-1.9137664975787771,-4.3653149909880025,2.7499863977495735,-1.319949763751691,-2.7009685118903826,-3.9668579605714616,-4.821078978115118,2106.424292706487,2959.0825939733513,4654.561161280496,7212.353241038361,8822.578016464442,11140.005383865868,13205.00549414179,14750.702016677877,3118,4065,6223,8315,9506,11148,13224,15631,472,2612,4214,6507,7870,9785,11108,13397,0.04638553349297867,0.7366438236133204,0.35545303962204167,0.20262656248478836,0.04610273970588994,0.47321897517858574,0.8036053545881586,0.6380274182224573,COMPLETE
1,0.2916270218839201,2025-11-04 10:22:33.345131,2025-11-04 11:44:34.396508,0 days 01:22:01.051377,4.21776347678383,-0.4880719017559567,-1.2226936003245603,-4.734760765433903,1.5222443660541352,-1.4118758430275093,4.1084511262451,0.12033161040509999,1605.3744190966102,2881.794245514308,4892.936150469764,7599.229092635284,8069.927747048484,11963.232752676857,12173.02083729789,14606.128783111386,2543,4809,6417,8484,10154,11739,13418,16352,280,2469,4482,5954,7939,10102,11514,13026,0.4963137157549239,0.2980955779220609,0.43753218390813164,0.3300141205705298,0.7982659948948937,0.5367416942788248,0.8506603626648932,0.31247946872353033,COMPLETE
2,0.39295908658420553,2025-11-04 11:44:35.058515,2025-11-04 12:57:39.801190,0 days 01:13:04.742675,-1.9502549152271555,-0.8711388043330945,-1.0586667261894442,-2.093198133051124,-1.1022914537321116,-3.337925295261932,1.498148013731723,-0.6504560918335143,1778.347015230754,3836.74777303295,5835.777486502532,6501.806013316589,9101.270297614616,10830.096990382837,13270.45878549963,15575.0060961635,2466,4736,6113,8157,10105,12047,12985,16359,224,2288,4508,6123,8408,9284,11473,13161,0.7214169477115862,0.36801725881504294,0.7417291920567964,0.6016333513299056,0.8941476513084383,0.36812060031703725,0.6076687692681251,0.06583643717367048,COMPLETE
3,0.47906755470980017,2025-11-04 12:57:40.284137,2025-11-04 14:07:58.253086,0 days 01:10:17.968949,-0.13693827568599204,3.6496982508768223,4.326562299387934,4.7005998942396605,-4.336397374751594,3.266157086615987,2.578053997734707,-2.925624205685986,1220.1314726910243,3663.1541940319107,5182.141256845069,7187.261979990471,9455.31386792224,11836.410661680771,12767.506731025986,14553.554389489605,2666,4430,6169,7843,9370,11893,12972,15611,188,2335,4265,5753,8389,10015,11683,13521,0.44972528217624436,0.6793823893126812,0.7955328599004902,0.1938292556319808,0.03726385254039802,0.33376341101430085,0.9763449336593918,0.6537536716760809,COMPLETE
4,0.3434823977164605,2025-11-04 14:07:58.704664,2025-11-04 15:16:20.517742,0 days 01:08:21.813078,-4.50060995032941,-4.309265400796923,3.008948395034766,4.636029578693217,1.734918430964366,-2.049862080929751,1.5513083899464375,1.5463472147608028,928.0280070531683,3106.1319855260017,4577.476058350899,7138.855667145456,8776.601160507795,11709.151709163194,12632.166358176522,15773.835186027956,2465,4904,6056,7940,9844,11723,13540,15521,277,2257,4809,5905,7726,9756,11829,13344,0.8369469079088063,0.7766149112006475,0.3572224857807467,0.3746395355288056,0.044844995651694836,0.6124306302300818,0.9746228491059779,0.5188797365998232,COMPLETE
5,0.4904852521408183,2025-11-04 15:16:20.985118,2025-11-04 16:21:54.262987,0 days 01:05:33.277869,-4.92803023495857,4.181877466386851,2.033792495882359,3.892617380006314,0.5934294856873379,-0.5931354564681088,4.217743105756828,3.111083558584765,1470.6407679116512,4328.461128346069,5294.962744081326,7886.781722020691,8213.84656739943,10459.94239063284,13343.659624247415,15497.669738731307,2813,4743,5797,8059,9928,11319,13222,16083,18,2269,4337,5898,8168,9676,11366,13241,0.06588488639204827,0.611047544962779,0.9452036240904423,0.5918404590441505,0.5094544929324306,0.16276185015333086,0.4664831456646045,0.22180199504416565,COMPLETE
6,0.3786869647954329,2025-11-04 16:21:54.674603,2025-11-04 17:23:41.513576,0 days 01:01:46.838973,1.6462350148559572,0.023232159432245325,0.961103611170536,-3.670067426333067,-3.7201043463090278,-4.35669309206507,4.469674225830376,-1.376493090375229,1605.3477481457214,4284.74768846169,5149.9926610715565,6826.8627456669265,9364.728223297783,11021.008931004466,13036.006855868669,15484.6805620422,2386,4583,6674,8331,9916,11706,13810,16399,374,2863,4624,6037,7606,9875,11549,13424,0.5842797898232819,0.013988491122001845,0.6507925921608934,0.28137136682376657,0.3313541689580193,0.23624936116722928,0.05245933352383761,0.8831455447996575,COMPLETE
7,0.4329210275927688,2025-11-04 17:23:41.781959,2025-11-04 18:24:47.634782,0 days 01:01:05.852823,2.985753370750418,3.42099519267569,-3.4017177195299353,3.4627274412199647,-1.807054316835155,3.8034106023773226,2.251037944674927,1.3119153718295635,677.3349742023615,4030.1910598675076,4946.817748977243,7334.2112870424935,9242.054704011867,11852.716501548688,13896.477339093713,15399.408588135635,2567,4129,6701,8430,9769,11884,13504,15767,81,3140,4423,6206,7749,9869,11736,13677,0.8859545899123187,0.22960297881834732,0.47231303915586664,0.7274281159034623,0.816790310539797,0.14984042138954115,0.22852050067389204,0.09097664701884177,COMPLETE
8,0.3472882968601332,2025-11-04 18:24:47.882477,2025-11-04 19:26:10.843483,0 days 01:01:22.961006,2.6889471869770407,-3.3062078736423537,-0.4856479239238576,-3.052942701863066,-4.630141592041198,-2.2219153787946597,3.4045569865997862,-4.455101219372902,802.473975111693,2607.2917786418434,4940.831784968906,6237.328384659162,8518.238986678763,11427.08932890216,12338.737656658739,14421.079916515851,2243,4888,6305,8039,9481,11394,13198,16110,277,2239,4037,6238,7501,9994,11610,13438,0.6346170473577045,0.6075123499329007,0.48030358776843934,0.7703176948359257,0.06952607112276224,0.7546737495627435,0.474919243388548,0.5345980109854175,COMPLETE
9,0.4100856327307326,2025-11-04 19:26:11.183034,2025-11-04 20:27:12.940285,0 days 01:01:01.757251,0.28067618430700314,-1.8863929092528418,3.2167354202689857,-0.5970972897572056,-2.0501209952912145,-2.0876367872254944,-0.2272046192773569,0.40100791113013123,955.8538722953026,2693.07631049872,4847.951326375084,7359.178213939298,8353.752188646824,10667.791802406171,12383.902091576292,14244.421161156362,2525,4915,5981,7886,9766,11335,13678,15775,283,2817,4926,6388,7678,9995,11903,13676,0.40900859125734906,0.9845733592355659,0.8606780033677162,0.1454685901432952,0.09726627153687449,0.04604987022648592,0.2479272150246393,0.296012875437406,COMPLETE
10,0.5794481446241675,2025-11-04 20:27:13.237158,2025-11-04 21:28:26.777393,0 days 01:01:13.540235,-1.9468696439396052,1.2752611376634877,-4.292912084306028,1.7433004027330308,4.900585062392803,1.5002522985661524,-4.926747582394535,4.898423751046249,2464.876315363323,3287.069778200953,4529.174280594789,6743.946598233676,9791.151097745089,10143.294609403765,13828.799062151285,14955.284814495035,3070,3971,6474,7548,9555,11060,13161,15882,504,2583,4029,6624,8041,9541,11069,12835,0.010893923536835534,0.9198520939108867,0.07066908056209664,0.0574502941340746,0.35966855363718714,0.9753287500484197,0.7285161996855891,0.9883862768869753,COMPLETE
11,0.483349191246432,2025-11-04 21:28:27.078047,2025-11-04 22:29:41.669728,0 days 01:01:14.591681,-2.2738479568028405,1.6172354929814121,-4.799362026513883,1.6908206646831714,4.426681468016907,1.4976898201605684,-4.58048918311997,4.454164067457797,2396.686137814771,3200.142280956983,4538.7858282952575,6765.401713367351,8791.593376514375,10035.238785675036,13985.66839201629,14964.071016533742,3161,3990,6458,7535,9571,11056,13161,15866,499,2593,3953,6716,8027,9520,11061,12840,0.023823433785873607,0.9455974996896419,0.04182503821043626,0.056240397445796786,0.305536191444013,0.9909837047323747,0.7273429549660233,0.9918736955393775,COMPLETE
12,0.38867745004757376,2025-11-04 22:29:42.017806,2025-11-04 23:30:56.464336,0 days 01:01:14.446530,-1.8837880938059186,1.0212618458484184,-3.1992772511091117,1.5140198928393918,4.918007392211771,0.703429081208826,-3.9499042025091198,-4.83313754145764,2474.5761963308983,3395.426861151364,4507.702776291476,6561.7792472246565,9938.372147097074,11242.096965900228,13591.049661556699,14886.78519994333,3071,4211,6497,7680,9594,11085,13104,15910,505,2687,4146,6619,7935,9544,11094,12901,0.24404001330353345,0.8123994108353896,0.14919947470530803,0.0887364956461959,0.5119981227325102,0.9698602450783762,0.7306018827303339,0.768474534599746,COMPLETE
13,0.31874405328258804,2025-11-04 23:30:56.761060,2025-11-05 00:32:09.513246,0 days 01:01:12.752186,-0.4113080247106293,-2.4674767555290704,-4.677385049582909,1.9147821797238245,3.316574462289084,1.5719779915530143,-2.5530608683864946,4.71004379633034,2074.0567564217963,2989.3193437672817,5480.828149220791,6925.53163626867,9765.847301786258,10215.895324003608,13677.001803384468,15074.422517746963,2931,4078,6301,8233,9335,11202,12851,15674,412,2521,4131,6499,8167,9419,11265,13140,0.19604581360936751,0.8341362354789188,0.21900171411263036,0.01100385148201316,0.28454574713395636,0.7470507047974534,0.6700404113978556,0.7387924555133342,COMPLETE
14,0.4971455756422455,2025-11-05 00:32:09.775524,2025-11-05 01:33:31.966054,0 days 01:01:22.190530,-3.0780637231975234,1.962050269066276,-2.7087383097798057,-0.42720039822734734,2.778260106048094,4.836797274564954,-2.337526596860111,-2.331359079588615,2043.8286987795275,3343.5785215481606,4732.473591223572,6090.580954848698,9617.816503064247,11213.458893462985,13282.155543077548,14099.636802544399,2930,4332,6568,7713,9646,11515,13322,16003,409,2747,4209,6440,7838,9648,11245,13833,0.22091585308920003,0.4724748842568768,0.017201885785638527,0.9707023043510008,0.6199444933785564,0.7396960730360064,0.8370906550457403,0.998999938584634,COMPLETE
15,0.3082778306374881,2025-11-05 01:33:32.300146,2025-11-05 02:34:48.241776,0 days 01:01:15.941630,-0.9796884516665892,-1.583358831676661,-2.6036207635327306,3.139500086262859,-0.28824396868062596,-4.848385116966398,-2.7947256865541115,2.715151486851439,2164.070302344399,3573.310091316205,4711.087209665752,7512.654630093143,8850.293121466337,10505.54406052361,13606.554820187343,15117.27157868012,3018,4238,6304,7505,9417,11194,13366,16224,451,2964,3960,6570,8108,9398,11189,13001,0.11248195193514343,0.8923048778762167,0.28132987050604574,0.2334809233160346,0.17880048675324337,0.4324224920175437,0.5873302957679627,0.8352805945863044,COMPLETE
16,0.2878211227402474,2025-11-05 02:34:48.506988,2025-11-05 03:35:45.204245,0 days 01:00:56.697257,1.1773027848686066,0.6158043465763496,-4.096288624731351,0.7653737271078291,-2.4254638576061134,-0.09561015796485405,-0.5686093524807854,-3.349808488899212,1875.3709778759187,2850.656478293351,5752.847834800565,6544.78395331908,8582.496061392945,10931.086953385493,12942.840253150436,14791.801647033943,2793,3946,5908,8237,9281,11182,13047,15538,353,2463,4080,6308,8246,10231,11352,13272,0.3391768706559056,0.684587558251105,0.5914677366459673,0.4390568237179075,0.4062957445934482,0.6322741795569274,0.8318065033269917,0.6036302563856571,COMPLETE
17,0.45290199809705045,2025-11-05 03:35:45.533858,2025-11-05 04:36:51.844026,0 days 01:01:06.310168,-3.3267021085568116,2.472713009292353,-1.684791532087837,2.245592647498155,-0.009796481021911774,2.648758866445375,-4.6679004368930865,3.313730800482018,2293.8772195967067,3236.7451109407493,4715.424119721018,7854.0573855271805,9031.516104300696,11489.109880141837,13752.29890782853,15224.408575096631,3164,4077,6232,7721,9500,11502,13257,15760,462,2625,4297,6712,7837,9613,11153,13574,0.017308846301958777,0.7440415864506662,0.1302401589839955,0.18741637776283063,0.20022425695101298,0.869354482747542,0.36542600833402994,0.3891847809880728,COMPLETE
18,0.45956232159847765,2025-11-05 04:36:52.156513,2025-11-05 05:37:58.547410,0 days 01:01:06.390897,0.9645656196469019,-3.3736207641777227,0.24528510958640037,0.6309943330646848,3.3736427352268956,-3.434237407824397,-1.4346808856730582,-1.6053686880377902,1890.4732510435144,2564.83974860085,5517.785550915225,7049.912474304348,9909.810026071531,10228.010308150051,13434.368940696748,15996.329397570425,2820,4541,6566,8347,9674,11266,12842,15894,345,2410,4190,6587,8286,9812,12040,13084,0.154915396079772,0.5038418456994973,0.3120272795891976,0.4923040687592091,0.5752420552075826,0.5029092432989293,0.7823035160595893,0.44352413808219504,COMPLETE
19,0.3610846812559467,2025-11-05 05:37:58.919029,2025-11-05 06:39:04.553669,0 days 01:01:05.634640,-1.0035216887559368,-4.435726019603429,-2.141255683184198,-1.4347932016106872,1.15095399168221,0.7873517531107803,-3.6655914915096846,-3.891777170046102,408.20121709842624,3733.0755633733606,5054.641675662206,6279.380430458284,9572.09330029804,11150.350218268686,13076.716050436258,14762.805271890518,3026,4304,6366,8126,9482,11433,13069,15679,145,2957,4632,6373,8022,9762,11369,13360,0.3570461170341047,0.9973393135587268,0.16967597843848858,0.08249394320470274,0.4086198397627768,0.6317411670565669,0.9097821069710434,0.6893676308764434,COMPLETE
20,0.35727878211227404,2025-11-05 06:39:04.856521,2025-11-05 07:40:33.070962,0 days 01:01:28.214441,-3.47160227132689,4.945185369306091,-4.0220647249561035,2.676605034654764,-3.2479632234177043,-0.8494865438930339,-3.5179596201223884,1.755802547854603,2245.417390972722,3486.0141676924945,5384.9920676459815,6756.57869979721,9230.948370901146,10640.140859601099,12759.013414896219,15254.453383785523,2911,4032,6201,7606,10257,11123,13474,15994,435,2562,4036,6494,7879,9492,11282,12954,0.2905572450677989,0.8739538451752201,0.5791103714887942,0.34684170119509294,0.6559792170757572,0.8994973066455108,0.6206956381701013,0.9054409618585194,COMPLETE
21,0.5252140818268316,2025-11-05 07:40:33.412661,2025-11-05 08:41:35.631960,0 days 01:01:02.219299,-2.941603051067991,2.21295583985619,-3.0514529059373023,-0.20822342287971332,3.108381151693458,4.231578062305787,-2.0612671511696634,-1.8603375845197472,2030.8522858980405,3332.910894731622,4698.741065777034,6159.56490418913,9668.677116769823,11399.088025840492,13196.274126531087,14254.19551823491,2934,4349,6555,7648,9577,11569,13306,16017,510,2713,4209,6461,7831,9649,11210,13796,0.15950944334430445,0.5015480589714303,0.0225309215445489,0.9626981405802103,0.7039128120921941,0.7716862198519717,0.8647582794155773,0.9725237212019855,COMPLETE
22,0.2849666983824929,2025-11-05 08:41:35.911253,2025-11-05 09:42:48.746397,0 days 01:01:12.835144,-2.5502570002602654,2.689251321678045,-4.932529388782298,0.4298279293128453,4.089829150202138,4.326228232118838,-4.995551123153581,-2.2404234632296918,2494.176972337303,3066.9839757739796,4667.840565857448,6373.587158645494,9664.76309890061,11442.822579347856,13174.006099984192,14326.555607029059,3079,4165,6557,7642,9688,11594,13324,16145,487,2706,4389,6646,7791,9703,11154,13798,0.13174363329624178,0.42046145667412477,0.08683188549492571,0.9705678117034582,0.7213781470266285,0.8448166586426389,0.8987635580029356,0.8096273911740074,COMPLETE
23,0.3496669838249286,2025-11-05 09:42:49.079441,2025-11-05 10:42:13.103009,0 days 00:59:24.023568,-1.3179273572324142,0.7515982134399092,-3.562023894112574,1.2308846330856151,2.5096812253380465,2.326092652414091,-1.6945795092499938,-3.7181104506601317,2015.7174510062296,2824.8381149483444,4794.769074288949,6070.397037275132,9998.902875745443,11604.156949090977,13450.877513993006,14064.471915181208,2960,4386,6645,7789,9549,11614,13269,16235,504,2769,4199,6513,7960,9596,11056,13668,0.11892326816678148,0.5597841854662435,0.23977779294286694,0.8551118984370052,0.9471437184796345,0.8161448790168196,0.7363557366792376,0.9083078931962553,COMPLETE
24,0.33206470028544244,2025-11-05 10:42:13.307368,2025-11-05 11:44:10.448804,0 days 01:01:57.141436,-4.155479001990516,-1.0895423547263494,-4.062543694122004,-1.1741889235311775,4.05922799422823,2.5005686306054837,-3.1644728474879766,-0.6376245183146416,2211.4287639236245,3299.743315529056,4600.20213595222,6628.956006770664,9757.785838529147,11091.000001537985,12928.08865915268,14614.799975756521,2743,4502,6392,7576,9439,11285,13149,16497,392,2647,4085,6398,8081,9402,11184,13559,0.07613251134479447,0.16845560274475974,0.4031371524434716,0.13706767108909657,0.7178908151239787,0.9254277427190911,0.6779370417814108,0.9445246124355448,COMPLETE
25,0.4519505233111323,2025-11-05 11:44:10.814003,2025-11-05 12:44:40.245626,0 days 01:00:29.431623,-3.8191069246280986,1.405579558944997,-2.4785156719006607,0.01559868630258432,-0.9374692940449592,3.782309415564921,-1.5255165786771476,-4.990216425133588,1727.065871615299,3915.454062509596,5034.2996826093995,7637.8507814041905,9471.623384429324,11331.488773357309,13832.328124271577,14720.007599734807,3087,3946,6506,7784,9616,11444,13577,15993,327,2886,4272,6309,7901,9884,11125,13210,0.022238429592289347,0.7247753063232193,0.010807200211289624,0.5835183885853996,0.16276059719476504,0.5231650642514133,0.5391933251153297,0.5903370778684089,COMPLETE
26,0.37345385347288296,2025-11-05 12:44:40.581102,2025-11-05 13:43:42.656280,0 days 00:59:02.075178,-2.6466572723816997,0.15529236087674358,-3.233719165500947,2.6069331200225374,4.9336857800491245,4.969979049311323,-3.8890895386102455,4.001678644747002,1226.8021246663611,3471.5412224597335,4651.544828692835,7005.094062351506,9231.654303064151,10956.566160027283,13456.394901463384,14456.087028809572,2870,4296,6634,7988,9708,11127,13379,15821,461,2526,4004,6534,7655,9716,11307,13748,0.9933972844239176,0.6102015678833123,0.10292952637024777,0.7105320226959283,0.43729435384925647,0.6639592020631842,0.9161321171563748,0.8338349632056397,COMPLETE
27,0.3934348239771646,2025-11-05 13:43:42.932314,2025-11-05 14:42:38.325653,0 days 00:58:55.393339,-1.4437781601846817,2.225291281784923,-4.150619180270807,1.1379083706534876,2.6614980331954383,-3.2132831056805435,-4.23107057162308,-2.5787470790509097,2327.7043178734966,3169.720450333123,4786.289329960118,6000.072480707099,8622.603393608155,10798.590698769547,13142.400451012301,14226.567442029569,3002,4104,6352,7600,9558,11640,13276,15953,434,2167,4115,6674,8024,9290,11431,13482,0.1871859828959851,0.9172594028339708,0.21054604859657972,0.8708316528474915,0.24718617753733774,0.7963179352189673,0.7848255548277527,0.721464886568451,COMPLETE
28,0.5004757373929591,2025-11-05 14:42:38.947904,2025-11-05 15:41:22.166801,0 days 00:58:43.218897,0.27927229875698534,2.8663516913738056,-2.051088223530512,-1.8369979080538283,3.5540000394956834,0.6534098652217102,-0.8978199521286989,-1.2124640764641623,1929.3699978858656,2767.218495744575,5985.4200152811645,7286.5019652415795,8925.738000059617,11570.575746773571,12570.586077414475,14892.401610128158,2686,4643,5758,7777,9387,11226,12973,15689,464,2406,4350,6472,7544,9580,11207,13629,0.29777831436025626,0.414250386341096,0.33183081754058186,0.26089257120386555,0.5721421511312218,0.41904536419941935,0.9999200667308502,0.9487211952487246,COMPLETE
29,0.34110371075166507,2025-11-05 15:41:22.483802,2025-11-05 16:40:29.313339,0 days 00:59:06.829537,4.487905630179295,-2.642884627909822,-1.2390154697584506,-4.564702351317735,1.699704226528088,-1.4538625787452786,0.8698673251161155,0.5442780379070582,1639.1067264415378,2970.0076276890154,4884.000355276323,7632.059287648972,8040.3458748649955,11316.278268562499,12112.517080486967,14649.227330405387,3113,4196,6458,8402,9516,11830,13431,15586,509,2457,4528,6310,7783,9483,11118,13045,0.2502573626155969,0.31728043227405567,0.062020367962810796,0.4176061939707402,0.8208786285053788,0.6846161373526451,0.8611582769651001,0.4418115957313722,COMPLETE
30,0.4100856327307326,2025-11-05 16:40:29.622676,2025-11-05 17:39:23.925879,0 days 00:58:54.303203,-0.7441458828010026,-0.26999870070223997,0.4928269503581335,3.8242377076588543,0.8376904968868453,3.180691615397853,-2.216520215353352,-0.42116812619141264,2180.035392643861,3003.43552733072,4518.187504932667,6396.296757949687,9816.614698569982,11958.299920800673,13548.574367498304,14002.63251427337,2988,4025,6430,8498,9850,11392,13634,16045,414,2750,4225,6632,7948,9820,11226,13295,0.5047591828415019,0.5456234443655754,0.40296576912323345,0.013131350692675632,0.7140308857953535,0.5713965766735839,0.7958403709123287,0.8463876353549507,COMPLETE
31,0.5247383444338725,2025-11-05 17:39:24.281650,2025-11-05 18:37:48.282663,0 days 00:58:24.001013,0.36401180221701723,2.8118716183578103,-1.6318441055422144,-2.2077503856669987,3.473137941193807,0.6409768923693586,-0.8410017288952191,-1.539459830519459,1940.610101181159,2740.964754913513,5956.079649744763,7306.859735862103,8907.26332782963,11614.284702015488,12552.925416792685,14962.672089189045,2707,4637,5723,7767,9404,11252,12951,15663,470,2403,4359,6436,7568,9578,11220,13612,0.29808733485063377,0.4190063962057432,0.29507761070372934,0.2917371985468443,0.5543149854729681,0.3855952906496062,0.9959853373438444,0.9491997046141529,COMPLETE
32,0.4862036156041865,2025-11-05 18:37:48.542946,2025-11-05 19:36:10.741817,0 days 00:58:22.198871,-1.7855548314363732,3.30846955369295,-0.9147238322153339,-3.0443188838108917,2.229436970761966,1.7348634092977975,-3.181199933919736,-1.952463908342651,2094.4971469134534,2508.573415233442,5732.184157405937,7471.134326222212,9107.728636123567,11712.361806980853,12306.517389444485,15020.705318491582,2634,4658,5901,7656,9304,11137,12924,15827,477,2369,4476,6447,7607,9647,11115,13772,0.07867994188979631,0.287317988642955,0.2719679528516061,0.288383473065022,0.4641648071658963,0.309866277541162,0.9266942786772784,0.9974888647033899,COMPLETE
33,0.33444338725023787,2025-11-05 19:36:10.958576,2025-11-05 20:34:38.300873,0 days 00:58:27.342297,0.6645099440934856,4.126101706257177,-2.935157645319952,-0.617837874253692,-0.8476422989039631,-0.15054917442175697,0.6555206158607101,-2.9903073216342797,1782.4398433880806,2902.420992192633,5589.355231161574,7205.676686518777,8724.692173839101,11644.997930950936,12850.089281973143,15189.754245381186,2747,4473,6089,7876,9420,11144,13122,15603,431,2529,4328,6563,7848,9465,11437,13743,0.1500387083920934,0.4432891812743172,0.17901842485854752,0.1990165747180142,0.6226226246728718,0.454747601907855,0.8600630623485848,0.798619125682919,COMPLETE
34,0.3939105613701237,2025-11-05 20:34:38.510668,2025-11-05 21:33:32.236929,0 days 00:58:53.726261,1.9393004905843567,1.6349527558815056,-1.6127444683450176,-2.408496650331739,4.2904250451012595,0.3532339011405478,-1.914425811608793,-0.09600713907169389,2368.6453433900283,2669.519993954764,5016.275738044291,7754.840907884349,8986.463835403101,11354.773817769059,12589.587857610972,14544.126159607067,2863,4777,6138,7561,9372,12018,12896,15722,474,2636,4162,6185,7694,9331,11322,13615,0.40344772003584667,0.37305491509904015,0.3806418832110365,0.3240556506261592,0.8781402704810245,0.3425822184458171,0.9454918734821528,0.655046214629627,COMPLETE
35,0.3472882968601332,2025-11-05 21:33:32.518037,2025-11-05 22:32:31.420598,0 days 00:58:58.902561,-0.2616574498096803,1.0939519707904848,-3.770685008990477,0.0471340283586936,3.6811588765573986,-1.1070487731137937,0.26853473056902777,1.1187576358404714,1386.1381207170411,3092.5536505883956,5892.307275606775,7133.989507777835,8428.257828764332,11773.23810598622,12738.724875581549,15340.093283846272,3044,4642,6007,7740,9443,11252,13057,15639,377,2316,4252,6374,8485,9937,11056,13377,0.07065898980500884,0.6737699621363862,0.541892055860148,0.14340499784280633,0.38808204236722704,0.2719050982824186,0.674749713191386,0.9341196317357416,COMPLETE
36,0.2849666983824929,2025-11-05 22:32:31.699162,2025-11-05 23:31:17.350441,0 days 00:58:45.651279,-2.1347500801139625,-0.6427247847799616,-4.510367163608251,-4.981549051801348,3.1227301909887863,1.1631957640686323,-1.0857681236269352,-1.034962385277057,1524.0951055995245,3654.9420783428072,5268.927129280288,6897.224799073491,9403.75513318198,11073.54661795589,13177.05840118149,14851.543049574624,3115,4840,5867,7942,9612,11064,13008,15504,309,2584,4540,6587,8082,9729,11506,13504,0.1835209646764859,0.5412342192037398,0.10889447734346347,0.5044150655866932,0.012727384223317428,0.5719837371135617,0.9824386486330108,0.8861436550144742,COMPLETE
37,0.346336822074215,2025-11-05 23:31:17.668356,2025-11-06 00:30:19.671697,0 days 00:59:02.003341,-2.931419340078533,3.034442412521419,4.717029771071215,-1.104572231284001,0.36156141461950764,2.033759092327802,-4.357338032199859,-2.990757495309654,1746.6061394213252,2744.5284755800917,5143.371036858283,7455.552990820503,9147.98620597889,10763.26916333744,13319.926686778208,15687.110265853435,2293,4260,6619,7847,9348,11339,13221,15820,442,2494,4381,6061,7610,9561,11210,13423,0.30487607163656805,0.8393931222526603,0.4313391333264394,0.6320389286093713,0.5388557472090001,0.48278659747527614,0.8701788438646781,0.1588037132560997,COMPLETE
38,0.47288296860133205,2025-11-06 00:30:19.932972,2025-11-06 01:29:11.858219,0 days 00:58:51.925247,-4.987063469920242,3.9715915714528274,-0.462253041227187,4.291526299020578,2.0183397157656344,-2.832850907560719,-2.772865639753525,2.2625290332984753,2009.771617833455,2904.4055953863653,4613.537446213275,6676.512874765581,8687.927261592959,11520.273648032191,12479.499504343723,14986.30379838902,2409,4363,6253,7501,10036,11680,13181,15561,159,2685,4313,5743,7732,9661,11408,13200,0.09720417023040312,0.13387424600892872,0.3450621406410677,0.3858652301842319,0.3565153352188027,0.4023715828623321,0.765495287147626,0.8696483994955202,COMPLETE
39,0.34110371075166507,2025-11-06 01:29:12.097000,2025-11-06 02:27:56.799938,0 days 00:58:44.702938,3.5353084300772277,0.14533330289673518,1.0445000795683295,-4.056344601811331,-1.4959495097864584,2.9095496530554206,1.6821122280781378,0.8740178925661917,1896.9003244839005,3269.9697855934764,4837.181132643955,7244.903249265553,8183.248633382272,11964.909072077382,12221.575895931262,14487.214828514483,2874,4722,6037,7642,9721,11770,12930,16182,90,2836,4433,5838,8168,10105,11607,13547,0.6805955689616563,0.34492106936793754,0.2751388492324008,0.22087732678888994,0.11256792927619866,0.2246747170459581,0.8163355888135431,0.7660767192533572,COMPLETE
40,0.3882017126546147,2025-11-06 02:27:57.074889,2025-11-06 03:26:32.564500,0 days 00:58:35.489611,1.871757373313232,2.0181106703486353,-2.2797894837759265,3.2060513184287687,-2.7655671488509936,3.7487822574365675,-4.957177756526488,-4.1046409050402355,1309.0605931823184,3425.3335371235635,5646.920045287272,6909.756624883176,8872.781126145996,10905.01920760586,13047.483885592213,14365.399660691834,2588,4582,5825,8100,9821,11551,13453,16064,244,3116,4726,6429,7554,9815,11162,13713,0.4194638397854306,0.659530309004341,0.9998369292784398,0.1168616516646094,0.4743054055381884,0.9369368458780398,0.9620804922341558,0.9635281726298135,COMPLETE
41,0.5047573739295909,2025-11-06 03:26:32.779919,2025-11-06 04:25:17.605494,0 days 00:58:44.825575,0.2613655984625829,2.855548255597819,-1.6733108475766612,-1.6126746556715559,3.8443998185929082,-0.4219859369851595,-1.1649723423461014,-1.2130437372054452,1840.256613477376,2750.7803520939074,5978.253953327893,7304.571180171321,8935.179938583531,11604.223726791895,12589.009245276593,14915.350387188899,2696,4441,5742,7792,9396,11235,12981,15690,475,2332,4371,6479,7520,9582,11226,13611,0.2591943647102074,0.39524468362408793,0.36350085267345567,0.28331100510308627,0.5730215545524948,0.393265146666733,0.9934252144323747,0.9410669884968113,COMPLETE
42,0.3972407231208373,2025-11-06 04:25:17.867610,2025-11-06 05:23:54.902061,0 days 00:58:37.034451,0.587484323938144,4.65817326311868,-1.6667555042228146,-2.703421869888445,4.553324951687711,-0.5106761135502103,-0.15123050715343456,-0.15572245892611236,1668.267039538278,4446.482910451845,5982.665428947865,7095.141419142913,9028.846102206493,11842.444044453472,12653.77339131669,14694.221574201365,2718,4420,5728,7925,9520,11307,13002,15643,486,2355,4468,6538,7535,9532,11243,13607,0.5428903726438894,0.48316453594506403,0.770206816936134,0.31171523471428814,0.6751687322712028,0.3805871750783552,0.8884688207979563,0.9101397692916918,COMPLETE
43,0.346336822074215,2025-11-06 05:23:55.109459,2025-11-06 06:23:04.360234,0 days 00:59:09.250775,-0.1077983255282946,3.62581495190338,-3.4257889189087747,-2.079885177656884,3.841768136214567,-1.5312423895161826,-0.8212394324777689,-0.9383195277586012,1826.7775637028801,2652.111198231816,5850.372557562295,7362.846460119136,9306.510678525186,11396.930927240488,12030.05545399442,15094.057517110132,2606,4451,6715,8209,9458,11165,13095,15744,392,2224,4262,6274,7502,9622,11114,13461,0.24223822600664469,0.775774533031478,0.5085577826243828,0.17174587063246244,0.5985023006443809,0.3034494046977369,0.9984140416641595,0.9659982112137767,COMPLETE
44,0.7916270218839201,2025-11-06 06:23:04.724407,2025-11-06 07:21:54.631111,0 days 00:58:49.906704,-0.5942688214269739,2.503261665125832,-0.33885953897943333,-1.4752457347656942,3.1017159960602214,1.190192559929621,-3.3087814016472583,-1.332439998977597,2123.671267300873,3115.075214739994,5880.3917924408515,7350.602871661748,8779.942240034366,11710.864797143904,12483.312401762627,14915.143320174699,2515,4153,5915,7692,9395,11100,13032,15933,7,2291,4355,6148,7656,9681,11739,13686,0.016992970904844584,0.38325035566745697,0.4614810036971653,0.2581915394512268,0.7925868715425429,0.18932436026030655,0.9450478704880845,0.2796431521948731,COMPLETE
45,0.7935299714557564,2025-11-06 07:21:54.994823,2025-11-06 08:20:50.838039,0 days 00:58:55.843216,-0.6814889994688678,1.7182356637175813,-0.2629515812726062,-0.9616399118475992,2.8610338376196056,1.1511650442283416,-3.3374884255663164,-1.8550002345236332,2405.311835261814,3167.050155222425,5707.373559149646,7539.183531453177,8792.292196036167,11246.906535169635,12442.983151640343,15322.155758242721,2477,4138,5955,7695,9332,11089,13137,15945,18,2285,4074,6105,7639,9687,11725,13696,0.02000676784961729,0.21994718031336782,0.4609482551576353,0.052793126668674376,0.7810333602211209,0.06785929626343902,0.9304728718252862,0.24177218781395793,COMPLETE
46,0.4043767840152236,2025-11-06 08:20:51.101564,2025-11-06 09:19:42.162517,0 days 00:58:51.060953,-0.6593629099155487,0.5880030965521748,1.7959246485061473,4.943360855892034,1.2993185152731441,1.2123094450314023,-3.290767553549368,-1.8514932467862704,2407.041038355408,3167.854230491209,5776.088809555701,7555.661973659529,8529.30747256161,11220.018161168757,12460.8005821494,15501.529077386658,2490,4148,5957,7675,9331,11105,13146,15907,29,2183,4062,6142,7780,9695,11736,13811,0.043924030026618155,0.21654832319033038,0.6739896596508146,0.048452653474217,0.7829398311163898,0.02716026806517724,0.7129192737711283,0.31163548864842755,COMPLETE
47,0.4904852521408183,2025-11-06 09:19:42.489234,2025-11-06 10:18:37.163149,0 days 00:58:54.673915,-1.7816627027120027,1.2281011722741586,2.9222807374257544,-0.7197709241791834,-0.4266505483866382,1.9989649021510565,-4.0717004698833295,-2.350175793211355,2117.7625890860363,3373.7144181519257,5378.588642553265,7394.925095751653,8790.047548929255,10074.966081847986,13970.110531199034,15355.797808291145,2387,4045,5951,7611,9278,11084,13217,15935,11,2281,4001,6032,7665,9770,11786,13695,0.011022488588344932,0.10775981706081478,0.45929712494713504,0.09232287359814842,0.7873016944664069,0.12313198856715171,0.6311268472019851,0.26487314211039664,COMPLETE
48,0.4300666032350143,2025-11-06 10:18:37.413268,2025-11-06 11:17:07.558341,0 days 00:58:30.145073,-1.3746406181544484,1.7749748234389418,-0.3293367767696693,1.9492757050224303,3.0032480206839223,-4.133390264604263,-2.8784732552871413,-3.295143762648594,2280.974545116846,3101.962989364214,4549.393299774593,7797.21447154352,8673.054752455326,11136.901192421361,12832.780838801897,14824.196253973678,2439,3990,6121,7713,9552,11062,13384,16118,59,2782,4120,6092,7722,9923,11923,13720,0.04780905392822714,0.06462142239833257,0.4966421368957489,0.04790290094600171,0.8715732006913236,0.09045742592500934,0.8316270837673152,0.11240216724660368,COMPLETE
49,0.4495718363463368,2025-11-06 11:17:07.876927,2025-11-06 12:16:15.681790,0 days 00:59:07.804863,-2.3194387196269073,2.298069087089862,1.6143846039222307,-0.28412832504934116,2.19785022524981,1.2262310803410843,3.3704480102545826,-4.412230818550275,2382.657609718269,3606.323756542008,5661.3915044872065,7708.778315002741,8331.906790448456,11273.038453341233,12295.871081509393,15624.801910547792,2514,4113,5820,7536,9494,11182,13296,15853,109,2219,4002,5952,7976,9750,11644,12851,0.8116670253257041,0.257636106190629,0.6780188955881137,0.2327997092676274,0.9536183381106987,0.19933312587843915,0.3899792398708843,0.22062741302915367,COMPLETE
50,0.3073263558515699,2025-11-06 12:16:15.991022,2025-11-06 13:15:57.821488,0 days 00:59:41.830466,-1.0885000182501767,-3.734543336065382,2.488114544212161,-0.9960015812740812,-4.059539043704474,0.2673094368652489,-3.7147500778494313,0.25975051768720264,2460.2969345399724,3223.696293745874,5188.44900440169,6418.20163078332,9562.08777364579,11019.80630503691,13258.63676843662,15152.388580103621,2355,4204,6521,7820,9622,11100,13800,16282,194,2591,4169,6174,7632,9670,11863,13661,0.15262021795959652,0.20582176905407473,0.6044113288110096,0.16783854398241677,0.9878045326639182,0.15466740501893184,0.033140836772126925,0.02990496692649755,COMPLETE
51,0.37059942911512844,2025-11-06 13:15:58.097191,2025-11-06 14:15:27.222980,0 days 00:59:29.125789,1.1721373120658907,2.4205267115024234,-0.9521238035254492,-1.56043408691065,4.766054966907011,0.9290806828169323,-2.235349764417523,-1.5048617412195893,1977.4054349879593,3038.7024325011726,5905.32953153752,7176.41931112861,8822.806188773506,11713.194492333596,12438.389751978902,15016.594256567694,2171,4074,5872,7734,9354,11208,13031,15952,39,2412,3948,6236,7573,9632,11780,13773,0.10112931126807828,0.4555241823281684,0.4377984596730923,0.36947476364752996,0.7608243854938264,0.06131859900020777,0.9411163648409153,0.41845176929092454,COMPLETE
52,0.6579448144624167,2025-11-06 14:15:27.649842,2025-11-06 15:15:05.159178,0 days 00:59:37.509336,-0.004694032995978974,3.3260308224349258,-0.07165013252321684,-3.5819999567467073,3.01398530906945,0.12105758784518694,-4.437940838688601,-1.8042426705534715,2144.0815986058346,2955.2652860643066,5811.079395087912,7418.257912197738,8752.653204084223,11484.322157391727,12236.79362168843,15286.184898620586,2563,3993,6179,7688,9457,11164,13101,16029,72,2260,4294,6101,7582,9505,11665,13140,0.051279716527904154,0.32777989121231127,0.05726250384442479,0.10482397895624795,0.8438169777819754,0.10102729302109087,0.884694863213063,0.3620942639616932,COMPLETE
53,0.346336822074215,2025-11-06 15:15:05.482608,2025-11-06 16:14:37.454146,0 days 00:59:31.971538,-0.38824323542147143,3.3488712270493037,0.6758330552261502,0.30901855557890445,3.0292262467021596,0.3419259449899539,-4.430918393038625,-2.553184580694851,2153.2701660040507,3128.8901237109653,5816.891013294503,7968.746446049902,8716.223435382859,11483.41070142734,12226.652803590312,15311.993357820744,2549,3986,6073,7550,9477,11150,13234,16036,4,2260,4294,6007,7697,9429,11705,13122,0.06175228494739862,0.3339609800108156,0.046718052091556904,0.08678349463511364,0.8532050996683075,0.104259656577667,0.7470592756290613,0.3636583400607874,COMPLETE
54,0.7459562321598477,2025-11-06 16:14:37.652331,2025-11-06 17:14:18.533884,0 days 00:59:40.881553,-0.5695228527164133,-1.1910819097851097,-0.03195791599299355,-3.9424920511966937,-1.4582748698384815,-2.3954413096885854,-4.783182442433098,-2.007626780626305,2246.0862784142328,3300.784089721603,5691.59475058275,7438.022060389495,8495.029662445311,10369.976900095971,12023.348027655147,15411.686465668068,2462,4176,6166,7683,9521,11058,13093,16018,54,2306,4234,6112,7894,9527,11576,12976,0.012319871550530437,0.27350086123375544,0.06896476334937929,0.012355218429400593,0.8272789814984857,0.05584549861244645,0.16647397310399603,0.20867695075416556,COMPLETE
55,0.7316841103710752,2025-11-06 17:14:18.774149,2025-11-06 18:13:53.956061,0 days 00:59:35.181912,0.07108820081037817,-1.365600898989261,1.2352780910115353,-3.8288496201883273,-1.9100382599098928,-2.446048145586641,-4.69601095048723,-0.7231862928619492,2261.4672382581357,2931.0102997932854,5709.173161760864,7437.9152749341465,8457.205299696874,10315.892045766108,12040.707384141533,15473.66418517548,2454,4160,6171,7694,9314,11055,13100,15973,71,2204,4226,6121,7920,9346,11624,12946,0.03931100498145654,0.2540109429248284,0.15552494407754464,0.014935158181676289,0.8958367215858313,0.1916188044993961,0.13634250891169825,0.2467598059770105,COMPLETE
56,0.37059942911512844,2025-11-06 18:13:54.166885,2025-11-06 19:13:37.879231,0 days 00:59:43.712346,-0.6064191690123422,-1.3493733794637814,0.008541897384577448,-3.6323221371192274,-1.5651960763305632,-1.9235742661431032,-4.508698242106388,-0.7025072892969937,2246.8469411691017,2892.8683524503576,5719.467808288209,7556.233086375692,8493.658920918228,10356.823270396935,12013.9043090141,15431.250113466815,2460,4165,6173,7691,9332,11110,13091,15977,57,2300,4234,6126,7911,9328,11556,12938,0.054704222124454874,0.2736998255085703,0.1678918798899754,0.016227009495592658,0.9262161996656899,0.05951035137242793,0.11614790446260326,0.202347776654577,COMPLETE
57,0.7207421503330161,2025-11-06 19:13:38.207496,2025-11-06 20:15:05.082681,0 days 01:01:26.875185,0.006237615063743429,-1.915375695780362,1.0796292447181188,-3.657784368964836,-2.035010578551184,-2.5708290388665436,-4.7072259948456665,-3.44231202206311,2324.228063927349,3005.8664189570427,5550.579546847085,7396.132710080831,8377.646728177819,10432.870437811447,12127.797163274152,15550.425590820252,2335,4269,6241,8285,9295,11056,13112,16095,120,2199,4408,6082,7871,9373,11653,13023,0.10094603795069965,0.24021410472852336,0.23904855676678374,0.10794786781968449,0.8374984124722015,0.011128260582296823,0.15098475578094792,0.2658510403921889,COMPLETE
58,0.7169362511893435,2025-11-06 20:15:05.474713,2025-11-06 21:16:57.568600,0 days 01:01:52.093887,1.3938390656817523,-1.536784932051804,1.1012266112618478,-3.6643264001135902,-2.185242365115794,-2.5033200149298085,-4.047070718785479,-2.10924744217487,2320.458081645193,2967.673294445341,5544.360722378131,7432.707433872221,8333.94258580648,10359.087955272418,12136.311244248178,15804.414504395305,2334,4239,6269,8027,9311,11055,13123,16089,117,2198,4421,5974,7809,9372,11655,12991,0.11767129792773914,0.17326049574199043,0.12254587792162866,0.11035427792469227,0.837772520372327,0.18883144048994255,0.16053958833426807,0.247074847645878,COMPLETE
59,0.3306374881065652,2025-11-06 21:16:57.965186,2025-11-06 22:19:09.490910,0 days 01:02:11.525724,2.4216143789873605,-2.329141971957166,1.0634807829215176,-4.215937876789465,-2.2130078686314687,-2.6105364420537933,-3.5193264436867984,-2.7164460236510566,2301.406253683904,2820.1230449024997,5502.176214417137,7703.921293835537,8265.270407178697,10430.793675491972,12116.181764748973,15878.773533617712,2331,4250,6278,7993,9305,11085,13033,16096,109,2195,4591,5995,7870,9360,11589,12998,0.11987973147850316,0.2446390836676361,0.13084129296709468,0.06054908353785565,0.9126367080581457,0.0104814613114948,0.1490185136818416,0.27075433345142624,COMPLETE
60,0.7121788772597526,2025-11-06 22:19:09.881925,2025-11-06 23:21:19.694591,0 days 01:02:09.812666,1.4615052413135992,-1.891830437692092,1.5013979156389825,-3.310117763561882,-2.8274893432610124,-2.478029716646975,-4.016369746565007,-3.460633486084091,2395.9300114473926,3047.911910936204,5555.990841561778,7509.779356289323,8443.602384039792,10286.489621897337,12109.086655661278,15755.406200437925,2255,4293,6216,8303,9306,11058,13183,16141,131,2211,4417,5891,7800,9277,11702,12917,0.010196578951252512,0.1855974254676528,0.18124655127214032,0.14282832108326046,0.7611673921240187,0.18812285809817314,0.24260233557421157,0.15416943046268483,COMPLETE
61,0.7069457659372027,2025-11-06 23:21:19.926571,2025-11-07 00:23:32.706394,0 days 01:02:12.779823,1.519931728459511,-1.9909376832586811,1.3532004562281679,-3.246268468288804,-2.8146510480820237,-3.721589572959406,-4.735637449791065,-3.483340861890853,2445.50557658696,3030.4013807766346,5584.249056382148,7539.218643561223,8366.712590381703,10252.383521277592,12128.641535541155,15814.8147969841,2246,4286,6228,8335,9309,11057,13187,16150,129,2221,4397,5876,7819,9369,11697,12882,0.012933371130296807,0.1818848850687404,0.23493462676914,0.13101579941384323,0.7721291381894836,0.19265208706658468,0.22634501235846452,0.17089308932353048,COMPLETE
62,0.7735490009514748,2025-11-07 00:23:32.960776,2025-11-07 01:25:54.946815,0 days 01:02:21.986039,0.8865600357457808,-1.7593311801658902,2.278316071319388,-4.137954439878746,-3.4560479502053907,-2.703922645441846,-3.9897853194783655,-4.2476689539764,2351.2217550690043,3166.0716088862373,5450.1396565984305,7449.0064327431455,8117.996793458533,10320.828760149296,12062.796930108972,15556.170025340803,2294,4190,6343,8276,9368,11114,13140,16075,37,2293,4418,5943,7914,9295,11633,12952,0.09671139672115503,0.15260202373347512,0.1947850539262864,0.045545083791208536,0.8218382290157497,0.13558033032189376,0.17695114373370166,0.12478767477694402,COMPLETE
63,0.7725975261655567,2025-11-07 01:25:55.251710,2025-11-07 02:28:13.375056,0 days 01:02:18.123346,0.7028151780356056,-1.0985429521387888,2.1639222980701764,-4.104846609129319,-3.3052463515900095,-3.0788016948359025,-4.143029040957272,-4.511827095716031,2331.7497677592146,3181.951782753816,5664.673051571735,7613.373948410246,8120.032053857167,10576.403612950347,12004.893092322736,15576.323018981038,2320,4194,6341,8255,9371,11114,13122,16070,40,2300,4452,5963,7902,9436,11652,12980,0.2131238187579393,0.13878660961569697,0.20980221456537582,0.040787851976959895,0.8218770313899144,0.13431766238785658,0.17333749442232257,0.11078625659718253,COMPLETE
64,0.5404376784015223,2025-11-07 02:28:13.707909,2025-11-07 03:30:28.763392,0 days 01:02:15.055483,0.858898701615457,-0.8188392983241592,2.4234268818384153,-4.127773929931377,-3.369687922562197,-2.9626917844832743,-3.452608297614895,-4.335191942873304,2210.594774395554,3201.2826659253283,5450.946442232636,7605.687786671189,8131.758859725301,10552.172415482328,12053.18371782186,15522.19936693001,2288,4186,6337,8188,9365,11111,13069,16190,45,2295,4460,5943,7989,9468,11555,13085,0.2108638453598354,0.04647183560649498,0.21677919153727943,0.011338513401573894,0.8997545344737261,0.1311928125953023,0.30587216082963214,0.08931397757624873,COMPLETE
65,0.7735490009514748,2025-11-07 03:30:28.995461,2025-11-07 04:32:41.219002,0 days 01:02:12.223541,0.12545248778747098,-2.856482311727344,3.655615831037178,-4.467026060326954,-3.8160386139821143,-1.8100413949074292,-4.692817513423695,-4.732892601428098,1065.7486043467734,3322.23838066406,5691.607394718543,7667.054200783162,8075.064738284845,10621.117487661732,12192.979928328343,15641.485692151024,2430,4129,6313,8447,9417,11196,13154,16070,24,2359,4502,6073,7915,9424,11632,12956,0.09576604473560235,0.13693828978953854,0.8669674756672064,0.052038804974931165,0.7381544874168874,0.07548112146609882,0.0917533226744589,0.1330143698883421,COMPLETE
66,0.46907706945765937,2025-11-07 04:32:41.523160,2025-11-07 05:35:03.979783,0 days 01:02:22.456623,0.9538094161926643,-2.8950605855034093,3.4382936149210224,-4.5268379671149805,-4.71427023468884,-1.8694931576396245,-3.7905085450585227,-4.729208868042244,409.4760595794853,3307.835491725276,5675.070640833936,7689.943689027984,8059.374005696235,10578.100488904,12191.020636042926,15634.00373364053,2412,4107,6396,8441,9430,11204,13154,15932,23,2361,4583,5803,7936,9429,11508,12969,0.08377655628583928,0.12425589546646142,0.8692756048305913,0.04881645519079194,0.7450125671097685,0.07375090548752358,0.07821176707434764,0.12969420117504554,COMPLETE
67,0.4538534728829686,2025-11-07 05:35:04.312209,2025-11-07 06:37:13.929591,0 days 01:02:09.617382,0.5661749413263687,-1.146276323221041,3.889563666171126,-4.925414176853824,-4.179387925356944,-3.537530701228624,-3.057912334864504,-3.9424174207193645,1033.0365371980301,3527.20794417336,5701.234296586946,7849.236371309733,8123.53596352491,10150.754858338949,12398.21582965938,15441.771685364894,2199,4133,6325,8407,9388,11140,13019,15977,1,2244,4499,6151,7765,9325,11750,12888,0.18280572706235293,0.09142896379451354,0.8291822776310709,0.06701364095241039,0.9838451263102772,0.2647584451428153,0.18904442051715736,0.04665669922715199,COMPLETE
68,0.6022835394862036,2025-11-07 06:37:14.276314,2025-11-07 07:39:23.423695,0 days 01:02:09.147381,-0.9317297704123616,-0.23526154977360902,2.1547881557368993,-2.8396895733358267,-3.583077916536495,-4.019235935822728,-4.1587330052017615,-4.698182386595854,1024.7830872236457,3432.9003852703668,5625.485848341515,7651.277151596891,8241.852234658852,10633.206309069506,12345.467608744952,15607.21961694518,2454,4214,6368,8261,9416,11183,13064,16060,91,2438,4682,6040,7909,9437,11589,13054,0.1390301258731565,0.01790548392203839,0.08770189701184276,0.03561547165935039,0.8033495760330471,0.16060859199533592,0.010336636449126996,0.1890039895716709,COMPLETE
69,0.7164605137963844,2025-11-07 07:39:23.772666,2025-11-07 08:40:23.096491,0 days 01:00:59.323825,0.11670658286518276,-3.3178283210774726,3.647921624215648,-4.384767873653346,-3.933490862037894,-4.693784896975635,-4.948227054380757,-4.185534060354802,647.2272445638008,3146.1474179842576,5437.601315976751,7929.467554229295,8015.443168670401,10697.28626416549,12049.851441455681,15722.803084943715,2501,4170,6140,8368,9367,11129,13139,16005,68,2325,4537,6193,7998,9303,11622,12927,0.03934391971903049,0.14363205991845837,0.5575477338990644,0.07981300564143992,0.6752561890253997,0.23322977601919653,0.09491431624578925,0.07033227234365687,COMPLETE
70,0.30019029495718363,2025-11-07 08:40:23.455367,2025-11-07 09:40:39.086270,0 days 01:00:15.630903,-0.43824404045047793,-3.8248442997799286,0.582133205909584,-4.712546857674139,-4.9832864121289715,-3.126512713795043,-2.551874310169995,-0.33835149236877565,2235.023849209028,3256.8812263924974,5789.935103628003,7252.791268357771,8124.543270816201,10353.639194970132,12279.63045498403,15397.77050266574,2418,4094,6027,8463,9339,11100,12896,15875,42,2376,4899,5928,7892,9396,11833,12963,0.1737954989328299,0.29816589430399404,0.6276422851929836,0.17499061446216374,0.8043688251048651,0.05340401148709967,0.2855134596239911,0.010800080232765977,COMPLETE
71,0.7706945765937203,2025-11-07 09:40:39.470180,2025-11-07 10:40:56.971874,0 days 01:00:17.501694,-0.07532856433355273,-2.2767988972892175,0.34751544846290927,-3.99524176771818,-1.765746006682864,-2.278000776143651,-4.6731661533840505,-4.5068740576225075,2336.698235175587,3370.628920363204,5857.3167457541995,7460.501623398667,8601.742164434958,10421.438289325595,12006.742522765471,15548.46065798,2370,4140,6295,8136,9394,11165,13086,16063,30,2279,4446,6077,7865,9386,11725,13025,0.10247407967840853,0.2203349491984819,0.26185987831753066,0.03720019896448257,0.8693082274923117,0.12731361993254714,0.14244112236649203,0.239031798828698,COMPLETE
72,0.3967649857278782,2025-11-07 10:40:57.305047,2025-11-07 11:41:02.175957,0 days 01:00:04.870910,-0.7932688912145032,-2.2342944447700863,-0.6969538164982305,-3.891278675449601,-3.0885955064727337,-2.300907622358254,-4.642958814678094,-4.981756151921187,2479.4924332719916,3361.0810557432424,5886.7787630357325,7512.18026181402,8522.846939096708,10496.978442228308,12004.278014174155,15682.350701145433,2373,4138,6304,8156,9390,11223,13079,16071,28,2287,4445,6061,8061,9461,11788,13085,0.08394683755337419,0.20798712933492644,0.1452592765464355,0.02386899640379847,0.8800912353213202,0.12845942755226336,0.19851548241213982,0.127451772857732,COMPLETE
73,0.3934348239771646,2025-11-07 11:41:02.550371,2025-11-07 12:41:17.575694,0 days 01:00:15.025323,-0.31298783982284734,-2.8867743443092113,0.20315903561348547,-3.9660772313653507,-3.74307097909253,-1.7222063339034022,-4.199694943999759,-4.695481532125352,2073.877788626239,3210.5695664289356,5617.3517747339965,7781.696869062838,8603.411295201191,10191.255600971708,12080.118497607917,15461.68749525316,2476,4157,6423,8111,9522,11170,13254,16022,55,2258,4509,6021,7954,9404,11683,12858,0.13721084834146824,0.15483426955391835,0.19469897151427967,0.06788818599734961,0.9471909884108713,0.09526239820490125,0.11847000176360344,0.22726380063700546,COMPLETE
74,0.7335870599429115,2025-11-07 12:41:17.918327,2025-11-07 13:41:26.109144,0 days 01:00:08.190817,0.37591495380717266,-1.5740212810439578,2.6906913459764623,-2.6601000273337205,-2.4471038199792794,-0.9768062243179672,-3.5830109517663753,-4.474297023910171,2356.125156000885,3524.277080772059,5743.275287688399,7580.981983406376,8658.983730840673,10303.305430426739,12187.09534458475,15534.768112014595,2532,4059,6194,8062,9459,11088,13043,15967,83,2335,4334,6113,8122,9341,11745,12983,0.03397322137677555,0.08674972502267025,0.32128599500896404,0.03907289446617065,0.8654876818040137,0.13981348919434752,0.06048398332670231,0.3479947952127186,COMPLETE
75,0.7816365366317792,2025-11-07 13:41:26.555531,2025-11-07 14:41:45.724724,0 days 01:00:19.169193,0.6543998944736518,-2.709493608184686,2.921830192098388,-2.4295615786595035,-2.4302310613538145,-1.0529111501380604,-3.7985561500277414,-3.7737410301924714,2355.8813958590003,3541.3379417380884,5851.517398949966,7347.560473953901,8573.379448850415,10451.066333965256,12173.154923025453,15389.729539081218,2524,4048,6286,8047,9469,11282,12960,15922,13,2346,4328,5977,7854,9513,11743,13022,0.07210957989440736,0.07208575769294483,0.3076079816332417,0.1546080137146747,0.7387418418389711,0.15932147265050298,0.18069894992915847,0.3454367968004202,COMPLETE
76,0.7878211227402474,2025-11-07 14:41:46.006307,2025-11-07 15:41:56.275021,0 days 01:00:10.268714,0.6661430267681454,-4.813160148745517,3.940333005165969,-3.3098763119070047,-4.448719333217662,-1.2458578130281093,-3.8387923916664994,-3.7585577142335307,2439.37341416763,3827.761793933355,5864.224379760957,7373.375046903593,8560.750258870099,10561.197415598783,12170.865275558155,15239.191405456568,2296,4015,6280,8085,9426,11281,12874,16114,18,2385,4360,5978,7856,9509,11713,13022,0.20952003876608344,0.05306895145599824,0.2618161444066243,0.15895257477776498,0.7366317093145629,0.08126070835512349,0.19687960269872828,0.3231167071836951,COMPLETE
77,0.3425309229305423,2025-11-07 15:41:56.586654,2025-11-07 16:42:00.087153,0 days 01:00:03.500499,1.7955983906671937,-4.68212754224754,4.095259124779472,-3.2901864911002057,-3.5208176581996375,-1.3064579083392034,-3.342096218157168,-3.995206560186296,2438.5266776786375,3960.333594997744,5916.066366758829,7357.4271859253095,8570.764048990359,10730.325151237548,12362.127836143882,15259.46649345242,2267,4008,6292,8071,9420,11285,12894,16127,18,2429,4555,5977,7842,9497,11811,13025,0.3363226078588152,0.0289800834843415,0.2533249635706225,0.1473553830589724,0.7411896882633956,0.2684929593441707,0.20609208546844293,0.3009801663407172,COMPLETE
78,0.35632730732635587,2025-11-07 16:42:00.383176,2025-11-07 17:42:02.887218,0 days 01:00:02.504042,2.2154983470844836,-4.1492534674774495,4.6678170853333105,-2.331761060932714,-4.363859599974554,-1.257754260989216,-3.837152042772782,-3.759774975897416,2493.9031512427937,3749.859523818285,5854.326443663657,7335.680595045895,8196.619747772585,10858.594018876656,12172.791276121938,15181.83736177614,2213,4028,6392,8150,9483,11339,12875,16167,34,2383,4491,5920,7767,9463,11728,13065,0.210178323268317,0.05726550085816875,0.3015241184748495,0.20215884509560578,0.6426414475126518,0.1601315766126457,0.3024302527967206,0.48249797037502246,COMPLETE
79,0.3977164605137964,2025-11-07 17:42:03.293908,2025-11-07 18:42:10.018362,0 days 01:00:06.724454,1.2351821770225364,-2.740682646256499,3.060759033830201,-1.9324729406911765,-4.44341889942093,-0.8627710792715217,-3.002339924049817,-3.043697523720202,2353.317380070703,3465.111673174451,5931.547409842986,7487.686969804898,8259.712931792556,10579.5264393721,12298.524590131425,15367.68610795807,2297,4082,6339,7959,9376,11291,12949,16270,13,2348,4356,5851,7860,9306,11851,13041,0.16828445108116263,0.1073718260373054,0.3848974807230995,0.16097247980104773,0.7278795380807723,0.11378758479127227,0.26192022099892026,0.3388064437243268,COMPLETE
80,0.3720266412940057,2025-11-07 18:42:10.515944,2025-11-07 19:42:09.832772,0 days 00:59:59.316828,0.8408309848666333,-3.137137370374349,4.335702066740575,-4.369049378150925,-3.1404888196458005,-0.25952023668138846,-2.6048429731454505,-4.214999685091536,2412.5710982985465,4097.293740184795,5848.634656556974,7631.426456771755,8100.920316633252,10497.982189348017,12522.349016351855,15219.195454420336,2635,4222,6259,8025,9980,11236,12837,15925,2,2492,4387,6064,7738,9548,11903,13315,0.23432076503828952,0.08289231904596454,0.5196413536622999,0.22760145333766157,0.6942060297287969,0.03424020807925207,0.3644375960677898,0.1812651131761306,COMPLETE
81,0.7668886774500476,2025-11-07 19:42:10.123911,2025-11-07 20:42:15.586468,0 days 01:00:05.462557,0.6829033794342761,-2.082451185875242,3.334038401301679,-3.128269315037234,-2.530745795059576,-2.2229670424887633,-4.329294104972149,-3.755874756062685,2191.2151853158243,4137.784255220048,5776.244961363065,7599.248372321591,8559.907681157174,10414.585887027306,12259.551168251683,15592.143736793527,2380,4061,6362,8196,9446,11374,13005,16043,47,2309,4448,5983,7884,9510,11758,13012,0.07162543448243193,0.15142755347246242,0.2638975323739321,0.25612348448747796,0.8294711102710747,0.06622292932018524,0.1880494507472016,0.21157808261623212,COMPLETE
82,0.764034253092293,2025-11-07 20:42:15.896436,2025-11-07 21:42:27.030351,0 days 01:00:11.133915,0.7068853842549131,-2.2532033875080395,3.44262678805769,-2.818124537861601,-2.548421327490247,-1.6213040039772144,4.830450531448625,-3.7041762675314924,2185.4786517774655,4251.753589354423,5759.21164946481,7588.698597543535,8001.833955336763,10635.36216166307,12260.062040360419,15578.627495579838,2381,4052,6447,8200,9440,11362,12970,16210,21,2384,4448,5976,7973,9606,11721,13008,0.0799053852488036,0.11995370596945093,0.3418953975205066,0.24370764108802198,0.7902425808912213,0.08684877457545961,0.09073870597905825,0.14546668199690435,COMPLETE
83,0.4291151284490961,2025-11-07 21:42:27.762888,2025-11-07 22:42:37.556189,0 days 01:00:09.793301,1.1750879915580155,-3.6428094269858153,2.8683624965707115,-3.0643734259708135,-3.0380122421829867,-2.1253694436433,-4.290784852833292,-4.511572475360043,838.9545834667333,4174.60813159946,5873.17185583077,7730.6394656199445,8590.568786567805,10420.263625016383,12173.55939319529,15894.588590227499,2303,3956,6376,8267,9406,11259,12993,16043,45,2275,4479,5999,7932,9511,11768,12909,0.12239692404640103,0.14629226509516202,0.2796013934789102,0.18938872054662315,0.6968656674435917,0.21051752494928683,0.19002880605189065,0.0970065095554917,COMPLETE
84,0.4866793529971456,2025-11-07 22:42:38.071159,2025-11-07 23:42:40.768830,0 days 01:00:02.697671,0.3972945998398416,-2.5679873294983495,3.2346962771621306,-3.4368976340585204,-3.868236436953689,-2.8229409453050964,-3.865704048802864,-3.2443215228863274,1137.220289740369,3827.1716023493605,5799.795421923214,7278.409842313089,8656.169994778393,10529.27267498051,12407.320779736536,15570.125488787315,2346,4125,6334,8175,10180,11216,12934,15893,33,2319,4511,6048,8011,9440,11760,13161,0.10046007893205847,0.06196035236672284,0.2676256776227676,0.2646690002031449,0.8146461074842636,0.07821313138547359,0.5194821147820001,0.2844671182459035,COMPLETE
85,0.7978116079923881,2025-11-07 23:42:41.456619,2025-11-08 00:42:46.746883,0 days 01:00:05.290264,-0.1400295118925785,-4.838112636259947,2.020584515548052,-2.5038541976540563,-3.556020953759443,-0.6960827488062311,-3.325173536618868,-3.7191623161611735,2356.937294669354,3737.2602676211245,5950.388703003204,7666.191077157651,8769.686556611563,10465.007213569997,12079.336976921315,15697.296843819993,2397,4095,6314,8240,9347,11369,12871,15848,15,2246,4322,5906,7827,9396,11671,13111,0.0675747524851263,0.010228000266918329,0.201137489905297,0.13249210820736423,0.752131831516986,0.13839279546382008,0.21867488618670566,0.32839000421475517,COMPLETE
86,0.4419600380589914,2025-11-08 00:42:47.111732,2025-11-08 01:42:53.154001,0 days 01:00:06.042269,-1.2656711745036042,-4.979406897739355,2.0835296393664913,-2.549049229634794,-4.594245153498944,-0.5846542988691645,-3.3053659965774185,-4.591815544523239,2299.826644726131,3735.3562084882915,5933.31121876958,7668.226447592188,8862.247737152318,10598.200877698637,12080.877283610367,15713.788736820245,2435,4016,6320,8220,9356,11477,12865,15846,15,2239,4317,5902,7836,9381,11636,13100,0.2620468250903614,0.01210790734345948,0.19544684170316518,0.12164595361585892,0.752924040268205,0.16505991217879368,0.11728049863985032,0.39051056598416634,COMPLETE
87,0.3834443387250238,2025-11-08 01:42:53.643544,2025-11-08 02:42:59.644955,0 days 01:00:06.001411,-0.2339949543908546,-4.460382929293811,-1.2726091183399213,-1.819719111167076,-3.5352177214383698,-0.7716027338118516,-3.691344887013396,-4.156720851428756,1512.6687909697362,3790.522499531816,5316.616015283756,7836.869878468584,8775.058286498082,10477.045410862162,12693.359984134393,15637.971160725876,2310,4094,6284,8369,9278,11406,12915,15773,99,2350,4361,5826,7709,9406,11675,13213,0.14692579715414328,0.08185225191508307,0.440782381929911,0.09692629266910724,0.6705500624492767,0.17382312756516194,0.26721858756389366,0.32020166765604907,COMPLETE
88,0.7897240723120837,2025-11-08 02:42:59.978774,2025-11-08 03:42:59.195670,0 days 00:59:59.216896,0.18644834867010657,-4.036819703637914,2.3011775305831055,-4.718159799234376,-4.220008624723897,-1.1124908772756184,-2.483174796967071,-2.779159731700346,2425.26962215702,3675.3198480773794,5996.931754641778,7178.595160266494,8993.04102694617,10713.969953556521,12180.69176526016,15672.474098700997,2408,4120,6405,8101,9339,11272,12874,15913,0,2272,4383,5871,7758,9843,11718,13058,0.2047293087388346,0.03495338662586033,0.41376006830194734,0.07438961800165426,0.72821787690639,0.24672671849401318,0.4582265474190722,0.38917415108495734,COMPLETE
89,0.7806850618458611,2025-11-08 03:42:59.541499,2025-11-08 04:43:03.749114,0 days 01:00:04.207615,0.42369512034805157,-3.9003576289286475,1.831417224744922,-1.305351316002883,-4.882246377752253,-1.1201120905371373,-1.8845561307127299,-2.818917578656987,2421.1117920632837,3907.4555657645637,5955.094759476068,7034.642980006473,8974.06070132465,10826.706654415439,12326.086161856607,15057.39953549943,2406,4319,6495,8088,9332,11307,12853,15797,0,2232,4331,5774,7664,9796,11713,13117,0.27883888730602124,0.037117482059067695,0.40453844103878,0.46809297154810386,0.6346183523520941,0.23077647933820794,0.5715687111139753,0.48273182357322164,COMPLETE
90,0.7711703139866793,2025-11-08 04:43:04.000427,2025-11-08 05:43:07.891997,0 days 01:00:03.891570,0.18701855824442237,-4.002755948257647,1.8338338607880504,-1.328078013845377,-4.869313340649057,-1.1733481505223617,-1.8435396645730924,-2.7563247262377892,2423.872143260054,3904.4254022064206,5966.083710554653,7000.8702187790495,8981.764979142725,10822.478927020347,12479.28444005504,15312.305502419948,2415,4110,6410,8095,9345,11321,12865,15812,0,2237,4297,5771,7641,9882,11533,13259,0.18572146206166784,0.044098780602442794,0.40255426582073844,0.714635867072485,0.6152692876958791,0.24422285848112146,0.5671413546512952,0.5175332904569735,COMPLETE
91,0.7759276879162702,2025-11-08 05:43:08.248512,2025-11-08 06:43:11.607465,0 days 01:00:03.358953,0.48282859047157195,-4.871165514551447,2.3071150853033067,-0.8224990181024339,-4.213372526891707,-0.7626641192259148,-2.5024723886028575,-2.3405272437864273,2378.861363692563,3608.7449799274254,5947.990699445221,7143.972602230299,9142.746509734634,10690.765116253498,12326.62748876556,15148.150177978823,2489,4198,6483,8245,9330,11273,12908,15786,17,2176,4338,5879,7686,9799,11678,13175,0.2193426172979318,0.03496209034656516,0.4611836862916425,0.5557903627128828,0.7292705442789617,0.2241224429418383,0.41849900975219934,0.40289754253018445,COMPLETE
92,0.4490960989533777,2025-11-08 06:43:11.873464,2025-11-08 07:43:15.614516,0 days 01:00:03.741052,1.1241214161765885,-4.872048623140503,2.729933544580765,-0.8367689406803753,-4.255973292276762,-0.3048471761136309,-2.4709596551067916,-2.5341152778467455,2488.9173476403153,3677.3653520047255,5992.630651155736,7052.1167437018175,9118.46023592901,10694.963073432315,12365.958258350815,15049.016685902028,2493,4323,6476,8045,9338,11279,12835,15798,14,2180,4269,5867,7619,9791,11810,13106,0.2705789016216321,0.033779567598513305,0.47707293003246987,0.5801615081774711,0.7274683455754116,0.33724676816759974,0.46387360162920455,0.49029479837896817,COMPLETE
93,0.7916270218839201,2025-11-08 07:43:15.876128,2025-11-08 08:43:20.172884,0 days 01:00:04.296756,0.46364191409280653,-4.335388209588905,2.5271829891076396,-0.3973625452062959,-4.643071073642022,0.006716990431206105,-2.729694853473674,-3.1363495612224392,2384.052442227312,3602.914335412331,5947.210686485818,7198.583244603958,9053.615962728903,10804.833372924872,12207.747657373584,15117.391316928204,2571,4222,6472,8011,9329,11313,12897,15850,22,2178,4335,5785,7671,9835,11693,13147,0.35517317117447034,0.06599989470254343,0.4256319919007395,0.6247991817197794,0.7041013463441017,0.3059968440156007,0.4396808611377966,0.5645220062012234,COMPLETE
94,0.5223596574690771,2025-11-08 08:43:20.480285,2025-11-08 09:43:17.149741,0 days 00:59:56.669456,0.5034924399170599,-4.40615813770713,2.4307111706776707,-0.9056051951134465,-4.5950097151641724,-0.1335583270568872,-2.2226095103454346,-3.127155595515959,2373.6061911603474,3606.3633747349904,5935.609240199292,7142.6901548708565,9178.540864087036,10765.945198847083,12312.436000258389,15091.57462267158,2609,4227,6515,8089,9319,11426,12907,15744,65,2170,4340,5799,7679,9920,11692,13187,0.4688229995166739,0.01151919564811327,0.4212515645261228,0.6360856895840951,0.640127567286645,0.29754840280569395,0.4364529767237304,0.5412282478816814,COMPLETE
95,0.5504281636536632,2025-11-08 09:43:17.477003,2025-11-08 10:43:20.935906,0 days 01:00:03.458903,-1.6203580003509317,-4.678669189494282,0.7725551444342094,-1.265889006953896,-4.031481719290341,0.04114568451975057,-2.7881865802963204,-2.271387951255874,2428.5265150639025,3646.8126724160243,5899.16694733023,6947.480820124344,9040.975692540205,10847.693053490038,12421.328959500315,14923.828458908161,2572,4272,6486,7965,9285,11356,12952,15800,9,2237,4313,5768,7660,9839,11683,13158,0.3332004468244452,0.07006206529731118,0.3754629907340996,0.4794381783170645,0.7737005439104555,0.2904724260635112,0.419841228895122,0.44502586932444377,COMPLETE
96,0.35632730732635587,2025-11-08 10:43:21.339457,2025-11-08 11:43:24.813874,0 days 01:00:03.474417,-0.1633721261744881,-4.181508531798437,1.841043314243118,-0.3823976197298845,-4.457970210894494,-0.7032342730562653,-1.526800278521799,-2.9269182054634544,2390.090080491425,3879.1269600385967,5826.877917661027,7219.686686712649,9045.943718523436,10980.856683767694,12524.363718352472,15127.794481302326,2526,4183,6460,7900,9328,11309,12882,15853,1,2166,4280,5730,7693,9841,11708,13131,0.3847593770618296,0.11070203875738563,0.49508321843194086,0.5438274304049363,0.7020092528745878,0.2485828723136282,0.49131163581602993,0.5566186661820329,COMPLETE
97,0.3520456707897241,2025-11-08 11:43:25.102834,2025-11-08 12:43:40.394808,0 days 01:00:15.291974,-1.1513729701041577,-3.482013959856532,2.299881952506406,-1.5887635740166708,-4.83785283700383,0.486171384417167,-2.988783483313801,-2.7787023272575264,2274.2271954458697,3984.96893991627,5957.7570962730415,7171.37651409831,8958.449095011407,10899.158122767518,12325.44628904266,15175.00529680215,2547,4392,6529,8003,9354,11246,12851,15907,20,2260,4371,5827,7586,9744,11802,13166,0.2280505725400354,0.04286503442831138,0.4662525532834977,0.6660201756529773,0.6820235584630516,0.21106583200950657,0.34887802328390116,0.3877716637429914,COMPLETE
98,0.346336822074215,2025-11-08 12:43:40.774698,2025-11-08 13:43:44.587156,0 days 01:00:03.812458,-0.8916453578459222,-4.711719044905833,2.6877846079546677,-2.1287928048794647,-4.211694021698259,-1.432436554754792,-3.1385881315017836,-1.6801875458791506,2499.669442114316,3562.034400784287,5992.796382208955,7064.87762130981,9191.981049935539,10779.098862104394,12240.93160104088,15224.690563832843,2513,4317,6596,8129,9388,11459,12957,15879,76,2217,4342,5802,7751,9798,11717,13233,0.36914372848597105,0.09026686380156909,0.5237443817608495,0.5473019975639617,0.6437511924756496,0.22144783033419263,0.3298442381273018,0.4192065919516319,COMPLETE
99,0.4433872502378687,2025-11-08 13:43:44.915533,2025-11-08 14:43:44.639102,0 days 00:59:59.723569,-0.49379116394744155,-4.0482565036261375,3.0882461577647007,0.14368066127216483,-4.747741831509439,-1.0009128192327483,-2.034070912406566,-3.5949361637068873,2442.192646519012,3694.962784242736,5946.320781576895,7115.663812036533,8900.265676101622,10725.406418822977,12162.605819148874,15084.809213749788,2404,4043,5902,8309,9467,11387,12916,15837,53,2267,4404,5864,7715,9695,11604,13069,0.27862437972485216,0.053305629269956474,0.457542142347655,0.761903235536028,0.7205072667258623,0.24696450354491883,0.4101293061252115,0.6272224348921529,COMPLETE
100,0.5237868696479543,2025-11-08 14:43:44.979331,2025-11-08 15:43:48.363616,0 days 01:00:03.384285,1.0361395983172947,-4.485688784083898,1.6198586016960097,-0.6518076688612434,-4.053375964727562,0.896128205941311,-2.8136641748703006,-3.1463602718836636,2296.1474167145584,3831.7912047675295,5898.175292418909,7311.105721080687,9297.071877771772,11894.766666222496,12080.99947736797,15043.549729899301,2481,4203,6433,8240,9323,11326,12937,15946,32,2186,4255,5923,7641,9858,11671,13111,0.32572313143922615,0.027889923603728117,0.4142183745320494,0.46417969376373736,0.5918517173125246,0.3502306003648943,0.5613006270721859,0.46555010625042104,COMPLETE
101,0.7350142721217888,2025-11-10 08:36:41.922328,2025-11-10 09:38:34.244521,0 days 01:01:52.322193,0.21255891859546955,-3.894859673309737,4.069285481903949,-1.7606786175842095,-3.7645970413340146,-1.7826335000672073,-2.3866212080526386,-2.177651861248613,2375.553795099995,3792.175242008357,5831.36000548053,7221.34747933095,9071.160033554544,10632.494978042314,12203.396842248396,15136.968760906993,2587,4119,5947,8068,9418,11263,12859,15915,21,2340,4372,5884,7671,9719,11740,13181,0.5896883830740189,0.10835396267961242,0.3528627028602011,0.5345257542770881,0.7335970069736113,0.3234843206680822,0.23345266039798437,0.3194874392791377,COMPLETE
102,0.7730732635585157,2025-11-10 09:38:34.566382,2025-11-10 10:40:15.810878,0 days 01:01:41.244496,0.4397976385926332,-3.55971883770599,3.685365624869796,-0.4476420200734751,-4.986408526815435,-0.43729530964197716,-2.6242133000723107,-2.5623305405359207,2213.6716298333954,3574.325380234108,5875.715855873221,7379.558547828747,8827.41543209681,10669.854781459795,12233.499180232688,14960.085909305271,2506,4092,6495,8171,9373,11302,12881,15720,11,2240,4421,5943,7789,9781,11630,13044,0.2999336086917525,0.07364103233115488,0.4460253704102738,0.6115821770270881,0.7633347225995581,0.17183953896165718,0.45024548372828205,0.4097963127085682,COMPLETE
103,0.3558515699333968,2025-11-10 10:40:16.198110,2025-11-10 11:41:41.846101,0 days 01:01:25.647991,0.7971468602072569,-4.282549734187737,2.5528031530520807,-1.118669648207899,-4.443242268289506,-1.4939186291769004,-3.33429064853443,-2.40589951347403,2123.3447796191185,3610.5286054791063,5996.749151891336,6949.6802110150065,8722.740761107703,10939.93054316367,12150.89533559982,15265.810018328006,2430,4146,6552,8008,9294,11196,12979,15787,28,2397,4394,5911,7812,9968,11658,13653,0.20258972849485415,0.19461247345848523,0.5497953036522798,0.6566967785608597,0.6603086519271305,0.11175893271479699,0.49783303294738335,0.3660871091541895,COMPLETE
104,0.7564224548049476,2025-11-10 11:41:42.257667,2025-11-10 12:43:21.443701,0 days 01:01:39.186034,0.024909184616305757,-3.0963153430080586,2.0100542810505257,-0.2187037551642403,-3.655314554682624,1.789749348863935,-3.4317965118975375,-3.879477548856913,2458.315789789252,3713.2170668772023,5927.682663858578,7264.268602240806,9005.978790656874,10538.369578017688,12343.69230755767,14841.199371019575,2395,4244,6408,8043,9356,11276,12895,15873,43,2280,4313,5781,7749,9823,11614,13085,0.16546490060834812,0.16197450386074966,0.32069522608404155,0.08008118855126942,0.7477469367132137,0.147203782638529,0.5240489018572491,0.2856512246554442,COMPLETE
105,0.7159847764034253,2025-11-10 12:43:21.781021,2025-11-10 13:44:48.944250,0 days 01:01:27.163229,0.2432753478938679,-4.817983539159837,4.475674248403061,-1.4773206260474585,-3.4329508110687983,-1.0874857343593414,-3.627928328402028,-1.2919527074772088,2265.0247763464977,3431.878650385914,5950.068853500291,6871.3686102333595,8902.147106206663,10736.76785202029,12088.099119969986,15676.07216022434,2442,4074,6314,8083,9402,11345,12922,15893,62,2321,4291,6214,7622,9898,11697,13139,0.06120958381887434,0.09859746427071078,0.3924376459704836,0.5638939281044484,0.7836437625292816,0.03277187014212271,0.3953692575119527,0.33579108966534615,COMPLETE
106,0.7321598477640342,2025-11-10 13:44:49.213334,2025-11-10 14:46:28.672475,0 days 01:01:39.459141,1.3968150952347222,-4.9943213343875135,3.785498958172661,-4.781401510832644,-3.906168779488328,1.4544509308803397,-3.16717804073814,-3.533238445057822,2342.4776915089024,3502.381915159429,5909.792033371589,7160.672397342209,8803.072130822538,10811.912659132362,12276.515156069669,15367.152280759436,2362,4174,6375,8110,9437,11235,12834,15861,10,2224,4348,5847,7593,9760,11771,12955,0.02978405183744491,0.06332531593127741,0.4861927285030928,0.42157868878782867,0.7031935210048099,0.27877968162982086,0.6168511894729811,0.39964663075741613,COMPLETE
107,0.5561370123691722,2025-11-10 14:46:29.010523,2025-11-10 15:48:16.234889,0 days 01:01:47.224366,-0.3523131181457092,-4.502470344891875,-0.3442915915344774,0.6624475633306326,-4.247336177071241,0.12361689568918055,-2.0193739475840458,-3.3565846461102735,1363.0861993474823,3780.222828047684,5825.0404842019825,7075.282299494309,8951.422369116688,10676.945354760299,12204.41982091012,15311.63100834843,2467,3976,6463,8282,9337,11264,12964,15985,25,2251,4192,6022,7772,10049,11643,13055,0.4348687026405368,0.1275574243610883,0.3607712630326009,0.129446350246127,0.8009117569373272,0.17718369496117234,0.647410809701582,0.4436281837556798,COMPLETE
108,0.4424357754519505,2025-11-10 15:48:16.532123,2025-11-10 16:50:02.969921,0 days 01:01:46.437798,-0.6870621339760254,-3.773634202080023,2.2874089223077303,-2.3440060771773883,-4.638085275342292,-0.6468899448363234,-3.9109343717795197,-2.817845522555545,2402.465651966798,3871.582453145404,5867.115209577251,7328.576180474669,9077.388249109115,10889.74257073407,12446.601649348006,15498.880219086202,2656,4123,6439,8142,9495,11153,12876,15959,199,2294,4324,6170,7689,9849,11573,13583,0.12128624516678646,0.03807754400585975,0.2927787810509143,0.15551352301580712,0.7161852495746069,0.2113616794545082,0.4721597382545457,0.5726067452766627,COMPLETE
109,0.5889628924833492,2025-11-10 16:50:03.321168,2025-11-10 17:50:26.134228,0 days 01:00:22.813060,0.5556236087831506,-4.253355963318588,2.8809724595920785,-0.0462468095343842,-2.930716067921936,-1.9486453951308986,-2.7544346835350884,-3.2553842012104726,1197.2602583889131,3630.2718610880775,5748.282840625348,7029.802225191125,9142.414100141063,10619.938694110615,12381.184514398628,15001.076514378412,2221,4038,5777,8025,9379,11300,12936,15757,37,2367,4390,6143,7650,9802,11671,12935,0.23960093213041692,0.014301434833621117,0.9242922128622397,0.5125687013705984,0.7691234296194012,0.14536075671916043,0.22452778409720922,0.37800675374981885,COMPLETE
110,0.4923882017126546,2025-11-10 17:50:26.668518,2025-11-10 18:50:57.757594,0 days 01:00:31.089076,1.6083668418581318,-3.143168036891386,1.4751696546203397,-0.9967877948765606,2.6412206893107797,-1.313578627622368,-2.980250673879066,-4.0066119535766225,666.7449194864255,4032.1892983324497,5963.012889011097,6804.156602100086,8751.33351252537,10525.801583607908,12147.85104514173,15857.292941234646,2281,4003,5871,7978,9295,11181,12912,15832,51,2437,4418,5756,7727,9682,11742,13073,0.05693996289248912,0.12712992177938162,0.4260767491836971,0.0637175130394505,0.7928158477712199,0.10309672342614666,0.5849865217642563,0.3536661354554119,COMPLETE
111,0.7683158896289248,2025-11-10 18:50:58.117672,2025-11-10 19:51:54.070810,0 days 01:00:55.953138,0.4270197203226942,-3.4671161704766793,3.4877331903852493,-0.4589650645360283,-4.440645553771376,-0.44551224605362216,-2.6075307231388307,-2.560074733700665,2222.86067051342,3568.1920531467026,5882.6448109080975,7398.736299841448,8822.259746936941,10673.131904839083,12225.227974860089,14935.772036207707,2510,4092,6588,8172,9368,11320,12877,15715,11,2230,4426,5943,7786,9729,11630,13044,0.31647205168346715,0.0712166464756651,0.44076902158322456,0.6099883277021199,0.7638852630984312,0.17643961975697364,0.44208611981855017,0.41207460347751745,COMPLETE
112,0.4167459562321599,2025-11-10 19:51:54.333474,2025-11-10 20:52:43.687295,0 days 01:00:49.353821,-0.09699251786650831,-3.6372182837583624,3.98844704082096,-0.49242695664173164,-4.967710562718457,-0.8462974883450155,-2.4231202883665213,-2.448119443425669,2299.82402024751,3542.35226923627,5795.037829517823,7386.071490482498,8849.284291661043,11075.756087770695,12269.561523631377,14885.06806482442,2540,4351,6539,8118,9402,11299,12889,15709,1,2203,4363,5949,7822,9775,11687,13100,0.35067892835382863,0.0682916595870578,0.4578343793528017,0.6808224969097266,0.7458139747613591,0.2268642220070213,0.44412850455695974,0.42788749020971184,COMPLETE
113,0.33206470028544244,2025-11-10 20:52:44.032441,2025-11-10 21:53:36.804675,0 days 01:00:52.772234,0.9479751837634613,-3.914795080702648,3.590723317959225,-4.4685614064464705,-4.109853739123794,-0.4803904744278288,-1.8719060539066485,-1.9487334535031926,2155.583841445954,3679.6977583956877,5871.2391314567185,7205.9633420274085,8887.806404822511,10706.381111495937,12238.349161407235,14764.052891854853,2490,4153,6240,8211,9426,11364,12860,15933,19,2252,4331,5820,7796,9824,11714,12990,0.28813704572434967,0.09183276351603463,0.5702234498735177,0.6271612352978228,0.6919518009852974,0.25488696335123423,0.69988372685765,0.4653280809871304,COMPLETE
114,0.7483349191246432,2025-11-10 21:53:37.166547,2025-11-10 22:54:17.148321,0 days 01:00:39.981774,0.33634728140943526,-4.5809433322007695,3.1844652665693323,-0.7450851489612975,-4.806200323678073,-1.001952116603996,-3.5270638540140125,-1.6768949287084962,2366.2378000861468,3081.686204919653,5909.848376903492,7305.601823436246,9002.129356844021,10779.094074683457,12111.547695351337,14971.159991853427,2446,4075,6481,8233,9323,11208,13204,16003,36,2190,3974,5894,7854,9778,11728,13041,0.19520828873727286,0.04551436647981857,0.5120261575083687,0.6115945414543555,0.853573815062896,0.20092601978985478,0.38561501474355964,0.3271608398000411,COMPLETE
115,0.7930542340627973,2025-11-10 22:54:17.528744,2025-11-10 23:54:52.148382,0 days 01:00:34.619638,0.5768648528977198,-3.5521088162941004,4.922453363879618,-1.3249668668222652,-4.5527171980002565,-1.619258133563653,-2.6682837910143995,-2.9836292291228936,2452.5879807576134,3757.5212931775627,5840.305019148889,7483.955401111876,8839.526283005129,10659.99852343703,12304.71567051581,15053.370132735477,2470,4194,6499,8055,9374,11247,13020,15815,9,2306,4247,6009,7750,10277,11598,13120,0.25223443487143676,0.02870812763116055,0.7380662838863561,0.5900444857824787,0.8099848589530906,0.08519455990153434,0.9648241086969158,0.2882066001406065,COMPLETE
116,0.428639391056137,2025-11-10 23:54:52.534129,2025-11-11 00:55:35.550212,0 days 01:00:43.016083,0.7909710203843185,-3.322885905735681,4.786832872513474,-1.4275508264688699,0.2107470881939637,-1.633393584123947,-3.182551763369029,-2.9247564108358266,2419.828240193716,3754.2245565802696,5839.890457616767,7490.012153657865,8687.484860000613,10587.152341667246,12187.619667578267,15236.28066837061,2422,4210,5922,7930,9877,11229,13022,15817,25,2305,4248,6009,7748,9572,11602,13114,0.24597217916113814,0.36635054533090594,0.9112496324507586,0.5781574194310025,0.8158000215375324,0.04421439018125951,0.9666613143204293,0.29779023425059103,COMPLETE
117,0.796384395813511,2025-11-11 00:55:35.871520,2025-11-11 01:56:15.993129,0 days 01:00:40.121609,0.14993081004110287,-4.06081267394364,4.9428945679453316,-1.2205342097176826,-3.833880215098372,-1.1903393852392137,-1.7114701203932454,-3.6150055433027752,2459.8212272590886,3967.2598736116697,5769.174667759184,7457.700640043024,8944.823200470264,10468.908555074733,12507.178647623252,15752.568106927405,2476,4229,6354,8011,9345,11254,12985,15897,9,2277,4075,5962,8350,10250,11575,13158,0.08473456467086811,0.0282011934924277,0.7877933094971256,0.5206612564972166,0.7328778106330691,0.09209295076815502,0.9261219612650877,0.2511752940657336,COMPLETE
118,0.47668886774500474,2025-11-11 01:56:16.358722,2025-11-11 02:57:11.248682,0 days 01:00:54.889960,1.2974380975648099,-4.098397653710198,4.944755361087217,-1.9061502857085975,-0.492608077724611,-1.1947641798890427,-2.1062440796367916,-3.504071537180604,2467.8743279469213,3953.074154426477,5781.044551108129,7545.529084753551,8919.387397444912,10459.692899397067,12620.765734867133,15943.46246045907,2557,4257,6508,8011,9354,11408,12998,15894,9,2275,4125,5959,8272,10257,11579,13237,0.2236801153420021,0.02714451037515278,0.7364703798197713,0.5189196153916816,0.7192607159616191,0.10778152183445994,0.9201322537612905,0.2692346077777642,COMPLETE
119,0.4804947668886774,2025-11-11 02:57:11.903478,2025-11-11 03:58:44.690870,0 days 01:01:32.787392,-0.16485319289423572,-4.305157703166123,4.521794170818084,-1.15577096276122,-3.253914569852537,-0.7760681917548388,-1.708664562192312,-3.7124073754458995,2334.8377974360155,4032.647591630359,5971.156631668443,7453.247070924118,8971.334262305485,11177.117570421584,12501.749102392496,15756.943063833074,2468,4231,6400,8062,9298,11339,12973,15850,0,2332,4068,5925,8328,10186,11547,13156,0.15446917316007117,0.010072121182588524,0.7494688489578233,0.5904400974198858,0.6578571244555957,0.08649954359572465,0.9540845321318822,0.2502389119508201,COMPLETE
120,0.7017126546146527,2025-11-11 03:58:45.050281,2025-11-11 05:00:13.856630,0 days 01:01:28.806349,0.9819361020522632,-4.675448930404252,4.198610706091222,-2.0659434750137144,-4.590383502193105,0.4809819947582855,-1.2751601724059063,-3.1462352779428095,2447.4410376213077,3814.209022069105,5999.53757680461,7252.079194434802,9101.04054404479,10379.965831424737,12329.066909520217,15184.165432686654,2613,4189,6360,7973,9748,11277,13044,15920,39,2211,4095,5862,8436,10209,11782,13278,0.031828141964992326,0.056264778954775524,0.8387521787078799,0.4887331711303612,0.5429270384972921,0.12661389564952885,0.9164422527410315,0.30225297900857584,COMPLETE
121,0.7573739295908658,2025-11-11 05:00:14.348344,2025-11-11 06:01:51.555382,0 days 01:01:37.207038,0.04653459991889597,-2.9534691144421648,4.311265495089323,-4.677441018323155,-3.7528195079645252,-2.022063541438544,-2.2764322695812416,-4.223346568668303,2499.1218219123484,3877.6497943497884,5726.863973026844,7340.859715295936,8769.62851931366,10490.240903432881,12395.50478201842,15654.207077768348,2398,4151,6258,7750,9339,11994,13173,16105,25,2288,4306,6043,7707,10179,11474,13203,0.08589875684333848,0.036400414652177436,0.798730351456404,0.45457280343819584,0.7377460471393879,0.15040003524577258,0.9410462925334891,0.6009001210836966,COMPLETE
122,0.6465271170313986,2025-11-11 06:01:51.878759,2025-11-11 07:03:20.237726,0 days 01:01:28.358967,0.1404092759149313,-3.9586478232195215,1.8779660890366472,-1.6794085462296309,-3.9167541335538067,-1.5568408987759121,-1.684439160631776,-3.8879092410387446,2397.619523614294,3129.539951463769,5763.433256940396,7424.632100418027,8294.885531273001,10559.587123098225,12302.299217804397,15055.879573852728,2476,4130,6382,8363,9381,11128,12906,15780,297,3068,4150,5991,7670,10270,11651,13126,0.1341253333622087,0.10274927255760177,0.5342502183579296,0.21470422554854734,0.78132344798777,0.05475861225777798,0.8818158502679647,0.19691908827360513,COMPLETE
123,0.7007611798287345,2025-11-11 07:03:20.767954,2025-11-11 08:05:00.372339,0 days 01:01:39.604385,0.5869862500776523,1.9857475096946284,2.612739668463031,-4.2717068829283225,-4.321175380516219,-1.3678853143479504,-0.5239837020737819,-2.0811867034746125,2356.8825874144545,3711.361467484215,5809.74232220098,7503.214601962071,8639.488351797572,10613.263252008577,12061.91244178611,15797.441825788852,2530,4279,6214,8482,9404,11251,12937,15873,256,2363,4048,6086,8347,10238,11664,13180,0.10618940531899047,0.08165948491643915,0.9925911007918209,0.11252498825966206,0.8035145413839185,0.06951083085897136,0.9806905241763857,0.3677707401446221,COMPLETE
124,0.7873453853472883,2025-11-11 08:05:00.763169,2025-11-11 09:06:38.236686,0 days 01:01:37.473517,-0.4271058779304814,0.4428249091701511,4.871943953087261,-0.9871795804227977,0.8593000425195045,1.0763501929820856,-2.786852510522768,-3.3057942701490286,2439.912704163537,3936.167961217509,5927.618178248961,7474.830310091531,8856.51420839486,10459.54716627186,12452.666017555772,15139.787452822611,2576,4199,6349,8083,9316,11213,13060,15945,12,2317,4095,6016,7601,9553,11600,13698,0.06547024824855893,0.05123489315806112,0.7745446297508638,0.5636034244791489,0.6819497813591798,0.017776366816424582,0.8489900039932203,0.5061630098164266,COMPLETE
125,0.4424357754519505,2025-11-11 09:06:38.676639,2025-11-11 10:08:27.067409,0 days 01:01:48.390770,-0.5431059595611377,0.43374921822799944,4.932317931053166,-1.3409266539702256,2.2948085990094236,1.2329926377590417,-2.862630282785413,-3.3377695961573495,2407.9135742522008,4004.562812554311,5924.498836950986,7538.191488107154,8851.30542054095,10263.785008802277,12434.987396695029,15117.326479295398,2557,4221,6422,8038,9303,11247,12990,15946,11,2319,4111,6014,7563,9590,11520,13749,0.06964481029473309,0.05211967515755209,0.730600670774857,0.5586702223059588,0.6269749110703591,0.016819036630222488,0.9012952371435651,0.5096771217201643,COMPLETE
126,0.758325404376784,2025-11-11 10:08:27.559192,2025-11-11 11:10:07.774332,0 days 01:01:40.215140,-0.36683008219605534,0.9643954233535932,-0.7194553993476597,-0.9215586925307989,1.7765853661797362,1.5133296048413434,-2.6209868853296143,-2.748937979866639,2452.986208245045,4096.224521052959,5845.338992867717,7123.091560538423,8722.764960227725,11763.886415750469,12485.06115539788,15159.066529752483,2592,4305,6275,8080,9322,11219,13053,15901,50,2271,4166,5885,7602,9625,11601,13696,0.052226900115896494,0.03004499575001937,0.7920298005668298,0.5173927588756772,0.6849516845037781,0.04783999749602352,0.8912073889194837,0.3425074206323222,COMPLETE
127,0.41817316841103713,2025-11-11 11:10:08.218020,2025-11-11 12:11:54.962638,0 days 01:01:46.744618,-0.266945153925607,2.617456524678737,4.709225340843457,-2.9011473444598,0.9723272319577702,0.6136941462859193,-3.712657589953567,-3.0675971771071993,2317.6261540515156,3922.5776996472796,5947.372749561223,7461.261071076136,8939.821987839538,10466.3929041097,12560.712588541412,15025.677111727186,2582,4187,6341,8047,9277,11281,12955,15800,0,2296,4014,5960,7647,9649,11486,13687,0.9736118135411495,0.0537748050079167,0.23246552700706782,0.36150866148095184,0.8461506912329718,0.09048932593731038,0.8371498310664269,0.5394662214382433,COMPLETE
128,0.483349191246432,2025-11-11 12:11:55.371867,2025-11-11 13:13:27.526913,0 days 01:01:32.155046,4.878215863223252,3.0101731532417446,4.882463456573082,-2.4471065380869947,3.2909519088800607,1.051690353374985,-2.340695890026351,-3.5498077655493803,2244.159937771168,3852.6464513279725,5897.065198582654,7364.199479585657,9249.979044883186,10333.11808569,12362.236810381097,15283.041147632735,2492,4245,6450,8014,9348,11318,13025,15823,18,2340,4279,5906,7619,10152,11701,13712,0.25835787712851743,0.010198909096912956,0.7046546150657416,0.8407878139719644,0.7565224803564987,0.0299214890803174,0.9294821805615651,0.2820913954182355,COMPLETE
129,0.7887725975261656,2025-11-11 13:13:27.937353,2025-11-11 14:15:19.682884,0 days 01:01:51.745531,-0.8013163974930411,1.710433128952387,-0.19782415296042874,-0.7098738438886246,-1.0056728397609909,1.815810487366538,-3.021638447973743,-2.9780210179666673,2280.84517157843,3927.5465972836582,5962.84896814961,7290.505413486111,8875.704665285111,10455.319603778438,12684.162408810174,15208.598227323422,2518,4936,6361,8103,9317,11083,13012,15958,34,2252,4093,5726,7686,9542,11756,13641,0.025671188417184992,0.0807933840245929,0.7758404931680011,0.5644777730155459,0.7021039506497282,0.11895891265845449,0.9685905131350949,0.231741573187142,COMPLETE
130,0.4552806850618459,2025-11-11 14:15:20.117743,2025-11-11 15:17:03.566611,0 days 01:01:43.448868,-0.7369482673259314,0.7445611754002609,-0.08192490191629212,-0.7709816204396441,0.06985763238982923,2.2083811557487345,-2.991907667960618,-2.942819920900645,2270.39994637556,3933.585201167965,5959.620894437437,7189.143529522911,8807.111951179459,10446.227375914143,12826.829181753985,15211.084894076026,2517,4499,5824,8097,9323,11087,13007,15967,34,2253,4100,5740,7688,9549,11834,13646,0.05038699890089959,0.07830819490785891,0.7648975429963023,0.5632219504351407,0.7074651378219651,0.10570970837348775,0.9666511193035341,0.2317055704884335,COMPLETE
131,0.7402473834443387,2025-11-11 15:17:04.107700,2025-11-11 16:19:01.122685,0 days 01:01:57.014985,-0.5673214862145342,-4.316563784516396,4.50745006602506,-1.1741198473182712,-4.158750242032734,2.715813208803559,-3.297146659095177,-2.2760319957866963,2365.250552331838,3902.8112541908395,5912.340916980664,7262.046002288403,8881.474835078097,10388.909144427727,12640.50650283045,15096.725903962768,2537,4201,6353,7987,9364,11080,13064,15920,15,2220,4040,5756,7725,10069,11760,13728,0.024491184107708647,0.03173981227867778,0.800724649094082,0.6362474500262337,0.6577521486666619,0.12110915613404555,0.9444865827510984,0.4915197973253282,COMPLETE
132,0.7373929590865842,2025-11-11 16:19:01.668656,2025-11-11 17:20:56.506445,0 days 01:01:54.837789,0.38043941280402815,1.2662923933892698,-0.5818975867668057,-0.6167875247862443,2.882747606201464,1.7118868475014957,-2.768486530203846,-3.3233824374806593,2427.4867144254604,3768.174992242335,5872.316926270397,7410.914756999985,9006.14173092871,10512.606386005798,12541.620713473578,15738.92300325652,2443,4825,5984,8053,9309,11146,12851,15940,61,2316,4067,5986,7633,9484,11736,13145,0.06819552090936702,0.11595560747183395,0.8341161837698435,0.5976247547047766,0.6845627556750322,0.13931797357935535,0.8609448496754055,0.25121362747542014,COMPLETE
133,0.7854424357754519,2025-11-11 17:20:56.848558,2025-11-11 18:23:06.539883,0 days 01:02:09.691325,-0.8798934083659031,1.572446951646782,-0.2341860636717228,-0.24388095142137944,-1.0155860884917165,-0.2599857311062708,-3.4030916721155724,-2.6727230502487087,2317.544039594444,3995.4511889583487,5930.042880158442,7301.118599663538,8935.414258684168,10399.13173149083,12462.29126646183,15142.209083955186,2637,4896,6300,7948,9344,11119,13032,15994,31,2266,3972,5790,7533,9522,12026,13775,0.01175820115425203,0.10166376801255214,0.7786135894958258,0.5309512071420674,0.7135073318466001,0.1904265167243563,0.8112328084359084,0.3136264080221451,COMPLETE
134,0.4486203615604186,2025-11-11 18:23:06.904281,2025-11-11 19:25:00.463421,0 days 01:01:53.559140,-1.4905866194400437,2.2986533128720295,-1.085403258569089,-0.13918615451439864,-0.8618192997646467,-0.07100679110316499,-3.4741265280825564,-2.6670106019066635,2309.9283098716382,4088.454362242669,5935.802518715526,7302.350638814941,8931.531766556223,10405.130258977111,12597.75892868922,15072.566140632334,2659,4943,6296,7820,9344,11264,12985,15992,29,2196,3968,5724,8204,9529,12033,13767,0.02578411085663354,0.09921770597662202,0.7875257356976527,0.5384295445363808,0.7203961043827409,0.2255760991280407,0.7678862829562889,0.3144668593214621,COMPLETE
135,0.7959086584205518,2025-11-11 19:25:00.917659,2025-11-11 20:27:11.331707,0 days 01:02:10.414048,-0.969779675687113,1.7011460776543599,-0.1862159681305121,0.32309521810772834,-4.671979830488321,-0.9171112504798038,-3.1544836274634718,-2.9085059435153275,2398.8463773939156,3962.1221938620083,5968.13272874058,7230.285747652203,9048.412486320463,10529.866152707034,12673.54155739536,15139.171197924989,2633,4910,6501,7943,9383,11180,13016,15863,8,2266,4028,5816,7539,9568,11561,13630,0.012057449245270725,0.06452560813986948,0.7678422728439998,0.5244671650752841,0.6105627665306878,0.1874418022366716,0.7991464578066118,0.2831807493609508,COMPLETE
136,0.7935299714557564,2025-11-11 20:27:11.775848,2025-11-11 21:29:17.067460,0 days 01:02:05.291612,-1.014118417449183,1.5668878085681064,0.16395475463418055,0.38813876500135347,0.5930110137264214,1.4209688964025073,-3.0265408122755137,-3.0209655543288125,2471.5281857691775,3991.5500390984826,5968.596832567476,7339.618303918359,9057.154660516524,10542.664406954018,12706.014117880048,15195.165105441049,2623,4881,6319,7621,9392,11129,13026,16437,7,2268,3990,5783,7528,9551,12013,13674,0.012404902116814318,0.0605566240132363,0.6976671264992835,0.4026968087080258,0.6256452823695002,0.16097873236417146,0.8084433999267879,0.26574717131651737,COMPLETE
137,0.4519505233111323,2025-11-11 21:29:17.450073,2025-11-11 22:31:27.027146,0 days 01:02:09.577073,-1.1304047668040897,1.3911138260462692,-0.24898800490020362,0.2102593038621675,0.5619757126724261,1.4357899498022313,-3.19941896231569,-3.6714892796239424,2465.9670227355223,3986.271601344376,5997.520593986189,7350.873761870723,9045.161861665203,10549.010991438015,12690.232787579816,15248.506642473907,2625,4937,6307,7618,9394,11172,13039,16445,44,2273,3982,5794,7530,9557,12034,13821,0.0395418680075937,0.07463025454156978,0.7125383686928635,0.5241862229720293,0.6007626034139156,0.18918599434649627,0.8134852685533861,0.2645770100504546,COMPLETE
138,0.7954329210275928,2025-11-11 22:31:27.388254,2025-11-11 23:33:40.714759,0 days 01:02:13.326505,-0.9422001977135638,1.5561808163040556,0.12215785758369585,0.581994861926735,-1.2326567731564049,2.025035829995086,-3.1190780542286336,-3.1062882902835165,2490.0734341003235,4014.4754382170613,5892.23469604442,7334.5582982609785,9078.89327842693,10464.258376962624,12949.309904775982,15311.069467065778,2685,4865,6326,7904,9454,11118,13016,16307,8,2307,4019,5812,7535,9595,11958,13685,0.015517050761284654,0.0560767982805549,0.7656599178775616,0.3923331207471756,0.6037336619314667,0.1622528710897546,0.7909784253309593,0.22526374145757133,COMPLETE
139,0.7764034253092293,2025-11-11 23:33:41.268940,2025-11-12 00:35:50.738034,0 days 01:02:09.469094,-1.1125513625077483,1.6094057037495297,0.12073869051546886,0.9654573523085863,-1.2901131490095765,2.092751941704434,-3.1141522098949497,-3.0991519850965115,2499.019157250936,4049.0219860730617,5896.5579194497805,7231.390984945814,9062.27480665671,10496.06737117098,12800.29814532403,15210.991589366595,2743,4867,6319,7872,9435,11123,13018,16327,28,2259,4018,5819,7516,9615,11990,13674,0.014977353940140917,0.5228537572850543,0.6958252050194592,0.40634810342623784,0.579871135551121,0.07440426363548139,0.8307308358713266,0.22833906907020718,COMPLETE
140,0.6355851569933397,2025-11-12 00:35:51.106792,2025-11-12 01:37:54.779845,0 days 01:02:03.673053,-0.8924275482665952,1.7216703695748614,0.39848011086821433,0.4637741473171981,-0.17652805863631893,2.3915180394452964,-2.9134725800721997,-2.9882927491699522,2455.5905858160577,4157.328896437694,5976.126204692558,7286.501629848386,9107.942145626186,10531.578451476964,12958.657280004283,15307.613980995451,2639,4901,6386,7911,9388,11151,13079,16411,9,2302,4032,5785,7551,9569,11970,13580,0.03856617378806028,0.06338195669287934,0.7629927993425266,0.49647529168133614,0.523754716019667,0.17251741371705714,0.8457643283550424,0.16886584717036696,COMPLETE
141,0.796384395813511,2025-11-12 01:37:55.399893,2025-11-12 02:39:54.568782,0 days 01:01:59.168889,-1.5710088420717727,1.5839551877372455,-0.19357757714660803,0.46895489723807293,-1.2681581293316841,1.7816139395079142,-3.4348213961413494,-3.2833552677347195,2396.632068521872,3966.2112388870873,5841.788688948844,7361.885405413587,8863.525223679486,10473.109581063985,12683.824699245255,15344.614459163275,2681,4851,6280,7654,9452,11102,13008,16478,9,2344,3994,5841,7544,9535,12008,13645,0.010585706937698811,0.09256624926897847,0.7212001884830119,0.29990582420591266,0.6668716372074468,0.1581815308300994,0.8028052483196912,0.28668314371182757,COMPLETE
142,0.7844909609895337,2025-11-12 02:39:54.918744,2025-11-12 03:42:08.377433,0 days 01:02:13.458689,-2.107616566927473,1.5162856580577644,-0.18621270278434066,1.3112641325722176,-1.0898208060255907,1.657982898687715,-3.5644077456973475,-3.4188467358539683,2400.220013666417,3955.28128827963,5923.57216366048,7393.77064349244,8867.613882776572,10457.77811825238,12878.563013750703,15126.846480278817,2679,4870,6253,7949,9448,11100,13056,16433,23,2321,3989,5841,7502,9596,12003,13639,0.012638275578492864,0.09190561820193296,0.724333426970532,0.3190993807802898,0.5584548413229004,0.1560368256177055,0.793738062452877,0.28390651616538687,COMPLETE
143,0.7949571836346336,2025-11-12 03:42:08.858193,2025-11-12 04:44:27.115902,0 days 01:02:18.257709,-1.7359648632937645,1.8595424984063378,-0.5249172835189747,0.8340099713099302,-0.6174909872659201,2.0230114903063994,-3.364115147234019,-3.1373428337705653,2499.9092561447546,4074.5913270494307,5821.73674606157,7323.077083809594,8772.80337193351,10391.136868468438,12723.907151342357,15199.445769775255,2709,4790,6360,7664,9411,11136,13032,16464,7,2284,3959,5808,7548,9529,11938,13598,0.011755175993638862,0.119390796372795,0.6639940036757093,0.4268060543564394,0.668977671311796,0.19382638237675856,0.7515584754735519,0.2097080497247859,COMPLETE
144,0.3720266412940057,2025-11-12 04:44:27.590334,2025-11-12 05:46:47.274887,0 days 01:02:19.684553,-1.4295745169047525,2.082670301843619,-0.5783485843465477,0.36520338217063963,1.3169178848480323,1.9869207031308256,-3.026547867345192,-3.2659517589898734,2451.8041874950773,4054.0826810792682,5829.253830273919,7470.86681238576,8768.504522048503,10572.742636566043,12675.999601248528,15189.510437625426,2763,4865,6359,7656,9421,11083,13004,16485,6,2285,3949,5818,7565,9553,12007,13532,0.04558846088518214,0.052817840494402385,0.6727324324241261,0.4078681982624841,0.6664299360121441,0.11749470459014469,0.7546382720198394,0.20333538373881965,COMPLETE
145,0.41722169362511896,2025-11-12 05:46:47.749124,2025-11-12 06:49:00.344940,0 days 01:02:12.595816,-1.7485376993678885,0.9947058779920446,0.12194335949724888,0.9702822133754148,-1.2690459750011915,1.821590262600128,-2.7298599988855163,-3.161827027716772,2499.0027449213585,3847.483692353015,5874.136473401085,7372.265046624893,8820.669683885802,10510.69615398481,12739.223157793702,15345.079861318123,2721,4784,6329,7582,9477,11189,13047,16371,172,2306,4075,6262,7597,9495,11937,13618,0.03555431058228195,0.5932899085473542,0.6351926485621653,0.3486385033202273,0.6455964132060954,0.7220335916595452,0.8727072459109957,0.21963359630595627,COMPLETE
146,0.44481446241674594,2025-11-12 06:49:00.974154,2025-11-12 07:51:06.338692,0 days 01:02:05.364538,-1.2914327835817854,1.8635188247989618,0.7809406877709886,0.794510148645868,-1.6737631341874262,2.530623450263839,-3.385707035127954,-1.0595071736551371,2403.9681149347225,4202.711770778056,5809.271785894644,7416.614987620796,9012.624242817239,10436.456682200193,12774.597589242167,15267.1590986302,2703,4852,6408,7706,9409,11135,13018,16469,16,2393,4052,5755,7544,9634,11958,13667,0.06225565002293302,0.12384588270478838,0.812711624219839,0.29720331729077765,0.6132098051233487,0.08584381910120435,0.9027934192770566,0.2520329947707904,COMPLETE
147,0.79686013320647,2025-11-12 07:51:06.833568,2025-11-12 08:53:28.542187,0 days 01:02:21.708619,-1.719354282676088,2.384058271723733,-0.7920626975776962,0.5704703539591269,-0.6309793638148798,1.2734358323918373,2.913903320976365,-2.8800284332911996,2432.710242218012,4108.134488594761,5853.707553491837,7238.62182011902,8699.346288688928,10357.593984882087,12726.42776831314,15321.172076710605,2678,4923,6370,7625,9532,11155,12989,16371,8,2351,3998,5844,7514,9540,11910,13704,0.011521253011642875,0.1717248930340999,0.6958578217895731,0.43648584300395726,0.6087247603667267,0.14784879938284878,0.7777024673531421,0.2720161213360153,COMPLETE
148,0.4519505233111323,2025-11-12 08:53:28.986307,2025-11-12 09:55:24.112640,0 days 01:01:55.126333,-2.061837938165509,1.9857756714967638,-0.8883087031775677,0.5917471153958082,-0.5187073043439484,1.3144633615144181,2.6735580034015163,-2.9019803614355384,2375.6295379874587,4078.963210703,5797.352375160053,7187.45857551045,8705.983756008434,10212.619124378984,12700.779779444765,15421.332280211898,2768,4914,6375,7637,9667,11163,12987,16401,41,2420,4006,5847,7561,9534,11898,13596,0.02829128406008742,0.1384800472471972,0.6628825059578519,0.43681171444732186,0.6141555213167763,0.20095937447078627,0.7699028737798246,0.26720839281766456,COMPLETE
149,0.7901998097050428,2025-11-12 09:55:24.536609,2025-11-12 10:56:11.325815,0 days 01:00:46.789206,-1.4942661207079153,2.3989770450146315,-1.4394622373844026,0.9364788841314398,-0.2833856802653265,1.9245162005392096,1.8558283035001748,-3.4943920529378243,2466.253636404057,4186.4612529897495,5863.5925406228225,7232.158475145462,8743.242664686693,10349.965036618896,12906.662534099354,15353.219328688809,2672,4924,6277,7667,9536,11105,12972,16362,1,2345,3996,5810,7524,9585,11939,13627,0.011611425743654088,0.1617702463680951,0.696821385704805,0.38485128893462267,0.5988568204850896,0.13442191222455183,0.7868227018674298,0.18377812694514267,COMPLETE
150,0.7930542340627973,2025-11-12 10:56:11.839926,2025-11-12 11:57:06.563640,0 days 01:00:54.723714,-2.4318165585472586,2.522621593409702,-0.42552699192169796,1.4191503442042652,-0.7308766530119412,1.900485846755454,4.391324261824571,-3.512888553434006,2495.806692733653,4319.993066986856,5840.32610407834,7239.539876274829,8774.842957415885,10321.045077980207,13077.402455766402,15335.905474496854,2729,4927,6325,7670,9540,11098,13348,16354,0,2560,3990,5853,7519,9591,12054,13634,0.010839681103522505,0.17602744344749305,0.6916247004352768,0.4391225514987561,0.5911297469578902,0.13776720548311894,0.7389785341828625,0.1771448034892063,COMPLETE
151,0.791151284490961,2025-11-12 11:57:06.968796,2025-11-12 12:58:12.548790,0 days 01:01:05.579994,-1.9093384331872256,2.594084791233679,-1.4746535199782673,1.8759479270650106,-0.6808887057112427,1.928598609040403,3.3302836180909647,-3.6311326563580746,2497.9161739498795,4252.378491234888,5838.475579136459,7251.974129571243,8739.116335562241,10292.33968949673,12976.655154793556,15354.228465206786,2672,4923,6310,7661,9523,11101,13337,16338,2,2339,3998,5812,7500,9579,11973,13630,0.013496919350627783,0.1781838390931368,0.6987825366082763,0.38330755391226823,0.5754474286354814,0.14638102780746515,0.7425480387981658,0.1787310079984568,COMPLETE
152,0.7882968601332064,2025-11-12 12:58:12.916747,2025-11-12 13:59:11.910068,0 days 01:00:58.993321,-2.5762625868923186,2.5249060190936876,-2.000261778121088,1.7848551081794666,-0.6305251457895609,2.323199468590278,3.7644824299533473,-3.5524168144670583,2460.826066215958,4365.046792875266,5771.377817734573,7232.766305705027,8742.092428590093,10279.970577478354,13089.38995483327,15324.886617212098,2679,4922,6279,7672,9543,11102,13345,16317,3,2336,3995,5814,7513,9601,11933,13626,0.010530605499817634,0.16862503296686884,0.689787528051406,0.38538608573313865,0.502792962901762,0.14954080482269738,0.7236279885454222,0.18478076893124007,COMPLETE
153,0.45575642245480497,2025-11-12 13:59:12.359933,2025-11-12 15:00:10.324366,0 days 01:00:57.964433,-1.6012588863123463,3.065893253409201,-1.3485769002083334,2.19453956999034,-0.7797440128755465,2.00967728633802,3.0543446115346544,-3.979345283305062,2498.3984237396758,4237.048805131313,5832.785923236201,7203.2812640439515,8703.047905480977,10338.389926182832,13016.497571147296,15412.7011795771,2729,4880,6323,7633,9527,11133,13364,16370,8,2356,4025,5854,7526,9582,11967,13560,0.04525936376615841,0.1925263998438661,0.7490182120947363,0.3936137219854179,0.5885865157609322,0.16933070952307677,0.7908620512261282,0.15992952747090078,COMPLETE
154,0.4619410085632731,2025-11-12 15:00:10.758176,2025-11-12 16:00:59.367565,0 days 01:00:48.609389,-2.411202255667455,2.2090128243926688,-0.8538437635124035,1.5031219216565628,-0.04990570355307211,2.7136893128171176,1.6833651355580845,-3.4622256788967753,2413.6853250801996,4335.0211377587275,5745.158606685432,7263.9444226706655,8663.585633757768,10167.55459148496,12876.654276626556,15355.46540990076,2689,4826,6261,7579,9600,11074,13408,16331,22,2285,3954,5831,7500,9641,12051,13677,0.08583842365740331,0.1791965735837707,0.6426726654343735,0.4339573429310282,0.5722243299627602,0.136497682547685,0.7387945447322242,0.21745237570197679,COMPLETE
155,0.763558515699334,2025-11-12 16:00:59.760670,2025-11-12 17:01:50.927966,0 days 01:00:51.167296,-1.9636044281063287,2.783891270604742,-1.3985234615529794,1.3119483159308627,-0.31177085968904095,2.1996514209477613,4.124168934191311,-3.670233818502391,2499.2228601161705,4282.146165256998,5857.604361139348,7327.598263196192,8787.649436393278,10228.226634985862,12970.04663391556,15447.983847157699,2659,4889,6330,7667,9578,11108,13293,16432,0,2608,3995,5808,7575,9677,11988,13660,0.010302906204968846,0.23218813756581438,0.7249085075726749,0.3369610803395231,0.6082716819309522,0.1766639072227149,0.7069154883347488,0.18061290319402487,COMPLETE
156,0.5513796384395814,2025-11-12 17:01:51.214523,2025-11-12 18:02:44.921449,0 days 01:00:53.706926,-2.7389185529981805,2.470073750943185,-1.1190651361476671,1.106348069308397,-0.684063069007387,3.0283488847380964,2.490872330086437,-3.1186151722486906,2453.2956007859325,4393.32479449453,5892.512714490089,7176.37048169915,8765.291453927939,10299.714566758157,13130.019760917845,15281.703874101086,2709,4790,6305,7654,9512,11153,13352,16457,10,2466,4025,5845,7550,9580,11892,13730,0.04561845054787405,0.20384884902898726,0.5966935345860012,0.35710162366802983,0.5615464487033708,0.19874217544161846,0.777447142136651,0.1465658324035846,COMPLETE
157,0.6807802093244529,2025-11-12 18:02:45.290875,2025-11-12 19:03:46.450627,0 days 01:01:01.159752,-1.8428531471923995,2.222554659138788,-1.874472206265467,0.7573613768629609,-0.2989931114356902,0.8467226985345836,3.648908087185922,-2.4880819243904657,2390.3156286217168,4147.816516611311,5805.944586804201,7084.494978449859,8636.51546119736,10365.340627782309,12922.291291000362,15339.446567532643,2793,4847,6420,7725,9564,11120,13303,16279,0,2555,3978,5867,7532,9661,11945,13704,0.02993898060306411,0.16496961792761217,0.6655559763026472,0.44579725374541584,0.5401862097991922,0.15258893183776723,0.6912380453317755,0.2005973201431571,COMPLETE
158,0.4543292102759277,2025-11-12 19:03:46.850883,2025-11-12 20:04:28.720704,0 days 01:00:41.869821,-2.1988771557511666,1.8492908995273307,-0.41250646404198166,1.5134758337989969,-1.2308784688322225,1.6231567213164295,4.411868268161407,-2.8132485586396117,2347.4585186363506,4198.109068881986,5105.0668783529645,7238.206298323452,8818.76027731965,10341.751422893742,13064.111792167745,15474.002904383486,2675,4915,5852,7609,9500,11100,12978,16356,21,2377,4051,5773,7516,9614,11916,13596,0.07824663577264307,0.2191610015230859,0.6104595330255179,0.39602408655534965,0.6299690278473428,0.556841021626495,0.735290975414095,0.2887174037478232,COMPLETE
159,0.4357754519505233,2025-11-12 20:04:29.121104,2025-11-12 21:05:55.482725,0 days 01:01:26.361621,-1.6261265887623313,2.418484333786552,-0.7529482897715148,0.49140880658326114,-0.0817585886255722,1.913124546794512,1.8663408733468612,3.305134088729817,2425.658242567532,4117.987324045391,5840.429532505678,7155.2693108328,9202.188890638501,10386.59139290838,12772.467839147232,15405.047382086172,2650,4894,5920,7628,9536,11135,13278,16303,19,2672,4007,5798,7575,9594,12010,13632,0.05646721411143522,0.1575924270112416,0.6887011296853851,0.43059177721869907,0.5113029812510314,0.13479634168369853,0.7545654001224007,0.2781312411697709,COMPLETE
160,0.5180780209324453,2025-11-12 21:05:55.969847,2025-11-12 22:07:08.276962,0 days 01:01:12.307115,-1.2809642052812957,3.597539694974224,0.25124221455064666,0.10866190940700665,0.4348323048668341,1.3919020247793266,1.2017779654642802,-3.9092222887328867,2466.9193910677805,4270.409992453409,5785.228247539343,7315.129327902926,8736.184503623866,11288.183711533366,12900.786769320048,15285.058442686384,2701,4730,6245,7698,9482,11536,13406,16413,0,2341,3948,5833,7541,9574,11869,13657,0.037957218668331946,0.18011405378674197,0.7119150706467473,0.3715398617411003,0.6015539080765375,0.45385782576450373,0.8037049631281111,0.24509235672099558,COMPLETE
161,0.4752616555661275,2025-11-12 22:07:08.751774,2025-11-12 23:08:14.007892,0 days 01:01:05.256118,-1.013054136194169,1.72806142079666,-0.47873005943205504,0.8562241983850765,-1.000922443681948,1.8529018369241266,3.3559056566675958,-2.956858044713113,2385.2105767393973,4223.067961690563,5898.654985357441,7227.8785312543705,8788.37702316184,10093.354674519427,12735.475485213019,15238.286801663939,2615,4929,6357,7603,9570,11075,13000,16343,32,2237,4028,5753,7520,9534,12021,13631,0.026547951317411545,0.1353879130719688,0.7418630446039307,0.47197204057078374,0.6285738221217436,0.11764221263142347,0.7788638542519487,0.22783285858745106,COMPLETE
162,0.7844909609895337,2025-11-12 23:08:14.472232,2025-11-13 00:09:22.330013,0 days 01:01:07.857781,-1.452919077228306,1.393577306119034,-1.5105287492549753,0.3237212906264524,-0.6573072667788509,1.6369749226762298,3.9300384072876113,-3.3687199493870734,2330.748527773564,4021.833370590804,5972.386745765446,7276.237095201767,8890.291118391184,10311.473893160564,12978.537190817851,15366.577630207892,2677,4911,6388,7688,9456,11085,13337,16383,10,2256,3986,5776,7502,9564,11975,13603,0.010573456483473897,0.11549263692046222,0.7518246492402426,0.41873659955162257,0.5855054139920172,0.10024283836104159,0.8238606490289977,0.24018225236789195,COMPLETE
163,0.45670789724072314,2025-11-13 00:09:22.725292,2025-11-13 01:10:25.388461,0 days 01:01:02.663169,-1.7989965222966056,2.6968212773554754,-0.01244982915444559,1.0983183388767364,-0.8432896462143848,1.0462982158499556,4.685806489836982,-3.1940074727533982,2426.491372864668,4309.8409063432255,5873.045011514048,7276.450804062611,8690.26723447424,10243.942134153098,12728.322126773293,15302.207310746398,2757,4757,6338,7750,9623,11179,13383,16491,27,2303,3962,5722,7550,9542,11984,13681,0.05439920476457469,0.08958627506812475,0.710912468991725,0.37841413153740533,0.6458589433692647,0.16211131469566145,0.9973054124628964,0.26119739983198614,COMPLETE
164,0.47906755470980017,2025-11-13 01:10:25.631472,2025-11-13 02:11:07.783135,0 days 01:00:42.151663,-3.240494206900959,2.1886970187814456,0.4537176295424954,2.0974146082462823,-1.4544388589173005,2.177815581570754,3.0006098772206533,0.598265720735077,2277.6965953132108,4457.040312111909,5967.207695584332,7354.280554101279,8850.92583463214,10360.856193529586,12622.572058868273,15192.182524151347,2719,4929,6367,7525,9375,11104,13023,16387,14,2277,4040,5870,7584,9479,12054,13654,0.029554667823607324,0.14399326791332778,0.6848223689336571,0.4477883834053856,0.6645470979469165,0.12138311505458695,0.669074024136501,0.19870971215315017,COMPLETE
165,0.5156993339676499,2025-11-13 02:11:08.116521,2025-11-13 03:11:57.430512,0 days 01:00:49.313991,-2.2959524927943047,2.9615711921599717,-0.41207001139020794,2.486117603170997,-0.5394943924993909,1.284136362566653,4.421321298706782,-2.918811738492503,2468.57281642229,4072.1986018736416,5835.219138237564,7294.474151401381,8975.642708198591,10428.12300717551,13228.285305397485,15391.566065699193,2596,4944,6313,7667,9805,11148,13321,16307,38,2246,4083,5831,7562,9618,11946,13566,0.0845244901603069,0.4376767188655249,0.6555599056671568,0.3009844743619798,0.591559314004607,0.18437216791731179,0.7223847842546732,0.2146406009458437,COMPLETE
166,0.7816365366317792,2025-11-13 03:11:57.731642,2025-11-13 04:12:34.586578,0 days 01:00:36.854936,-1.1749689934547636,2.024671577846912,-1.0290367958947113,1.632718983289701,-0.2745335452601499,1.841392303066756,0.8304634862963836,3.884380896469643,2380.9710665785947,4138.306723726561,5906.407604847441,7110.384630555713,8909.790022340456,10486.499348206686,12653.291048780162,15336.3785097903,2661,4879,6271,7648,9494,11124,12970,16469,9,2291,4010,5801,7543,10242,11916,13642,0.01173446129792726,0.304533277272696,0.7276398023352311,0.3331992051237344,0.5624952193913555,0.20748176637083376,0.7558972873185634,0.2991928276577598,COMPLETE
167,0.41579448144624165,2025-11-13 04:12:35.455500,2025-11-13 05:13:29.706481,0 days 01:00:54.250981,-1.979913185397426,1.0916463213885286,-0.6322938490920529,-0.010218101557409192,-1.168264179307008,1.43041265648933,3.003550882402201,-3.542958570900449,2499.1906427778704,3991.3183206474805,5720.985032311136,7321.9165123551475,9085.577646169037,10409.675005575597,12814.50234456185,15254.556462681383,2731,4907,6291,7722,9593,11073,12950,16255,23,2328,4066,5892,7530,9502,12004,13723,0.06083257633437961,0.2691081968469358,0.7629191118594483,0.49387058009659074,0.6245407542177905,0.14349994952491796,0.8032741603498403,0.16999342790878957,COMPLETE
168,0.7716460513796385,2025-11-13 05:13:30.080530,2025-11-13 06:15:16.602477,0 days 01:01:46.521947,-0.7787952174422964,2.3919345155551497,-0.21002723220156938,0.5573555371681079,0.09505641198521686,2.4638624353071203,2.239227240154288,-2.6871463101361837,2412.8849060668995,4184.842889285381,4980.0649190260765,7428.109827416341,8734.261909806899,10255.12470315943,12861.526074331634,15711.452131293261,2791,4809,6534,7584,9454,11093,13526,16427,50,2359,3996,5808,7578,9457,11881,13619,0.03410706487478557,0.19219769515049734,0.6230401798140766,0.4141804215993938,0.6495587557809497,0.1006356926928142,0.9798590891589471,0.2354215247156775,COMPLETE
169,0.4367269267364415,2025-11-13 06:15:17.032011,2025-11-13 07:17:05.762265,0 days 01:01:48.730254,-1.0164317982629192,1.8226107510527059,-1.7790652596974463,0.3523083241667804,-0.9173520578313924,1.6245395883395812,-3.2394417671776967,-3.1235832913892545,2343.3968339903604,4106.215572148603,5858.483110124107,7212.442110673363,8804.30010785698,10295.332442030392,13007.034269193999,15013.013266921456,2688,4852,6228,7629,9544,11163,13001,16345,33,2315,3977,5848,7611,9594,11956,13696,0.7485345636205025,0.11378659084411415,0.704123899923013,0.4606554876206544,0.4869457477234502,0.17008821148776734,0.9329943386200973,0.2611712333274654,COMPLETE
170,0.4509990485252141,2025-11-13 07:17:06.083625,2025-11-13 08:19:02.948450,0 days 01:01:56.864825,-2.838571000871054,1.4894388116975812,-0.0034957526854662024,1.292390573234395,-1.5097329458767674,2.107778169892332,3.4768862776237723,-3.798201916862078,2295.92901922809,4012.6665521309747,5999.182994822931,7259.537097242523,9037.664780909148,11642.820033315189,12598.989832541236,15215.682839661817,2626,4831,6349,7675,9512,11125,13070,16449,17,2910,4020,5745,7502,9533,11566,13674,0.0503355544819583,0.029036619148311803,0.7377025731779825,0.39296740807737446,0.529187206381924,0.12695282448527684,0.9537028358231066,0.18726889877243794,COMPLETE
171,0.4681255946717412,2025-11-13 08:19:03.338188,2025-11-13 09:21:02.310783,0 days 01:01:58.972595,-2.4962435949231834,2.4882101669852554,-2.4857369895677426,1.9841662467423584,-0.5958288429295682,2.4393618445526837,3.9109222623354993,-3.498470435091813,2449.100358052017,4402.146968443432,5777.380477431752,7235.964416744267,8728.41778441617,10286.755775991352,13150.00163722521,15331.910428386289,2667,4927,6282,7669,9543,11102,13331,16308,6,2338,3993,5817,7521,9563,11922,13629,0.01167394988632986,0.16927738842005066,0.6841661396404844,0.37169648698929514,0.48601075830389795,0.14567472007545995,0.7283492841218268,0.1832027058512669,COMPLETE
172,0.49857278782112274,2025-11-13 09:21:02.747304,2025-11-13 10:21:44.837352,0 days 01:00:42.090048,-1.5906572590046357,2.5286614282302966,0.19115646214308543,1.7940776160687324,-0.3740023446569251,2.8656627734910174,3.789763281335171,-3.643193900341205,2453.14773219889,4343.862165159041,5767.326736355443,7338.595087422622,8771.90873519758,10187.639429219584,13068.743585269067,15303.861937490043,2695,4913,6325,7711,9367,11071,13034,16328,2,2271,4052,5787,7516,9607,11936,13404,0.02738728658174635,0.1613945630995659,0.8144315537550781,0.34483874296988026,0.45891798255927985,0.15859740897426702,0.7835138658756448,0.2211683896157276,COMPLETE
173,0.38534728829686016,2025-11-13 10:21:45.129015,2025-11-13 11:21:54.150869,0 days 01:00:09.021854,-1.275884078516371,3.180354646659591,-2.1544188190400355,0.7203909525676528,-0.6757167658555469,2.244265225295803,3.1929616015587348,-3.3181944147514835,2417.5709432127255,4406.106393398199,5801.704101281499,7157.924977903844,8838.148374413133,10377.433316822016,13031.035795226357,15172.16040246127,2650,4889,6396,7688,9390,11095,13347,16499,0,2335,3963,5815,7550,9633,11971,13607,0.06899979789261232,0.23035062191366032,0.6963223723007628,0.4004140100701127,0.43966822287113116,0.19225547761151904,0.7582033183506887,0.15729437898660664,COMPLETE
174,0.7887725975261656,2025-11-13 11:21:54.576714,2025-11-13 12:22:13.488858,0 days 01:00:18.912144,-0.6779861319990743,2.73798644951198,-0.3738850961061303,0.1599378367004759,-0.8010094340980969,0.773121116918995,2.732545276850106,-4.080702675748746,2369.929870739281,4379.145725085522,5945.405570414015,7212.520743028412,8673.025490916132,10325.120380171313,13127.061444411553,15384.114480553928,2713,4918,6198,7646,9547,11140,13247,16368,17,2296,4003,5862,7516,9597,11539,13750,0.012370375432260723,0.21223971352371696,0.6608494755016127,0.37778928682643864,0.6983030828547782,0.11541244965522376,0.7263293185776667,0.298861049262246,COMPLETE
175,0.4586108468125595,2025-11-13 12:22:13.812816,2025-11-13 13:23:20.732750,0 days 01:01:06.919934,-0.7107584197882277,2.7890369542660673,-0.39832016295928463,0.06460648008513248,-0.9918967911960288,0.8426030780334763,2.6766015675083987,-4.095496193460743,2370.5493985000708,3963.423924461054,5939.034462841175,7193.934043631626,8688.785572586492,11549.117162795688,13122.41850684885,15376.00870004502,2737,4944,6439,7563,9582,11195,13746,16391,19,2290,4137,5871,7532,10277,11988,13739,0.040433198466065016,0.0816217420675138,0.6513622157455288,0.4220525889389961,0.6742800940837321,0.10830045665085765,0.6914140123395207,0.28569410610202034,COMPLETE
176,0.4571836346336822,2025-11-13 13:23:21.078195,2025-11-13 14:23:54.629824,0 days 01:00:33.551629,-0.6261608680517707,2.088721618750938,-0.09808383935894024,0.9993479056164458,-1.8982100975590555,1.0631282477079456,2.8255541784181846,-2.980155951004801,2355.7312641133726,4317.003211191092,5894.527359991016,7390.424375577286,9138.466496463227,10337.07574448739,12689.842572342182,15829.624229815869,2712,4860,6374,7597,9409,11144,13246,15869,26,2252,4037,5860,7589,9578,11558,13688,0.10832835043235257,0.20432331761635256,0.7215044391529652,0.3245269499282777,0.6916094394512338,0.09186352060448369,0.6549273028728789,0.3061340289427066,COMPLETE
177,0.4267364414843007,2025-11-13 14:23:54.952280,2025-11-13 15:24:14.955929,0 days 01:00:20.003649,-0.9615521452618341,1.6629869934434571,-0.7970345254631603,0.27430273801693017,-0.8224578049698897,0.6240694115070974,0.2558653773535009,-2.6745511785250184,2404.0896764858167,4249.112799919278,5966.551553173291,7124.246106705237,8645.193862407623,11368.81460942719,12929.11263789291,15103.774543259853,2645,4894,6075,7645,9558,11118,13005,16358,11,2220,4003,5894,7565,9667,12019,13788,0.031084231999246877,0.24037058497989644,0.7701586042816975,0.36742433997137447,0.7020278928991237,0.06624089376472381,0.8173101079926477,0.6692608920523202,COMPLETE
178,0.7849666983824929,2025-11-13 15:24:15.185555,2025-11-13 16:24:20.604370,0 days 01:00:05.418815,-1.7284009809491527,1.2833031598674465,-0.5755848479169401,-0.2660143486133245,3.631870423354403,1.7735095863818264,4.931107728702974,-3.255124551682769,2310.628730631668,4049.4671797121973,5924.696784458732,7523.627668832622,8961.420972528027,10474.525502772674,12792.770069536258,15264.797186353648,2775,4703,5970,7625,9639,11055,13110,16375,40,2299,3948,5912,7503,9548,11999,13491,0.011452205801259285,0.015406955848075457,0.6621359604364779,0.43394897448076203,0.6070980713355604,0.12715502769260334,0.7892393336031877,0.2468702331735323,COMPLETE
179,0.4495718363463368,2025-11-13 16:24:20.977113,2025-11-13 17:24:09.800292,0 days 00:59:48.823179,-1.4263614120718997,2.293191745496242,0.6102583931627125,0.5815656415402126,-1.1333427866416603,1.2265120736331918,-2.925810832776551,-2.3866605523761635,2497.675361555621,3670.5468435817124,5883.60606262786,7565.652394637459,8878.472298006154,10649.420238059965,12552.208127745347,15225.149299896644,2626,4877,6345,7992,9358,11168,13085,16414,16,2493,4080,5836,7542,9706,11503,13756,0.08697593046498704,0.07036764017635123,0.7546771189818551,0.48009497605605184,0.7728200879067577,0.23662247148909107,0.7401310764473558,0.27351641028982726,COMPLETE
180,0.3824928639391056,2025-11-13 17:24:10.121500,2025-11-13 18:24:03.752916,0 days 00:59:53.631416,3.5478305537796944,1.8671742894267465,-0.2570981304104495,0.8484397783373505,-0.4959723217298931,1.5667247677897311,-3.5323469585265714,-3.8753999801203385,2435.111949298132,4492.331730893904,5826.214844554167,7264.260688058863,8753.210674549475,10404.015191217832,12720.658866946593,15389.650773236668,2821,4908,6467,7613,9437,11137,13034,15895,32,2270,4018,5766,7628,10007,11520,13336,0.056017763414937374,0.03667123231653459,0.7855685780668282,0.4585272334223707,0.6334273888490688,0.1799514368792241,0.9214346215948584,0.3069342846136512,COMPLETE
181,0.48430066603235017,2025-11-13 18:24:04.239957,2025-11-13 19:24:03.398521,0 days 00:59:59.158564,-2.5383155180070904,2.6241892128400086,-2.313744309746358,1.6352544291813402,-0.8027636023445277,2.2853547664681537,3.5923371336296546,-1.4433265607704984,2474.7033158912395,4370.019920645424,5950.120438744719,7224.386882762076,8797.259367121549,10275.436479596343,13077.671464680383,15323.177903601618,2706,4923,6305,7663,9524,11103,13375,16289,10,2322,3982,5789,7520,9590,11958,13650,0.013188615069959697,0.176094161844624,0.7099673442142868,0.3891689831678156,0.551209602885525,0.14430451312550965,0.7140170171162972,0.20650564589691653,COMPLETE
182,0.4291151284490961,2025-11-13 19:24:03.803542,2025-11-13 20:24:34.859593,0 days 01:00:31.056051,-2.959742345299776,2.625905368990541,-1.224481337855401,1.800028774563614,3.2311823262491,1.9583246004889696,2.2385386920734005,-3.5969699421437404,2459.7886716102826,4298.525534709893,5856.215890143238,7301.843556451165,8733.89561531015,10344.964812566788,13087.571918343609,15449.388389739495,2684,4923,6201,7689,9546,11110,13439,16319,1,2352,3997,5822,7515,9615,11533,13713,0.4706901146448805,0.2074870200547454,0.7431831421073142,0.2722921759814888,0.6669833008943791,0.14970996143463958,0.773635810520625,0.2411560728781097,COMPLETE
183,0.7949571836346336,2025-11-13 20:24:35.222346,2025-11-13 21:25:14.430883,0 days 01:00:39.208537,-0.9013931735188565,2.9131553134080224,0.11942026379454085,1.4243573197957118,0.3009553782318939,1.4403050951426766,2.4305114825518106,-3.4125287304480723,2386.4468038196705,4429.682853434318,5760.849357532372,7182.928172627876,8633.005367295831,10442.098094908186,13186.333280740855,15301.430300238626,2674,4886,6510,7655,9495,11149,12985,16343,0,2307,3971,5880,7557,9521,11445,13622,0.011034218865699398,0.14256492040728042,0.6816694164563595,0.3755435637865926,0.580695121630044,0.21064306793913368,0.7359602522130513,0.26194831631182697,COMPLETE
184,0.4866793529971456,2025-11-13 21:25:14.896384,2025-11-13 22:25:56.710918,0 days 01:00:41.814534,-0.8306127535038176,2.8295106345082344,0.2730180183606671,1.4074784357270844,-1.3853835468303788,1.3596976561489253,-3.0699282756673947,-3.3973126482729152,2385.8282369636945,3903.0730345219513,5916.500818029546,7176.916536958418,8603.263068001796,10440.152714177908,13182.360521740799,15277.15844806363,2609,4883,6573,7656,9466,11157,12976,16346,22,2304,3976,5877,7566,9517,11421,13671,0.042614854839112565,0.12587077980628242,0.676799349326542,0.35696020803782774,0.5714181139937528,0.21520601304761527,0.747545744056922,0.27224406065155127,COMPLETE
185,0.7930542340627973,2025-11-13 22:25:57.323773,2025-11-13 23:26:17.376797,0 days 01:00:20.053024,-0.46529098008661274,3.1962844023541286,0.026094845570146574,0.6396582920568199,0.18452272728993585,1.487850795381179,2.484861983775818,-3.1054924339708543,2337.1689281276604,4455.771193635676,5819.82612493296,7351.5218807821775,8670.966264877812,10515.901175345321,13300.18025598288,15504.734456246262,2663,4839,6541,7638,9495,11174,12991,15843,14,2247,4038,5852,7544,9558,11383,13597,0.03274834101846684,0.13763166145288966,0.8481090615940943,0.4065845623352393,0.584266047851604,0.2618713302570071,0.9582391621234628,0.3271926670250165,COMPLETE
186,0.6612749762131304,2025-11-13 23:26:17.637365,2025-11-14 00:26:14.072337,0 days 00:59:56.434972,-0.34059725582969513,3.459502862846362,0.030976304440658714,1.0754151989079983,0.4498673089355562,1.5688586998226812,2.390725010758741,1.5893972571140274,2335.4080827193893,3967.2676061590123,5740.569208744902,7365.034768550694,8621.255405516808,10527.252755844738,13279.403525315003,15526.787229620237,2670,4804,6505,7859,9498,11183,12990,15839,354,2719,4050,5844,7655,9520,11435,13544,0.07021719367550645,0.10555491238582906,0.8385056361674444,0.4051865916569157,0.589117491700113,0.268951477036311,0.9695299709989885,0.3334660536070565,COMPLETE
187,0.7940057088487155,2025-11-14 00:26:14.315953,2025-11-14 01:25:59.772103,0 days 00:59:45.456150,-0.170018673973379,3.0986450646985353,0.44619505859221165,0.5639863803795524,0.14011354913209026,1.7909722848148795,-3.2427388008457685,-3.066892709484884,2271.9692932969074,4450.002979541437,5696.532898818713,7331.908578734709,9004.463701649647,10495.12576979718,13406.6778057524,15676.136511470213,2635,4841,6514,7713,9486,11198,12931,15861,0,2237,3945,5899,7601,9560,11450,13578,0.04003221118747287,0.14562932334868223,0.8252566106174943,0.5053661190595341,0.606766447720952,0.30629046286103206,0.9581080230367711,0.62830970823279,COMPLETE
188,0.796384395813511,2025-11-14 01:26:00.139533,2025-11-14 02:25:54.125087,0 days 00:59:53.985554,-0.15653030049194616,3.439163377154258,0.9041275641467346,0.6928769530945186,0.32619871549114127,2.040603890592918,2.5037713068842287,-3.135747991673096,2415.0499146771,4450.607221166769,5688.709903389075,7423.106498404866,9073.98151720566,10579.75708125651,13387.959598130694,15775.880328428671,2635,4841,6555,7693,9486,11203,12931,15849,0,2234,3960,5930,7605,9552,11382,13576,0.04938388775209339,0.1471992215050733,0.8770479242467649,0.44195501733519926,0.615571146034081,0.27442286327048276,0.9471220167531347,0.6927387413025793,COMPLETE
189,0.7916270218839201,2025-11-14 02:25:54.522212,2025-11-14 03:26:02.187314,0 days 01:00:07.665102,-0.21399163282983466,3.8829382327940807,0.7436572528958981,0.5659350451929445,0.23189680607594707,2.054642349223492,1.9054712690553672,-3.163605221395781,2243.845367684824,4464.152978763522,5669.124365042664,7434.742201879227,9082.100440451679,10593.140148522554,13386.632947822778,15749.417232682717,2637,4837,6549,7734,9478,11210,12930,15854,10,2205,3950,5926,7598,9568,11460,13580,0.04975399103156854,0.14481621625755195,0.8191847051675709,0.5030356716947866,0.6189716732451254,0.3154971954903167,0.9075977379558816,0.2625821965599706,COMPLETE
190,0.4495718363463368,2025-11-14 03:26:02.494648,2025-11-14 04:25:42.527734,0 days 00:59:40.033086,-0.13445069090399697,3.693652567600288,0.9023244466287869,0.4798548407298939,0.24103328173046634,2.0419793290429675,2.0095824534153413,-3.152034178938287,2210.4030428563215,4492.80933871754,5682.78494600872,7440.000825669091,9088.96021626789,10586.290563779046,13344.587480823708,15771.33898213516,2642,4839,6613,7735,9479,11205,12931,15854,17,2210,3972,5931,7605,9494,11462,13519,0.5583594257243611,0.14673675876777442,0.8858718553853134,0.5013259804019728,0.6233261651040034,0.3603604356900288,0.9414395874642061,0.6270354766528263,COMPLETE
191,0.7959086584205518,2025-11-14 04:25:42.746382,2025-11-14 05:25:48.611739,0 days 01:00:05.865357,-0.09128894650610764,3.2189447434339247,0.44310783982453694,0.8807342229601008,0.7263890503822725,1.7443490207902004,2.0462928778951115,-3.3362097679590397,2248.0166354132675,4452.100333778082,5716.626505390111,7399.625634023192,9174.796151212768,10544.516204440242,13401.75319216292,15847.639035915037,2606,4811,6550,7766,9503,11236,12947,15832,11,2239,3951,5913,7582,9558,11381,13584,0.04697295023851042,0.14998713067456754,0.8530918661921051,0.4741964505442449,0.6030602106526406,0.27986303367032317,0.8950422083407704,0.6738449071943866,COMPLETE
192,0.7959086584205518,2025-11-14 05:25:48.955316,2025-11-14 06:25:40.547553,0 days 00:59:51.592237,-0.09895772619177523,4.038823814309299,0.4718402073105114,0.7847504805086053,0.700607251161437,1.714179430092617,2.479023308430735,-3.2481210287454667,2256.465893789263,4413.526148461931,5629.477624029676,7413.508454077579,9064.725872950494,10562.357723602874,13491.417690149783,15841.160508395476,2601,4820,6559,7788,9497,11223,12937,15832,10,2230,3951,5914,7586,9567,11376,13577,0.05172213372933789,0.1393224321184525,0.8777671712999928,0.49246540599616806,0.5790971840266637,0.3259966995148218,0.906703725890228,0.6787629368091689,COMPLETE
193,0.7916270218839201,2025-11-14 06:25:40.853020,2025-11-14 07:25:45.430879,0 days 01:00:04.577859,-0.04477958758172873,4.496510835303004,0.3856445760781054,0.6742677518984673,0.647689381316025,1.47267034312722,2.415017639549816,-3.082099798003434,2180.912538593757,4444.845237311636,5633.276957411641,7407.144649077397,9138.949938871401,10545.666353498462,13494.297874992162,15897.958042641976,2601,4834,6552,7769,9493,11232,12946,15819,14,2229,3953,5910,7584,9559,11375,13581,0.05442755721116348,0.12927889770798326,0.8863763581188925,0.4865919598306404,0.6057918343437392,0.31230640109588736,0.9051482089098423,0.7086568056248869,COMPLETE
194,0.36631779257849667,2025-11-14 07:25:45.813847,2025-11-14 08:25:29.919638,0 days 00:59:44.105791,-0.46598818464084646,4.260072029712065,0.6201212212541197,0.7358111968205641,1.2072047036598368,1.2075435517373039,2.2007336061801936,-2.7961621337021842,2248.279426401772,4439.859158466461,5670.253270477547,7491.651213808595,9160.485598830881,10498.602913731136,13386.00207986644,15930.588864338984,2564,4769,6653,7836,9470,11225,12920,15839,219,2190,3948,5922,7616,9544,11392,13559,0.09626516874682868,0.14576799676999636,0.8545727804152403,0.5040533918658646,0.6129564668111803,0.326605155228688,0.9173036168198154,0.7124410464992665,COMPLETE
195,0.5566127497621313,2025-11-14 08:25:30.214928,2025-11-14 09:25:21.756889,0 days 00:59:51.541961,-0.2750711080605932,3.913780205704779,0.8363139648644785,0.4402634433022595,0.7729149052006169,1.682747307778642,2.065762752117684,-3.1275541941090657,2051.8298463259785,4432.330478687011,5601.825523563882,7425.612973939226,9062.571145878095,10601.416514754352,13422.77951444274,15850.372422263337,2616,4810,6576,7757,9509,11196,12955,15879,9,2209,3966,5931,7598,9515,11310,13596,0.0651564311987439,0.11984175670606953,0.8926301413571704,0.4448034484851143,0.5506480913612154,0.31689542292191825,0.8826184884480078,0.7158075874344515,COMPLETE
196,0.7806850618458611,2025-11-14 09:25:22.152338,2025-11-14 10:25:31.081603,0 days 01:00:08.929265,0.00047413293984177596,3.264333931597141,0.4469630917052325,1.1348809922675283,0.20093792548660094,3.5130617591026185,2.5111767569906793,-3.2827861920499544,2237.0254439721957,4487.110778111411,5709.825700216135,7449.85487017003,9036.556752474437,10540.01998632709,13498.972553426862,15779.071479446951,2588,4814,6515,7818,9453,11213,12933,15857,28,2236,3945,5897,7635,9562,11341,13581,0.04500304263357428,0.15071360945617912,0.8601538278164416,0.47212824097040074,0.5839431096310348,0.29601694511952464,0.9488497856828336,0.6698103603441545,COMPLETE
197,0.6726926736441484,2025-11-14 10:25:31.346300,2025-11-14 11:25:43.535135,0 days 01:00:12.188835,-0.5204715403246721,3.9172207837137463,0.2892926678925567,0.6540582517437803,0.341719209108776,1.735902209033169,1.5830732929897797,-2.9059266207428824,2326.770896206682,4459.650749487231,5654.683735012342,7378.076577313103,9192.272350442092,10575.178563905469,13324.707864262637,15722.226525775348,2641,4795,6539,7794,9436,11243,12964,15815,23,2175,3966,5957,7582,9528,11355,13543,0.07712229582377259,0.1020451090186289,0.8171569359318579,0.5133230607262126,0.6358593334905235,0.28679076235961354,0.928972636869009,0.7435278354042876,COMPLETE
198,0.7859181731684111,2025-11-14 11:25:43.826955,2025-11-14 12:26:23.775406,0 days 01:00:39.948451,-0.15969236732392111,3.532099496278425,1.1821164590727031,0.3004691186526048,0.5713074093006801,1.3903540645682693,1.4274478445993377,-3.373685089386158,2146.300077977185,4425.437846754723,5698.672590472517,7491.923251139772,9230.089723252113,10638.739062699966,13418.08262096925,15816.197185211247,2629,4580,6560,7717,9484,11171,12903,15837,11,2232,3972,5902,7613,9565,11387,13566,0.04153568208044528,0.13794941753097553,0.9193863672371672,0.4527089119422534,0.6497500193783775,0.2619405012997115,0.8970600772812382,0.6352485988248271,COMPLETE
199,0.7825880114176974,2025-11-14 12:26:24.083394,2025-11-14 13:26:06.329498,0 days 00:59:42.246104,0.21653871373503136,3.7321633495914104,0.08894313382324867,0.9001627465492548,0.9357253091970479,1.0120973894058154,2.4039362951780165,-3.0678895699225897,2262.218729229618,4482.88315415235,5737.796812318178,7331.504574166242,9019.072003216703,10506.527431837229,13613.803507780101,15974.779898300603,2610,4851,6499,7736,9467,11187,12939,15883,26,2211,3961,5935,7559,10215,11416,13457,0.03427007930114486,0.12677058781536815,0.8586026263037876,0.46796122746246804,0.6193747994150384,0.2914842278988297,0.8689093782519772,0.6844540600233502,COMPLETE
200,0.49762131303520457,2025-11-14 13:26:06.622848,2025-11-14 14:26:03.258969,0 days 00:59:56.636121,-4.519163377204996,3.001065380470979,0.6276090819062289,0.4891705992727256,-0.07441655231137556,2.044405087177755,2.0442034480282034,-2.5976587712295665,2111.664182472973,4428.664906903924,5633.362018318819,7395.8904413616665,9113.606313905308,10476.353375977847,13393.810808292985,15868.806918458493,2579,4831,6524,7712,9504,11212,12985,15869,10,2243,3946,6160,7598,9542,11452,13592,0.07472024284510127,0.0989455936530277,0.8279969076937798,0.49112551576695224,0.5757352449931232,0.2739638528713502,0.9586686691317121,0.6078599655131856,COMPLETE
201,0.7901998097050428,2025-11-15 10:06:13.267591,2025-11-15 11:06:50.011767,0 days 01:00:36.744176,-0.011813990838901195,3.2032851014942185,0.4412662523620218,0.6952851402426059,0.8184404816713663,1.4655512993065627,2.8072069925148537,-3.1709452738175394,2197.52948884726,4452.50619190791,5726.625495852154,7400.3577814098235,9133.493479164468,10523.8529177641,13499.792250123417,15906.25729371286,2600,4840,6551,7766,9496,11232,12949,15811,14,2224,3981,5913,7574,9555,11329,13580,0.0549637938834354,0.13124618872993282,0.8812475458607659,0.4736886153747334,0.60214509239149,0.30497297756360225,0.9103959661339704,0.6939429296027152,COMPLETE
202,0.7978116079923881,2025-11-15 11:06:50.342230,2025-11-15 12:07:20.431211,0 days 01:00:30.088981,-0.22544916063376874,4.476454191504686,0.30074505126843804,1.2209243445346825,0.5689191780898055,1.5574457022453014,2.4001532279412405,-2.9796647944953105,2201.3492918008033,4398.216475139871,5572.369923071325,7450.817398132349,9095.519472324731,10557.105251536157,13475.755897368166,15768.1150421478,2627,4865,6606,7808,9484,11249,12930,15827,0,2199,3944,5888,8488,9563,11376,13578,0.049968099251381216,0.15490466405838232,0.8494643277628359,0.4863557589287919,0.6074898672609977,0.36480344656934377,0.9011979453508377,0.6565289519939036,COMPLETE
203,0.7787821122740247,2025-11-15 12:07:20.736288,2025-11-15 13:07:41.325264,0 days 01:00:20.588976,-0.33643877090740915,4.27210393847768,0.9114792118976253,1.2160790388198608,0.3494586296603603,1.614963142019912,2.6140335934844217,-2.8542275355663196,2268.275974736388,4362.50333782596,5675.731740682374,7519.270796197026,9078.86284792374,10632.604105784822,13359.117118848762,15791.916969645836,2654,4860,6596,7702,9456,11244,12924,15851,0,2193,4016,5880,8489,9500,11374,13512,0.04343434805822414,0.15618892678626117,0.8408237329128619,0.4315723755362429,0.5908289489892044,0.3367503615672374,0.9832765940418963,0.571495096300504,COMPLETE
204,0.801617507136061,2025-11-15 13:07:41.615138,2025-11-15 14:08:14.310077,0 days 01:00:32.694939,-0.4562149298903242,4.640861250708014,0.17718669297772527,0.8596453209661873,0.6136468539664498,1.7893452824134282,1.8824412322282413,-3.267518589884866,2296.1215220584927,4363.681462843176,5701.817942855787,7472.163678958277,9096.132933417786,10586.961024098133,13458.927872439637,15756.068166214665,2625,4871,6611,7784,9475,11199,13017,15827,0,2256,3967,5888,8443,9574,11395,13606,0.03070459554166082,0.18578743642591594,0.9063975295113181,0.5214981532612578,0.6294586728279689,0.3291895341224507,0.8528933662247331,0.6547741101165746,COMPLETE
205,0.791151284490961,2025-11-15 14:08:14.563421,2025-11-15 15:08:41.698422,0 days 01:00:27.135001,-0.4237557437714497,4.9152811843369255,0.15326238780677282,0.9117127799255738,1.0767823974319501,1.7835838346295505,2.2863531527497085,-3.319862237211082,2305.355210455726,4397.999018118256,5568.905013110319,7463.72687711027,8984.06959689217,10556.736705209905,13453.971936975491,15696.01402214292,2621,4871,6626,7792,9424,11189,13015,15830,0,2258,3987,5888,8489,9528,11276,13609,0.02755885675318722,0.17717431652361132,0.9162742285904703,0.5315040426637296,0.6427457590588691,0.33010925191186213,0.8539749902233955,0.6964113573307862,COMPLETE
206,0.7887725975261656,2025-11-15 15:08:41.981678,2025-11-15 16:09:08.300627,0 days 01:00:26.318949,-0.4950273881631131,4.195194943475122,-0.10211777941793534,1.19947214212878,0.5782068393665689,1.302174556431701,-3.3251508291969634,-0.4049130802327119,2297.454237205015,4401.179282368965,5604.3974291176555,7350.496505795839,9049.596760333872,10486.717707358868,13474.397449557167,15815.485785304618,2655,4817,6694,7802,9440,11257,13043,15799,21,2254,3944,5883,8448,9477,11351,13553,0.030284549096604274,0.19221770151912937,0.9345574639793429,0.4492980874027779,0.6563192437519499,0.3502808114118514,0.8378012827728899,0.6466711981961478,COMPLETE
207,0.49857278782112274,2025-11-15 16:09:08.609942,2025-11-15 17:09:45.693106,0 days 01:00:37.083164,-0.6665389374226973,4.836610231622156,0.27574600748188755,0.8501342012095646,1.5028070170990406,1.1599079839641706,2.8935820408053403,-3.4720842766716697,2353.655781398074,4352.769728600095,5760.927167178498,7580.388634117004,9020.076941924597,10557.678836230918,13222.535986817695,15774.819437510101,2577,4785,6588,7882,9472,11170,12997,15760,11,2273,4030,5856,8423,9960,11405,13617,0.09341291194069062,0.48255206012890406,0.9559783015409703,0.5230603719446402,0.5699341460826074,0.4183217443724399,0.8888378918381011,0.6591144668034614,COMPLETE
208,0.47335870599429114,2025-11-15 17:09:45.905106,2025-11-15 18:10:05.249704,0 days 01:00:19.344598,-0.9604909744635942,4.567717356724038,-0.006332136844554415,-0.08957139686328205,0.7430013681506223,1.7509098260098908,-3.5938861299319784,-2.98781241584699,2172.2825241851333,4386.140423741348,5714.150898096387,7529.585600471861,9289.714288274281,10451.348801195636,13562.914074872435,15690.38647456907,2598,4867,6639,7780,9512,11226,12977,16468,24,2226,3978,5908,8367,10256,11393,13603,0.06543098797890928,0.18718879972001606,0.8997078186675745,0.42072625928173224,0.5520747857425946,0.3753767963251767,0.9291255613088947,0.6682018188864005,COMPLETE
209,0.7830637488106565,2025-11-15 18:10:05.461811,2025-11-15 19:10:24.636420,0 days 01:00:19.174609,0.13486334605592243,4.440016301982487,0.1465596375307211,0.2879704950823132,0.03337764982270308,1.4995207687296523,2.5927123478227063,-2.7173246943496325,2391.7604310170946,4321.991537494825,5696.318915769471,7367.669231423554,9104.19954234852,10516.71618386487,13446.098512270091,15606.805920067825,2695,4852,6518,7851,10088,11155,12960,15780,34,2793,4011,6192,8450,9579,11359,13655,0.03052149137131386,0.16168648181112164,0.8766135863420246,0.5482865580828689,0.629232010097588,0.2521233184611279,0.9550723574097851,0.745018338678708,COMPLETE
210,0.7231208372978116,2025-11-15 19:10:24.930402,2025-11-15 20:10:10.827004,0 days 00:59:45.896602,-1.1203716553173164,3.3594650972785147,-0.15360231306948954,1.3704424845603798,0.6802911046224935,2.1987876575991687,2.1235695820893272,-3.7327155201322,2327.471185956055,4433.434631155817,5529.430574769633,7472.397134655171,8933.389905910144,10623.146419337843,13548.158181228313,15837.302399845132,2549,4886,6570,7688,9410,11184,12900,15831,0,2242,3975,6131,7553,9544,11376,13602,0.11162413211236308,0.06043392586900016,0.8530055640277305,0.47280517563600777,0.5989414366151158,0.34717613953545867,0.8668143207454448,0.6042832589997735,COMPLETE
211,0.7949571836346336,2025-11-15 20:10:11.251246,2025-11-15 21:10:19.819077,0 days 01:00:08.567831,-0.20108495973921256,3.975889545979562,0.592354137526709,0.553202778884612,0.3091090758703403,1.9411936497071538,1.9670121817551867,-3.312049544903159,2231.840853351948,4481.140031647682,5692.427868680745,7427.81142225971,9165.191856927979,11904.326777495062,13391.918368371182,15758.713371479977,2637,4845,6536,7751,9482,11201,13013,15859,9,2193,3963,5931,8468,9567,11405,13617,0.047346484638895604,0.1508493735389162,0.8059805436743497,0.5023205246619299,0.6143312750040092,0.28243401314023947,0.9066746971887003,0.6225439356032478,COMPLETE
212,0.7973358705994291,2025-11-15 21:10:20.135639,2025-11-15 22:10:06.611754,0 days 00:59:46.476115,-0.2237470278883176,4.733489033938007,0.5903132995254292,0.777683957888585,0.40882736692046184,1.8814176978953467,1.227217724338359,-3.3822933854822677,2216.8709627756302,4499.125287291918,5698.5527190404655,7419.734086254854,9209.609017189083,11992.820420223938,13269.346649544636,15746.15017777322,2626,4815,6483,7804,9516,11203,13016,15872,10,2166,4212,5941,8462,9605,11409,13642,0.031996087684534553,0.11455332923620991,0.7972218691105475,0.48610344446955867,0.613357331538731,0.28685221693300716,0.9384081066793409,0.6183831946990509,COMPLETE
213,0.796384395813511,2025-11-15 22:10:06.929767,2025-11-15 23:10:12.761554,0 days 01:00:05.831787,-0.18906088570674467,4.766882009246648,0.5389843086006789,1.036278202178868,0.39363021303013684,1.9348878780544472,1.490246895916229,-3.4125793092310723,2217.6865718894924,4483.7942663006315,5708.439045125368,7434.356799244998,9214.24128642947,11921.23539233269,13300.030223028158,15754.49630604855,2629,4818,6539,7810,9518,11201,13021,15886,10,2174,3966,5947,8477,9608,11404,13639,0.028519603711191843,0.9686836336377984,0.8008374598892027,0.4906897946736159,0.6136809831084603,0.2750765908205862,0.9304430336449372,0.6223992447695198,COMPLETE
214,0.8011417697431018,2025-11-15 23:10:13.008663,2025-11-16 00:09:58.249094,0 days 00:59:45.240431,-0.10583209811523576,4.581726225061765,0.5471536968254471,1.0844682571505757,0.16096555090701842,1.9387891993589081,1.688468981335867,-3.4303196384393813,2192.012954388871,4491.848815811136,5663.532883335093,7428.814909559497,9236.390265163802,11978.392741176902,13303.94348408305,15748.62074446837,2633,4803,6606,7783,9514,11202,13026,15872,10,2219,4191,5960,8478,9606,11409,13639,0.057485395206877184,0.7664769259107715,0.7969852013008641,0.48773300671700537,0.6114365684374172,0.28077341162680497,0.9420186575657379,0.6312113036535979,COMPLETE
215,0.8044719314938155,2025-11-16 00:09:58.493345,2025-11-16 01:09:42.928666,0 days 00:59:44.435321,-0.1129791500222222,4.820991777536752,0.5652333362431446,1.0528240993704192,0.4564834038140501,2.5769410460896287,1.3722318284543822,-3.4281010110403844,2185.3772137796336,4498.364265528751,5693.703555028642,7483.737793462037,9249.147053008928,11874.691386626433,13235.294207773295,15735.509235741629,2624,4774,6613,7828,9523,11204,13010,15885,0,2189,3962,5949,8470,9607,11436,13647,0.07589347299616772,0.670057889679124,0.8000850230164218,0.4917988258344323,0.6142964825554595,0.27487331637418794,0.9340438666926272,0.6210968625493114,COMPLETE
216,0.8039961941008563,2025-11-16 01:09:43.212401,2025-11-16 02:09:35.469759,0 days 00:59:52.257358,-0.2068804702934152,4.807672428920556,0.518965189817456,0.9366019850717433,0.4200130814321906,2.258393013111457,1.2617387630510162,-3.356313164914132,2179.9113703744165,4418.820133738088,5648.091501548372,7486.859708414033,9185.772841464986,11928.00096500938,13269.425186748787,15740.353429159824,2625,4764,6579,7811,9517,11206,13021,15877,8,2190,4204,5962,8477,9628,11440,13650,0.07846585747973588,0.9376070510243434,0.8004454193814518,0.4988112708556494,0.6151587323002613,0.2871986046919858,0.934169304264921,0.6153479993550416,COMPLETE
217,0.7878211227402474,2025-11-16 02:09:35.700462,2025-11-16 03:09:16.337536,0 days 00:59:40.637074,-0.08681403125747594,4.98170139677383,0.557844745420184,1.1002150154909383,0.3990558273012671,2.6176425087292134,1.1090318028696697,-3.389538374180289,2195.7566525928382,4481.017763177582,5649.544861390482,7449.974774435884,9246.318235057199,11990.77851267861,13289.31100592851,15754.271413307353,2630,4798,6596,7809,9510,11205,13052,15894,9,2180,4220,5951,8462,9639,11433,13663,0.08620910656624316,0.9684091110903801,0.8002255279494107,0.5131348981605169,0.6141395990817534,0.2839360799058107,0.9194884725281623,0.6260321394074013,COMPLETE
218,0.7978116079923881,2025-11-16 03:09:16.594297,2025-11-16 04:08:59.294056,0 days 00:59:42.699759,-0.23006536097111674,4.577378598148866,0.9774081221341049,0.9836517120747783,0.591359216261544,2.4456727012633825,1.466676885276111,-3.75111010968332,2222.539480639982,4496.852243313394,5640.512883896237,7513.444022872168,9214.74262664774,11880.292746760264,13248.423031107386,15732.425705008594,2617,4774,6613,7827,9484,11203,13017,15881,19,2173,4182,5951,8401,9617,11408,13646,0.08020699405219672,0.8357419392159584,0.8056742392426623,0.4889069760379995,0.6287937767706825,0.2907103633598213,0.8889803898896961,0.6158559125326525,COMPLETE
219,0.510941960038059,2025-11-16 04:08:59.526075,2025-11-16 05:08:45.523344,0 days 00:59:45.997269,-0.21731352868788031,4.666477190548076,1.0340523551484464,0.9494182135051789,0.46362376285650725,2.3872143919768964,1.3622160173065945,-3.7858844859839875,2148.4892866059695,4488.36395026937,5624.348209280602,7555.871938606366,9329.504681199336,11896.078800527983,13247.765110280263,15726.432910134987,2645,4747,6612,7837,9516,11199,13017,15874,19,2171,4210,5968,8467,9624,11410,13647,0.1229955811248086,0.8794810203353766,0.8082689041835127,0.4906266559552889,0.6449243163425169,0.2805853187534448,0.8841637170134501,0.6209039980101299,COMPLETE
220,0.7906755470980019,2025-11-16 05:08:45.731273,2025-11-16 06:08:34.361228,0 days 00:59:48.629955,0.0900558650713009,4.660961093935969,0.7104390316593631,1.1884961329023085,0.031173250874429237,2.5019119198853113,1.2077719073704938,-3.6651262628344234,2216.7643650234545,4497.773083649937,5690.205415829653,7502.372121045567,9193.568104641125,11935.755081987345,13338.559549704067,15672.681368157744,2607,4764,6652,7829,9489,11225,13001,15900,26,2195,4188,5953,8388,9652,11444,13611,0.07737449273345082,0.8310195923417923,0.7876739646591128,0.5073423307115575,0.6071969100409171,0.2957502868495177,0.9326322186606293,0.6445242495537153,COMPLETE
221,0.7973358705994291,2025-11-16 06:08:34.676261,2025-11-16 07:08:21.231108,0 days 00:59:46.554847,-0.26288269037974327,4.712701639062822,0.5430162118247873,0.8396445531498623,0.668853081319208,2.2453310371064927,1.6871160006375299,-3.3637655636614383,2177.876443234752,4415.160018452765,5649.818660328863,7411.250675255403,9183.70865695417,11878.436924173706,13255.214941206168,15790.402383394276,2634,4775,6572,7782,9524,11199,13031,15875,10,2200,4165,5967,8474,9607,11408,13632,0.06267083551744747,0.9693476357554092,0.8253618170296717,0.48990831660858014,0.6267373264969066,0.30797196855929587,0.9022863481735143,0.591450383585319,COMPLETE
222,0.8039961941008563,2025-11-16 07:08:21.479726,2025-11-16 08:08:13.215502,0 days 00:59:51.735776,-0.17119413817758705,4.669217736910153,0.5011537355565671,0.8169368060123525,0.3749225984335652,2.7297810053738054,1.7291833702405244,-3.4095973311020074,2132.2342750443163,4419.815642711194,5658.334624210186,7419.2180847948775,9269.57192066236,11817.075910519294,13261.637587524792,15792.870345411628,2630,4699,6622,7776,9532,11199,13040,15869,9,2192,4177,5980,8417,9604,11406,13624,0.09794294158604804,0.7192625210342132,0.8211891931902204,0.48522544079456303,0.6336887403208006,0.3043010740191964,0.8971933064995692,0.5927707047267552,COMPLETE
223,0.7940057088487155,2025-11-16 08:08:13.426606,2025-11-16 09:07:52.602578,0 days 00:59:39.175972,-0.17571391040686038,4.758662066602269,0.5363087079021741,0.829467290848457,0.9926029773282061,3.1484980037282506,1.579648070435398,-3.3775399171045044,2070.5865915750855,4422.238341750698,5643.497793727874,7431.234608476603,9288.170659461697,11832.254246158524,13253.451308400821,15779.0919247749,2628,4698,6615,7781,9527,11201,13036,15874,0,2166,4172,5940,8500,9608,11409,13631,0.06220952417259343,0.7421692650130843,0.8056011784014675,0.48641863502726035,0.6311036896339937,0.31051821752158576,0.8993268794657654,0.5919658848127648,COMPLETE
224,0.7935299714557564,2025-11-16 09:07:52.880216,2025-11-16 10:07:31.609078,0 days 00:59:38.728862,-0.0102248930453408,4.3729209844545425,0.921755935864845,1.064334093842048,0.40436425824729993,2.772021242297046,1.738688694220409,-3.6175706502910576,2119.992400549437,4411.029322787196,5583.9555182786,7417.893813002294,9256.948040478872,11910.285353657091,13271.579859702499,15753.574003078089,2647,4774,6669,7809,9520,11223,13015,15857,12,2189,4183,5985,8407,9607,11426,13621,0.10847692264471329,0.9237265602482466,0.8274068690635785,0.5321470531426133,0.6551484475328976,0.2607400512455501,0.8863471562020524,0.6128502000089483,COMPLETE
225,0.3786869647954329,2025-11-16 10:07:31.869203,2025-11-16 11:07:13.988826,0 days 00:59:42.119623,-0.27477457986943976,4.07560172653644,0.45972523968060997,0.8742750813540805,0.7227460110018935,2.2701706077856074,1.789505880486478,-3.8465658243022376,2181.7494642906477,4494.944825544729,5655.57240540859,7463.019407804811,9352.24314969311,11872.103663388069,13215.917939723062,15822.259616935666,2613,4737,6581,7776,9491,11196,13055,15881,16,2200,4209,5971,8475,9625,11484,13639,0.09487160569269576,0.9987104268118854,0.7934864735112582,0.5035728507975428,0.6330642024247093,0.2799859678255852,0.868849614202948,0.5835678948203782,COMPLETE
226,0.7982873453853473,2025-11-16 11:07:14.256470,2025-11-16 12:06:58.139073,0 days 00:59:43.882603,0.11819488438920389,4.606037660579552,0.7388903017548225,0.6674472925108297,0.5450566494213106,2.5101059408276947,1.3525227418654127,-3.268528365225738,2231.7354520595777,4448.9906171385555,5615.412832516688,7502.909417782638,9219.335168856327,11825.242609541549,13360.021247417139,15720.138498349028,2595,4798,6602,7798,9563,11218,13034,15911,10,2193,4162,5941,8431,9599,11399,13655,0.07397032579457744,0.9678900552805514,0.8226607746587509,0.48350279154229653,0.6091749110261947,0.32292486059223285,0.9081715325445018,0.6349286871136985,COMPLETE
227,0.7721217887725975,2025-11-16 12:06:58.401929,2025-11-16 13:07:27.431997,0 days 01:00:29.030068,0.20331438327748275,4.741017642162267,1.3149896427405248,1.0339543916650182,0.5257697926750245,2.5797175708176656,1.0719181381507918,-3.493403487835195,2100.199604690626,4371.945799100963,5628.642926304265,7502.7973220473405,9222.635289763426,11812.615055320986,13306.101193820856,15724.96532256307,2591,4781,6606,7802,9530,11241,13038,15913,28,2184,4165,5963,8427,9603,11389,13656,0.0729948962478717,0.7942329040626557,0.8068169339695352,0.47966037449953564,0.6174923962509439,0.33109530821657107,0.9101569448015383,0.6423469063665516,COMPLETE
228,0.7973358705994291,2025-11-16 13:07:27.658314,2025-11-16 14:08:01.293806,0 days 01:00:33.635492,0.06461742123333031,4.504032788043349,0.7558376754171153,0.7941131262205063,0.32769677942968356,2.9137714876023995,1.3714267457451326,-3.3207846034698902,2184.3980984771956,4421.147084708961,5608.373259528119,7480.8310477904515,9171.573499470567,11979.449949730253,13354.502538864346,15797.709831977894,2664,4751,6626,7853,9509,11217,13011,15887,9,2210,4139,5942,8458,9647,11407,13616,0.09459525168563818,0.9431213394552794,0.8690395165153527,0.5277896267221738,0.5954801747357863,0.3716734082152221,0.8995871752156203,0.6542019590042544,COMPLETE
229,0.8044719314938155,2025-11-16 14:08:01.507902,2025-11-16 15:08:29.870456,0 days 01:00:28.362554,0.031156171300993657,4.517867752982857,0.7719139273758601,1.2356167899956296,0.8659987900366197,2.9642698052440153,1.3488528062436898,-3.5583735151384603,2014.9752937612866,4416.784766654932,5601.221850272578,7536.266205274189,9272.617465823572,11960.716563742142,13192.17900494187,15862.766102178542,2667,4752,6637,7832,9557,11224,13069,15911,19,2169,4153,5993,8446,9647,11367,13642,0.12716669123308863,0.7150797968413802,0.871359689454755,0.46657456306434053,0.5729608614768947,0.3960258409719242,0.8545258479218665,0.6807880739481802,COMPLETE
230,0.7783063748810657,2025-11-16 15:08:30.117328,2025-11-16 16:09:03.592675,0 days 01:00:33.475347,0.3071820463169008,4.45874847471478,1.0204559148474848,0.7890295986138509,0.8168907341296139,2.587231032261013,1.4345710045956175,-3.6782928269332906,1975.1357377663135,4395.230284084135,5607.977181100868,7595.964246116263,9268.987335021826,11956.405353914233,13339.262585745177,15865.863045978429,2613,4712,6632,7862,9559,11240,13072,15903,41,2169,4144,5982,8410,9651,11363,13646,0.13776372601374287,0.9350932527932551,0.8606640169116125,0.4643094767185501,0.5657564732453862,0.39110418991077417,0.8610755431944449,0.6809079023700205,COMPLETE
231,0.7935299714557564,2025-11-16 16:09:03.848300,2025-11-16 17:09:36.800629,0 days 01:00:32.952329,0.05806231850677998,4.995420161433449,0.7719248371245235,1.2636347572460078,0.6190972996771161,2.840690401396708,1.315552752663181,-3.490701062399254,2155.55747726357,4433.311299382227,5585.645454685634,7531.166254281048,9213.28479238118,11981.63059285659,13193.301521718602,15804.09888308687,2667,4755,6661,7836,9568,11217,13031,15888,18,2166,4130,5945,8446,9632,11399,13669,0.1034261506230282,0.6578370855246761,0.8676631294635097,0.5380837388332309,0.5939295119140978,0.4002438651752856,0.8866552609647343,0.6552474296413597,COMPLETE
232,0.7992388201712655,2025-11-16 17:09:37.007287,2025-11-16 18:09:59.092670,0 days 01:00:22.085383,0.05518336835441204,4.633871627840067,0.7147216265146545,1.4917494971278076,0.8945740891261971,3.1494127456067993,0.8767666370902174,-3.2835356182979574,2179.1307602973184,4423.297169731272,5659.67120938104,7478.6607529135135,9374.761456853294,11940.91322922573,13293.811341026252,15849.589647131896,2656,4796,6632,7903,9529,11219,12995,15923,9,2208,4191,5996,8459,9626,11419,13641,0.0852558184575155,0.6836974279824652,0.8443689573748748,0.4857298305523763,0.5768324474815891,0.3496818355571934,0.9191681747484333,0.6565532773049787,COMPLETE
233,0.7892483349191246,2025-11-16 18:09:59.443407,2025-11-16 19:10:35.496176,0 days 01:00:36.052769,0.1683162312200731,4.600428327188488,0.7722678008305754,1.0095948984053165,1.1569578549378783,3.4132906828426295,0.917967404640927,-3.2614222575443015,2174.109123317603,4357.590422606034,5557.224227528483,7486.750942514189,9410.25199784468,11935.02616304457,13301.95941751719,15840.662547495867,2623,4800,6641,7892,9531,11218,13052,15926,19,2209,4193,5995,8465,9622,11426,13646,0.12576495267880305,0.7106935101163309,0.8394196435150063,0.4823467877324101,0.6331786007447383,0.34397418534908875,0.9267039172875754,0.6498663313251963,COMPLETE
234,0.7925784966698383,2025-11-16 19:10:35.750636,2025-11-16 20:11:06.411839,0 days 01:00:30.661203,-0.014289102821109567,4.775811959770007,1.094248393104347,0.7486501206554224,0.9777866616583817,3.0033167827141223,0.715122795062231,-3.8326002465670075,2090.224279684333,4455.682481735535,5494.985124896758,7630.45922790426,9327.773402993658,11854.872514879457,13244.255836951084,15800.199867520856,2656,4748,6692,7905,9553,11256,13005,15906,11,2206,4165,5964,8441,9643,11334,13677,0.09376928980318064,0.9576571175926787,0.7768327018717363,0.5189623200184084,0.5990961619199479,0.3664080341186071,0.8484522467607413,0.6685805248655005,COMPLETE
235,0.6441484300666033,2025-11-16 20:11:06.639465,2025-11-16 21:11:38.784816,0 days 01:00:32.145351,-0.34993465917464384,4.4056044467479865,0.8278266245088438,1.2275945384540565,0.8122183958237191,3.162808477913987,1.6318577087031128,-3.2808298467827703,2212.0213306049377,4497.965999943924,5621.674896156811,7538.919569187439,9182.799665541408,11991.029852189544,13362.842983111099,15734.339891129695,2687,4773,6619,7817,9514,11182,13023,15882,29,2216,4155,5994,8406,9664,11371,13643,0.08234797855304066,0.9748560849987257,0.9020479842294236,0.46003134248005784,0.6655528239555981,0.3275083008735989,0.9310269438269865,0.588731644026658,COMPLETE
236,0.8068506184586108,2025-11-16 21:11:39.004319,2025-11-16 22:12:10.537631,0 days 01:00:31.533312,0.006587251912771902,4.584302810362807,0.6004923219501348,1.5646424002234955,1.3423550187133293,3.2687630684262925,1.0314092577499743,-3.510284061560537,2125.7751432158425,4407.189313307805,5656.840663984889,7472.2957905363455,9426.80026794484,11804.357530150975,13273.896858686963,15886.152198587584,2596,4811,6596,7791,9581,11224,13043,15914,9,2190,4184,5944,8480,9599,11408,13611,0.11447127385096842,0.7201538709874559,0.8423284334475205,0.48423713674732594,0.6441769787624608,0.3693862583822927,0.8969141990610586,0.6861897722700081,COMPLETE
237,0.7944814462416746,2025-11-16 22:12:10.770069,2025-11-16 23:12:35.740003,0 days 01:00:24.969934,0.2856137679227905,4.581446531548066,0.634407902253211,1.652492497305225,0.554421615524316,3.193587105793232,1.021225565951425,-3.9949138260936237,2192.449478524479,4397.121092617544,5660.648134788627,7474.229411999467,9415.825677023611,11761.339084221836,13265.54975515796,15908.058957846908,2598,4813,6595,7789,9573,11224,13063,15918,20,2185,4176,5947,8499,9604,11414,13662,0.11129612330771937,0.7177560766763559,0.8305628232046597,0.48745840428945186,0.5735862248851714,0.3745674285329893,0.8820667604946253,0.6494538410177885,COMPLETE
238,0.8068506184586108,2025-11-16 23:12:36.206619,2025-11-17 00:13:18.136348,0 days 01:00:41.929729,-0.04281741510528536,4.240748414733206,0.33116923539964604,1.053191272888371,1.3096289710179123,2.945188349190467,0.5592824366188177,-3.5802028359844207,2130.464895600924,4412.576118118411,5654.123575071468,7516.464231311216,9231.10051881937,11933.945017199607,13327.17565329459,15867.544259065739,2579,4728,6631,7852,9538,11237,12998,15891,11,2192,4232,5961,8474,9595,11387,13687,0.12751203950014947,0.7034250047169008,0.870461382815028,0.5183056265198583,0.6171966816794682,0.36402898517427656,0.8967712303257415,0.6893994156010164,COMPLETE
239,0.7868696479543292,2025-11-17 00:13:18.541039,2025-11-17 01:13:52.063978,0 days 01:00:33.522939,-0.055078278291251004,4.246525712873932,0.37515927527404436,1.5862368892477152,1.3842497407224585,2.9675396813313104,0.45266868410368144,-3.586763525715713,2045.9158435381823,4403.0358862408775,5604.587983582477,7573.078311734227,9262.357678277276,11813.652875334095,13319.132214291305,15955.949602874147,2580,4729,6630,7852,9605,11262,12988,15892,33,2197,4225,5972,8479,9622,11396,13623,0.13443435909029605,0.6953600189236572,0.8765363570140607,0.5243796304531955,0.6459672419138995,0.36885939895024245,0.9068012146211204,0.6962147623337656,COMPLETE
240,0.7973358705994291,2025-11-17 01:13:52.289705,2025-11-17 02:14:26.382573,0 days 01:00:34.092868,0.11002183472971172,4.831800097955026,0.6410741561768567,1.4544450950531496,1.0910134663438198,3.37542673112443,1.3114491740488714,-3.6178927056282526,2147.879850368266,4351.53911160473,5645.149801868144,7510.403681619652,9544.375444781987,11931.473474581888,13358.341663056804,15874.721320436342,2609,4767,6583,7825,9539,11238,13001,15930,19,2215,4144,5926,8457,9584,11424,13637,0.1577942555330075,0.6915547595123633,0.8488464424092124,0.5475036936108723,0.6196637170754483,0.3550019896304772,0.938680867039857,0.6790153159147558,COMPLETE
241,0.7973358705994291,2025-11-17 02:14:26.608865,2025-11-17 03:15:03.115587,0 days 01:00:36.506722,0.13008770121807783,4.809079865939838,0.6617060706584691,1.423916802935681,1.1558092017619623,3.308001309579933,1.286711831150806,2.054982698236101,2166.38230213846,4352.114753595078,5646.467084521597,7507.385490963949,9219.807603151772,11936.308866817575,13350.506993028346,15876.54828056321,2602,4761,6577,7823,9541,11246,13584,15933,19,2210,4198,5934,8458,9599,11430,13633,0.14725277796385317,0.7632850545195485,0.8443599409539819,0.5474573610727047,0.6227498511565516,0.3896257014556626,0.9409053273071469,0.6825335345547489,COMPLETE
242,0.7849666983824929,2025-11-17 03:15:03.378124,2025-11-17 04:15:42.366573,0 days 01:00:38.988449,0.1183181111332159,4.841638194174845,0.9475125264700601,1.246598182034886,1.4353498073951447,3.450042084255054,1.269788233372723,-3.7245162863934076,2111.963267874492,4451.97873305653,5664.200432028843,7514.268816668026,9599.901558034171,11938.381656929978,13356.735711853225,15880.437181756099,2568,4764,6581,7829,9551,11249,13004,15924,27,2187,4201,5942,8454,9593,11426,13641,0.14098512849462969,0.655452297446871,0.8459601487587862,0.5476181301948931,0.6287643191848454,0.387387054756921,0.938101610432079,0.7333448484177513,COMPLETE
243,0.7816365366317792,2025-11-17 04:15:42.616765,2025-11-17 05:16:16.022817,0 days 01:00:33.406052,0.3384784263529713,4.620363617570125,1.2385418643703554,1.430440548955943,1.7081851316059433,3.40617332122156,1.4705567775684059,2.572388569807708,2145.8292619372996,4345.606829413187,5652.435412908748,7502.1990287287135,9515.904365678296,11863.526255607905,13295.896073219692,15886.26012314903,2619,4738,6608,7810,9536,11236,13590,15905,19,2211,4146,5955,8428,9618,11414,13617,0.16035447482518217,0.755583643743949,0.8469839974266203,0.5282533834097052,0.6182542792485383,0.40312374546261825,0.9196324750827853,0.6906999772958616,COMPLETE
244,0.7992388201712655,2025-11-17 05:16:16.269023,2025-11-17 06:16:36.482095,0 days 01:00:20.213072,0.10982878183194447,4.772627224943364,0.6746221037898106,1.059847607242532,1.193485428630935,3.2417946656000094,0.9270364771035793,-3.5276019173051543,2016.4869122038021,4367.93446626342,5587.500746786616,7561.813190699664,9462.861661856075,11927.877874200887,13262.08592741147,15925.696741392649,2645,4675,6629,7855,9575,11213,13042,15937,10,2166,4237,5937,8476,9641,11396,13656,0.11485424011762616,0.6831270457922098,0.82867201102812,0.5423692991483839,0.6405634562892525,0.356410956956987,0.8943933299874471,0.6645523412660786,COMPLETE
245,0.7987630827783063,2025-11-17 06:16:36.792630,2025-11-17 07:17:11.820804,0 days 01:00:35.028174,0.18340034964079144,4.810835359544021,0.8915638724663784,1.4633861996357636,1.2178913632088921,3.2647111368931245,0.589838259889798,-3.950225339999089,2133.449684471747,4342.536768389094,5578.51837553646,7553.612559313779,9513.159720751319,11925.240883095707,13225.550840024358,15989.696120359842,2641,4758,6630,7867,9577,11206,13048,15937,19,2166,4236,5969,8480,9643,11441,13694,0.12612313966692065,0.6938929610006745,0.8257506600360041,0.5683759883406541,0.6457231513803033,0.36173135964612935,0.942506374209084,0.6104420239733371,COMPLETE
246,0.780209324452902,2025-11-17 07:17:12.051252,2025-11-17 08:17:32.342525,0 days 01:00:20.291273,0.2869103508418113,4.828128014396983,0.721190384719974,1.5630666502300654,1.1591906766551596,3.261839874961723,0.9880067965065724,-3.957852836132951,2133.2053029392177,4293.03833548057,5578.0138486872775,7556.302255625087,9451.958793803782,11947.444224234383,13238.631392991363,15996.553013420667,2655,4721,6640,7867,9596,11208,13048,15944,37,2166,4241,5997,8477,9648,11440,13702,0.12850035947551175,0.6993169271492564,0.8239575699883753,0.5709701546703636,0.6432450008751501,0.4198119972875262,0.9368662107079048,0.5982199956189997,COMPLETE
247,0.7901998097050428,2025-11-17 08:17:32.723376,2025-11-17 09:17:52.825098,0 days 01:00:20.101722,0.08166137297939874,4.456664633400729,0.9592919532189621,1.4753292290538058,1.2218525690041655,3.959084630071914,0.47919677785862985,-4.0862909357986705,2037.0187501587386,4345.178839891064,5612.436190643922,7612.869516220048,9519.27522595007,11901.667661338446,13266.735899521605,15923.202353951052,2635,4685,6625,7829,9574,11214,13070,15959,20,2166,4203,5972,8457,9675,11464,13687,0.1561054283632199,0.6708555190870858,0.8234028306201102,0.5473586198032822,0.6493806383984957,0.36400397872278595,0.9447369633788818,0.6439808833457942,COMPLETE
248,0.7844909609895337,2025-11-17 09:17:53.085155,2025-11-17 10:18:23.583115,0 days 01:00:30.497960,0.13730274122988112,4.9744965340756995,0.6846083708575593,1.312353269240049,1.5656164899907303,3.665530948129688,0.7833367886164474,-4.27682118545714,2095.3149414855798,4369.537189970716,5538.568096443026,7658.485664500092,9366.705810261576,11998.812628650045,13328.711354423976,15949.301234790657,2653,4754,6676,7852,9590,11261,13038,15938,25,2188,4236,5933,8437,9633,11404,13658,0.12165379763957758,0.7668156151492775,0.8653439148234895,0.5744457969195783,0.6707744696474086,0.3493938873678579,0.8692223610388377,0.6124717709181262,COMPLETE
249,0.7897240723120837,2025-11-17 10:18:23.933683,2025-11-17 11:18:56.279943,0 days 01:00:32.346260,0.374085916049173,4.7574222809999185,1.4188804142073366,1.0840624253104836,1.8732713508832788,3.0161359122201183,1.216339229398718,-3.6529873641013584,2151.036874982635,4384.9024688189165,5570.428975654398,7555.603383969153,9474.604915549286,11930.056376667304,13201.079928048015,15798.758156895177,2587,4677,6599,7870,9563,11190,13709,15925,16,2200,4182,5958,8485,9609,11431,13668,0.11016168897336598,0.6344028313919031,0.8391914787863413,0.5428217648178313,0.6316611987903362,0.3579468604969902,0.9207712081722195,0.6644872775884562,COMPLETE
250,0.4895337773549001,2025-11-17 11:18:56.546641,2025-11-17 12:19:38.345540,0 days 01:00:41.798899,-0.27010108330565047,4.577187480950134,0.66185656675006,1.1203829668474299,1.0375038624804507,3.877353845215014,1.4377511599348254,-3.797613060953882,2014.4852823026856,4326.363624064943,5674.928979261111,7521.101039019742,9563.547653625328,11874.687853700836,13285.697516642613,15891.684642932945,2621,4773,6653,7842,9537,11233,13091,15902,9,2186,4218,6028,8384,9658,11397,13702,0.09913617938398292,0.729565969094861,0.7909028821666099,0.5105904129119169,0.6231187030528132,0.38885203222758014,0.8914312823079262,0.5584751178167345,COMPLETE
251,0.7940057088487155,2025-11-17 12:19:38.615938,2025-11-17 13:20:31.300336,0 days 01:00:52.684398,0.08710297255900773,4.41424486655607,0.882227770645211,1.372968825678527,1.3341755381234814,2.8280986790458167,0.9177512857331644,-3.568429715039192,1949.7609156042924,4413.712097136711,5643.383860581144,7476.694150916004,9234.354219718301,11788.11496358718,13226.238005977444,15715.214016884538,2640,4783,6614,7817,9559,11747,13030,15917,29,2211,4115,5980,8471,9632,11361,13655,0.17709498808716706,0.6917182310865769,0.8109425185011337,0.5525762916361717,0.6532654543300217,0.37643505703443986,0.9430240710600513,0.6347053553045059,COMPLETE
252,0.46622264509990485,2025-11-17 13:20:31.707428,2025-11-17 14:21:24.114129,0 days 01:00:52.406701,-0.3124295185456861,4.706030390878011,1.2084036192074108,1.7101218138318963,0.953923388000689,3.595289045614578,0.16431837102788893,-3.5048692074303736,2084.3179013702584,4455.106175534585,5597.01116697004,7594.422544960846,9467.504157451334,11964.752981664597,13362.65391026696,15800.210880212024,2611,4745,6575,7799,9528,11211,12998,15885,7,2167,4155,5930,8418,9591,11416,13638,0.14916389928735557,0.9420098968673402,0.8643799205399458,0.5177559790972072,0.27463176125229916,0.5056088003144754,0.9132353018840741,0.6984506520944,COMPLETE
253,0.8087535680304472,2025-11-17 14:21:24.514575,2025-11-17 15:22:28.628244,0 days 01:01:04.113669,0.5058479117876615,4.248264166785826,0.3460325730225111,1.0643464337569468,1.5639217081139725,3.2096218546741584,0.5468166486306966,-3.8942149246582645,2175.4486517400373,4371.919532618878,5638.558032355029,7465.874448804289,9307.70368984946,11843.742995027294,13321.621781835693,15639.5356509263,2664,4722,6630,7847,9619,11249,13495,15937,0,2214,4190,5948,8450,9691,11443,13683,0.11633527775248485,0.6819761440231783,0.8978815121755804,0.49321854275628374,0.6358216466480845,0.44765454478181427,0.975683482218704,0.6090926719897358,COMPLETE
254,0.7702188392007612,2025-11-17 15:22:28.905852,2025-11-17 16:23:30.528775,0 days 01:01:01.622923,0.5843964719309748,4.349185589063246,0.3734865835877863,1.2651669041320748,1.236835775934114,3.057026103793446,0.46908411374824893,1.1887825984088771,2169.0907879828533,4285.210760047271,5639.800801144648,7535.381127457504,9363.284375187874,11850.6560394096,13260.560745686249,15626.10567247131,2666,4665,6671,7878,9621,11647,13567,15969,46,2216,4191,6000,8445,9649,11473,13684,0.10885366857253473,0.89839873712558,0.9093337283216675,0.503070797762649,0.6467700761318014,0.44830338905436357,0.9836849937586857,0.5817239464908958,COMPLETE
255,0.7882968601332064,2025-11-17 16:23:30.829028,2025-11-17 17:24:06.485032,0 days 01:00:35.656004,0.46024334113910337,4.199942960555799,1.0812877294492211,1.43736382448198,1.6187360090656533,3.389574573565113,0.6236056698149868,-3.971028340033506,2137.5759763827928,4366.303329069072,5611.30496608653,7482.250664596384,9299.470481025939,11884.652771401912,13157.311594968316,15932.7530289197,2650,4711,6638,7847,9576,11272,13622,15938,0,2200,4176,5964,8499,9682,11444,13711,0.13037670086818082,0.7131890777234022,0.9467590646807652,0.46352030246439513,0.6747682626846497,0.4760055995210692,0.9712166428708555,0.7214543591433802,COMPLETE
256,0.8025689819219791,2025-11-17 17:24:06.736400,2025-11-17 18:23:47.356443,0 days 00:59:40.620043,0.26708717826550366,4.548008170401358,0.7581235244495061,1.0022637220778916,1.4267166928904587,3.2897070901797445,1.1851514087397848,4.186828255446707,2186.7894314805076,4324.8888147264515,5555.985558080483,7512.5311171265175,9651.038936436948,11960.876792329242,13320.673152211695,15996.748559003863,2595,4727,6605,7832,9553,11247,13513,15911,19,2223,4263,5918,8453,9693,11425,13673,0.09127033926345755,0.6781268830112162,0.8937737072017957,0.5231868243157003,0.6317284314132235,0.416876802377357,0.9517242948425908,0.6562854162944854,COMPLETE
257,0.7878211227402474,2025-11-17 18:23:47.640697,2025-11-17 19:23:41.467032,0 days 00:59:53.826335,0.2579951989234066,4.55273371173718,0.284420167995848,1.011559661979199,1.5242842751782302,3.1866340582175328,-0.08473225344217417,2.0217799108581893,2189.3049341294477,4333.766970753331,5552.247823000998,7561.453208056251,9719.868011696464,11958.269961022788,13333.90512572314,15981.857226448356,2570,4727,6601,7828,9589,11252,13502,15930,36,2216,4267,5919,8455,9664,11433,13684,0.11611245209386956,0.6811944134560293,0.832441767435812,0.5337951694604526,0.6404342360102709,0.43128931018535527,0.8943054441130693,0.6562853038060431,COMPLETE
258,0.7930542340627973,2025-11-17 19:23:41.746274,2025-11-17 20:23:40.580911,0 days 00:59:58.834637,0.4424827589318761,4.984388607819956,0.6439962856724006,1.5657238716530273,1.0177809900142303,2.8338464706579547,1.1535226810613861,3.858946127140603,2074.1853213602853,4308.13066828578,5525.565472326664,7511.403542264375,9682.77551255479,11825.465277368019,13196.687863342646,15951.700110433594,2599,4693,6627,7841,9553,11290,13622,15956,21,2193,4227,5981,8431,9695,11457,13666,0.09894353326885913,0.6331408077061367,0.9020692846805912,0.560807499079296,0.5912611701164783,0.4058589465696951,0.878431893817666,0.612577143943567,COMPLETE
259,0.8006660323501428,2025-11-17 20:23:40.850881,2025-11-17 21:23:27.554964,0 days 00:59:46.704083,0.03363214206687065,4.531748221285487,0.3349876917109717,1.0902159085875256,1.8501129900274762,3.2619720798508682,0.6390975293850686,4.736511305518723,2121.770834868347,4368.356914901912,5579.895316839451,7465.7232312164115,9336.065239146603,11906.896323230378,13310.553663839833,15989.675392171781,2592,4755,6617,7883,9582,11248,13538,15918,20,2189,4206,5948,8460,9632,11488,13691,0.1428890234407842,0.7329297482692485,0.8865219318129124,0.5850710926628095,0.6600336223931395,0.34654748483281156,0.9976216931392141,0.6403306493833439,COMPLETE
260,0.7930542340627973,2025-11-17 21:23:27.909721,2025-11-17 22:23:30.571839,0 days 01:00:02.662118,0.05179118754853184,4.317210581441496,0.3344185019949203,1.20744018369244,1.3846928357820125,3.270340464791048,0.6803042283482141,2.8048491966363165,2121.13378586722,4375.307441891005,5570.477236171673,7723.942537865731,9398.35063024368,11899.980918450074,13308.300160741066,15989.481390200355,2557,4752,6623,7887,9613,11267,13482,15910,33,2186,4209,5953,8462,9715,11425,13716,0.15222529646860006,0.7426015137233181,0.8938509741417522,0.5944410460034024,0.6319403007235438,0.3503709196390028,0.9949850097008057,0.6431192424974027,COMPLETE
261,0.5337773549000951,2025-11-17 22:23:30.843926,2025-11-17 23:23:20.747738,0 days 00:59:49.903812,-3.7416277366256128,4.562788074190085,0.7934551772475023,2.000242150802062,1.9729308993709027,3.608957271797753,0.9559673426932962,4.426254515089465,2002.4349603534997,4338.476441710396,5591.641502552963,7625.900213346121,9338.176274108511,11963.800391476012,13241.470533132662,15930.967356846477,2584,4714,6590,7859,9584,11243,13647,15942,20,2215,4255,6013,8405,9634,11496,13693,0.1710066170605568,0.7253643265571094,0.8543846535485999,0.580415710461017,0.6576096295661495,0.3807035438665195,0.9818635901047789,0.6010494995034894,COMPLETE
262,0.7825880114176974,2025-11-17 23:23:21.028315,2025-11-18 00:23:08.123451,0 days 00:59:47.095136,0.1817055345085802,4.76734462797234,0.5603528777016767,1.2512025904416713,1.6358263326463498,2.949800954390789,1.3008745450155552,4.662430553179291,2171.346667797987,4416.599778333221,5633.030658061798,7472.008534335661,9507.908488588586,11737.787259099005,13282.396601766519,15858.518146253738,2591,4762,6654,7921,9648,11233,13530,15912,44,2198,4201,5939,8439,9685,11473,13672,0.13466677211155595,0.6773415098972503,0.967079411532755,0.9068834482171058,0.5970122876113794,0.4095805189465399,0.9604938903849458,0.665880349921908,COMPLETE
263,0.7882968601332064,2025-11-18 00:23:08.471036,2025-11-18 01:24:21.698830,0 days 01:01:13.227794,0.3087799908970915,4.44015742108802,0.34122267395695793,1.0525966413053283,1.1688728052349227,3.3652748986989107,1.651741886315845,-4.243996513490724,2121.1565484757466,4284.666608620619,5474.271823125394,7529.712629356909,9272.986612948507,11920.18199885853,13348.941523415764,15898.840347536758,2612,4628,6608,7877,9550,11251,13561,15978,27,2182,4141,5918,8482,9742,11444,13705,0.08743045763235692,0.7938352359926816,0.9255731086511572,0.5165518846354819,0.6263850415293037,0.43617497190952703,0.9978955700909218,0.6320076901478678,COMPLETE
264,0.8035204567078973,2025-11-18 01:24:22.054728,2025-11-18 02:26:52.504182,0 days 01:02:30.449454,-0.051111497209972684,4.1572590493086405,0.7767365407296043,1.4641851991473878,1.7845490364045191,2.7100461545272734,1.1079730759177953,4.579233775454931,2205.942833054493,4376.415486481128,5604.830930129514,7575.123204757274,9859.527929591635,11999.687430974862,13209.80084296807,15997.418750344119,2612,4734,6635,7824,9567,11220,13522,15896,17,2166,4237,5969,8459,9644,11391,13666,0.12197906196208544,0.6968171865486547,0.890519675802768,0.5458616250168822,0.6823979735329023,0.36209519201574897,0.9654441934575438,0.6812473708253567,COMPLETE
265,0.7459562321598477,2025-11-18 02:26:53.000697,2025-11-18 03:29:32.292766,0 days 01:02:39.292069,-0.008335581725599922,4.232594674318846,0.7145753477967791,1.5213463907470293,2.1388200492044533,2.7298834179709766,0.5978753700273698,4.297345269156247,2213.375130332553,4376.919176846048,5555.4014511742025,7676.0140974844735,9304.395392444234,11997.505431621308,13220.401483307513,15981.589848467924,2621,4739,6682,7794,9572,11234,13500,15929,152,2180,4244,5974,8459,9643,11390,13731,0.14718880604912327,0.7036309857684853,0.8924580022359866,0.555488890715269,0.6590306952785305,0.36375175235554214,0.9736514554254685,0.6799872761307993,COMPLETE
266,0.5090390104662227,2025-11-18 03:29:32.579969,2025-11-18 04:32:01.584893,0 days 01:02:29.004924,-0.4253901397284606,4.648099642988007,0.5585690300837969,1.7532510294688075,1.4004112831431992,3.122848633379906,1.1012731424509243,4.879240571334338,1890.8925581571057,4416.239039040625,5602.6853850729985,7578.532706860216,9375.779836736301,11856.956285331527,13159.828731739944,15927.648409837042,2595,4724,6650,7822,9593,11217,13555,15873,18,2203,4221,5941,8498,9653,11350,13662,0.12016807544205044,0.7503919988393861,0.8771771523534597,0.540245883785857,0.636325422885655,0.33931705027134207,0.9533572498972889,0.6570425599964963,COMPLETE
267,0.7868696479543292,2025-11-18 04:32:01.872176,2025-11-18 05:34:18.084539,0 days 01:02:16.212363,-0.01842697375562108,4.096565977195514,1.0092613463015976,1.3441651233421736,1.8390692891800007,2.675613873954953,0.8860749953401192,4.692772810196157,2158.2647176652613,4348.542109169565,5512.513075659203,7572.892663927126,9612.060165645093,11953.69749885402,13261.27285466074,15961.886631823343,2571,4786,6626,7850,9561,11180,13524,15899,30,2166,4190,5991,8437,9615,11416,13686,0.11957854839535503,0.8545039095777198,0.8658261749230708,0.5768638826023212,0.6767211210394938,0.3895476665114681,0.9665293309645268,0.626945432701143,COMPLETE
268,0.7992388201712655,2025-11-18 05:34:18.325956,2025-11-18 06:36:52.856885,0 days 01:02:34.530929,0.4878123984052755,4.998080370800482,0.8165873164338581,0.9783383454192376,1.767048573279712,3.2595822207059726,1.3000358899727933,4.905550514811915,2195.2516653384596,4393.036964965888,5658.125514395395,7507.506186895681,9434.979418667948,11793.485266662163,13330.515814563498,15873.91162659334,2649,4763,6576,7776,9539,11220,13487,15951,13,2220,4166,5958,8475,9671,11394,13370,0.09859419742093364,0.6443970464113212,0.8437261568064723,0.4849386831352115,0.6073534051627769,0.3607376866411317,0.946711044797651,0.6018378044194801,COMPLETE
269,0.7992388201712655,2025-11-18 06:36:53.091411,2025-11-18 07:39:31.032298,0 days 01:02:37.940887,0.6527326401786064,4.859577696684181,0.8399718729416508,0.9349267762922344,1.8549753343297648,3.81106124866015,1.3412755089763624,4.906703033311384,2203.4619007088413,4390.006299262328,5373.849785550848,7609.00491855347,9861.554032017371,11795.260271910302,13315.717051928392,15859.710165012646,2645,4766,6588,7780,9605,11222,13482,15951,20,2219,4162,5960,8475,9689,11390,13616,0.1005977984664295,0.6468030344835838,0.8476370435230588,0.49668133471817544,0.1349317170791195,0.3573492868780415,0.9489259840745754,0.5979493650566775,COMPLETE
270,0.7616555661274976,2025-11-18 07:39:31.325423,2025-11-18 08:42:01.806088,0 days 01:02:30.480665,0.631892858644946,4.514818419663407,1.5882257463468061,0.9289078116176843,2.067214675964049,3.925346635752784,1.545547292731608,4.5111420761016525,2221.1592956498553,4392.665038839351,5591.660347378764,7626.792543299809,9855.972299516265,11678.722260910967,13309.966244887948,15836.639543064357,2646,4744,6600,7775,9644,11215,13466,15956,41,2216,4166,5968,8480,9698,11391,13623,0.09818451559319663,0.6382394780966464,0.8962189107383721,0.48549333479701007,0.19386911393711986,0.3521462305483729,0.9705127571675292,0.5719286944578237,COMPLETE
271,0.7811607992388202,2025-11-18 08:42:02.033257,2025-11-18 09:44:37.802897,0 days 01:02:35.769640,0.4530317046561521,4.984793341698678,1.278012422648743,1.1187884358241584,1.6557216872489842,3.7632424169071617,1.037673633758829,4.991444475688346,2068.80737997038,4424.771789688893,5667.840692755511,7603.834582896175,9968.5504863609,11778.767767080964,13434.970673432423,15989.84471354472,2665,4775,6616,7783,9616,11222,13061,15913,16,2166,4126,6011,8471,9677,11370,13660,0.08699913760778667,0.6653871017444462,0.8177331631586334,0.4991835751902339,0.053545617800514755,0.3141153374692852,0.9155407550919672,0.6013430926383802,COMPLETE
272,0.8044719314938155,2025-11-18 09:44:38.027515,2025-11-18 10:47:16.767280,0 days 01:02:38.739765,0.7878224912869146,4.640119841140733,0.8706055808117166,0.9203933332738812,2.354277212952376,2.970382108740352,0.776187424343465,4.936015908155136,2202.701854236738,4395.912138262567,5380.7560811692765,7558.515015112855,9779.445288115576,11805.646926287449,13207.075103200494,15657.376448178526,2631,4793,6647,7797,9600,11192,13498,15959,0,2190,4159,5954,8444,9667,11406,13602,0.10873672936729034,0.6880133238885678,0.87097531280038,0.4786023092293122,0.588262496317406,0.3299392291113333,0.9505173386810833,0.5513511674297304,COMPLETE
273,0.7816365366317792,2025-11-18 10:47:17.037267,2025-11-18 11:49:53.153137,0 days 01:02:36.115870,0.6483038961340986,4.6124218444896785,1.1345068144761006,0.9099198060430741,2.46758838959159,2.89067097619048,0.34716829552963546,4.9686842924959755,2212.8449350513797,4499.269508675535,5345.319091480257,7654.757560519977,9450.876962044624,11806.431591944884,13202.445726545235,15676.786269059874,2634,4791,6642,7797,9582,11197,13486,15979,0,2190,4235,5956,8429,9711,11400,13294,0.10921624147611908,0.6014813640475031,0.9135446793078748,0.4722007147310213,0.36830218102295137,0.3310401522634341,0.9517782593931852,0.5564907024039261,COMPLETE
274,0.4871550903901047,2025-11-18 11:49:53.879883,2025-11-18 12:52:41.213141,0 days 01:02:47.333258,-0.38541365521473225,4.421438845169165,0.9056705586249828,0.9664775181950086,1.961759458042137,2.63493272678721,0.7874597042502387,4.642986877623096,2192.29277993372,4428.804894923677,5224.948714196589,7769.102575961263,9724.649692132334,11841.469908056559,13226.486789612287,15649.336912641102,2654,4714,6663,7761,9698,11188,13514,15963,0,2189,4167,5984,8500,9665,11346,13604,0.0819412050002779,0.6826244279844512,0.8733418609964402,0.48323001793054515,0.5501150551843018,0.36819795929003996,0.9993539040530443,0.5268016585808906,COMPLETE
275,0.7982873453853473,2025-11-18 12:52:41.440702,2025-11-18 13:55:12.626643,0 days 01:02:31.185941,0.9790041745029449,4.182121778195644,0.8834565801334195,1.1247928750500982,2.5034793924732788,3.08105219933414,1.7423223416723816,4.77448089088532,2105.1148201575506,4392.728826250891,5523.9073477758275,7556.458708042553,9821.697065394637,11755.824344066052,13266.09986568085,15708.725416389987,2628,4795,6634,7770,9601,11211,13536,15873,10,2226,4264,5957,8477,9689,11368,13385,0.12925956995903323,0.7227268636249893,0.8820671396077593,0.4997791295010678,0.5828882796894773,0.3360487064016587,0.8980394293751625,0.5873942413523819,COMPLETE
276,0.7664129400570885,2025-11-18 13:55:13.097833,2025-11-18 14:58:06.121147,0 days 01:02:53.023314,0.8391540911509068,4.136455204498564,1.0669671650899106,1.1337842937125284,2.4081214759358645,4.2411968214408375,1.636176233002575,4.805710704688289,2098.1860036799576,4382.717154449112,5411.566124133373,7574.649524878092,9866.742960901465,11748.839042698324,13275.475915110961,15697.492358766862,2620,4796,6645,7764,9629,11186,13545,15871,29,2230,4272,5998,8422,9727,11313,13679,0.13308356424419432,0.729997092133086,0.9323085212388295,0.49892210347923305,0.5254414075067148,0.32291075613860243,0.9780997112181016,0.5842358782646458,COMPLETE
277,0.5285442435775451,2025-11-18 14:58:06.381458,2025-11-18 16:00:49.122407,0 days 01:02:42.740949,0.7092934169093306,4.99217208771235,0.38397181840593825,1.173822585475905,2.108668763913979,3.073370464408311,1.8001662391506783,4.188601436431296,2044.7885854909314,4455.456257303824,5428.165858719974,7548.752034081232,9791.985051263486,11874.724649419408,13169.072986743788,15710.452596593452,2631,4798,6610,7780,9601,11175,13456,15949,13,2190,4215,5968,8481,9692,11366,13648,0.6506687983110359,0.6458397369996047,0.8321924056370699,0.466387728417327,0.5617800743089842,0.33897187525824835,0.9197370172514178,0.5479534773131779,COMPLETE
278,0.801617507136061,2025-11-18 16:00:49.819554,2025-11-18 17:03:42.483308,0 days 01:02:52.663754,1.061229724434095,4.311921180056194,0.8478238806368639,0.9215944975621,1.7867595601400401,4.748210414657602,0.7142914543006795,4.569697688858557,2247.948095932079,4384.33648657302,5310.669067380526,7587.404998267785,9900.85533530025,11789.967853445973,13250.505164335354,15660.185393356986,2645,4697,6665,7804,9657,11204,13513,15901,0,2166,4257,5957,8401,9670,11383,13363,0.11930983911346013,0.7124820432458466,0.889331588048217,0.5088026154490424,0.5850416259150942,0.3067341891964638,0.9546874848767801,0.5907236861292531,COMPLETE
279,0.7259752616555661,2025-11-18 17:03:43.310946,2025-11-18 18:07:18.902141,0 days 01:03:35.591195,0.8610781211172335,4.303581228928396,0.8865790339248916,1.2671597110083745,1.7894912101807843,4.129159837019715,0.6704510819750868,4.656686754413962,2234.665007409018,4315.260824710775,5329.983656684147,7699.214473679787,9931.091980441624,11688.960469181155,13303.255526096384,15646.061887932878,2653,4668,6716,7805,9680,11871,13498,15904,260,2186,4255,5909,8393,9674,11384,13386,0.10620790510453457,0.7146285450371287,0.8881288639621767,0.5042325784301254,0.2256796102268736,0.33730073775449815,0.9540090913732586,0.6128569188626654,COMPLETE
280,0.7887725975261656,2025-11-18 18:07:19.516868,2025-11-18 19:09:50.058726,0 days 01:02:30.541858,1.0471658229245184,4.1643360797020685,1.4154110540588236,0.9881925396097329,2.2341108619721686,3.611789137515122,0.24046425690514256,4.3230605154981445,2118.6724379332695,4312.373599977299,5534.999484049948,7607.431539358747,9908.700485168234,11791.53748901668,13209.260943096033,15615.198179036064,2613,4695,6675,7803,9661,11268,13536,16014,0,2170,4288,5954,8441,9703,11358,13326,0.12539939337289152,0.7065080374203585,0.910420412563027,0.514497013247738,0.5785168570943175,0.30027365024824443,0.9665624905802291,0.5712643634869582,COMPLETE
281,0.7987630827783063,2025-11-18 19:09:50.324724,2025-11-18 20:12:19.010261,0 days 01:02:28.685537,0.9095609788500102,4.361908478535249,0.8099191157381006,1.1418654585950565,2.7725979645835372,3.1575936749832363,0.8784005533336126,4.77875439277533,2249.1037488081784,4387.39944302516,5353.866343432185,7650.306970998561,9870.495789141649,11718.933274329493,13270.661775213559,15658.49092311031,2582,4736,6665,7809,9613,11219,13474,15915,25,2167,4260,6029,8408,9668,11382,13416,0.11812587844541822,0.6693777815970123,0.887451461273938,0.4639746333296938,0.5799931715848793,0.32284191953710945,0.9393001352454154,0.610054658526375,COMPLETE
282,0.7778306374881065,2025-11-18 20:12:19.790734,2025-11-18 21:14:51.090864,0 days 01:02:31.300130,1.0464431774044378,3.8109152606005594,1.1565676098097648,1.274916427123615,1.8042623114923402,4.8095785218268094,0.5110752174768437,4.4972582962127765,2253.1173834888837,4392.242815604205,5382.447362454607,7651.402253271226,9841.143490113602,11728.974467465134,13232.125287474884,15665.193866020234,2553,4712,6707,7751,9612,11226,13471,15948,25,2223,4264,6031,8411,9682,11341,13369,0.12084371981948283,0.664723865271065,0.8900329725786239,0.9944035415847567,0.5598659366119721,0.3173493479353764,0.982563301710561,0.5973959764095548,COMPLETE
283,0.4681255946717412,2025-11-18 21:14:51.673886,2025-11-18 22:17:19.408930,0 days 01:02:27.735044,1.278111427394675,4.349121822082656,0.8504924085935021,1.6816316024510052,1.5443329775054726,4.982557543408582,0.8015120974355789,4.8210741456394315,2257.7733433940457,4376.256918176767,5297.6357787816305,7612.423749728427,9835.69404896247,11820.49644693396,13179.139948528287,15582.75902447996,2578,4622,6687,7828,9607,11289,13511,15917,33,2185,4241,5999,8389,9663,11375,13357,0.13666973477804892,0.5748105376163589,0.9389267956376408,0.4510912952907774,0.545249521850358,0.34754127401718327,0.9536435439208719,0.6348166954416138,COMPLETE
284,0.7887725975261656,2025-11-18 22:17:19.934607,2025-11-18 23:19:55.125382,0 days 01:02:35.190775,0.872364682879017,4.141056340287188,1.0445770837054562,1.1225864296838732,2.7671618326664076,3.1630200926712275,1.0451446858672149,4.981090763821375,1999.272812965508,4276.596776765176,5264.210354396179,7677.747313709381,9882.59500659649,11783.57683355274,13309.322066384499,15928.030891123022,2592,4730,6660,7762,9639,11221,13443,15972,19,2224,4274,5983,8424,9727,11383,13426,0.11075623680072903,0.622617138599753,0.9093135756381517,0.4712568293051468,0.5854903610232539,0.36016497762567107,0.9279499692006661,0.5808157817169989,COMPLETE
285,0.6165556612749762,2025-11-18 23:19:55.958670,2025-11-19 00:22:37.768554,0 days 01:02:41.809884,1.0606869159940593,4.5614355375268625,0.7959930642152266,1.5461323520332189,2.6363725562692517,4.562354259600619,-0.35324362349276545,4.087806926917476,1714.8286420758545,4325.922643748859,5347.474310684089,7554.688834606841,9787.832431419332,11846.142431994298,13271.862144777982,15994.190098233697,2639,4687,6636,7840,9623,11251,13492,15924,47,2203,4229,6042,8442,9666,11324,13362,0.09679916286507795,0.682017423505848,0.8796556567332409,0.5090695058127045,0.5744943228705465,0.41580450966932436,0.8579538306769525,0.6076659952006437,COMPLETE
286,0.7050428163653664,2025-11-19 00:22:38.130032,2025-11-19 01:25:16.784536,0 days 01:02:38.654504,0.6764332487186682,4.354348592189479,0.4327827494762852,1.0330818774535746,2.436745337374792,3.013516270182434,0.9708906919970168,4.625063594768298,2129.649007916684,4379.624740870484,5401.124882582944,7590.93302712555,9804.928909602873,11717.727564086641,13315.880825157388,15700.31387101675,2607,4730,6658,7784,9588,11496,13517,15995,334,2184,4185,5979,8473,9698,11458,13396,0.1755951919969647,0.729666085791076,0.8530016355777749,0.4550744158872355,0.5322833360243924,0.3340679217251796,0.8742724919175097,0.6390714979149187,COMPLETE
287,0.5313986679352997,2025-11-19 01:25:17.077866,2025-11-19 02:25:59.680202,0 days 01:00:42.602336,1.1698567752356321,4.003306252389323,0.23725866230866888,1.2857833022192535,2.2889301572896783,4.4918671762542415,0.7701519147700029,4.507046073150882,2075.0027393001155,4442.064078659204,5370.809336349741,7540.70799415406,9961.491969090812,11764.489269609396,13233.040333362933,15647.943722818874,2673,4645,6633,7812,9603,11208,13473,15894,9,2227,4259,5954,8379,9633,11391,13412,0.13586384149654523,0.6916551394083318,0.8650130471521353,0.5266510159469904,0.5914470495372447,0.3814576152415734,0.9096853651758636,0.5492325021622699,COMPLETE
288,0.7759276879162702,2025-11-19 02:26:00.018796,2025-11-19 03:26:41.447220,0 days 01:00:41.428424,0.5624303874776172,4.785654617718092,1.3102721805737394,0.9618203210978981,1.9486774128046813,2.763673944438159,1.167983414340048,4.801818463968347,2213.5257842747587,4360.52972998539,5479.708962500447,7584.312597993177,9411.652877672199,11805.95304170936,13276.350144055705,15950.040452103503,2646,4743,6605,7876,9574,11167,13539,15942,24,2166,4295,6007,8365,9653,11369,13341,0.08125614390114576,0.6568250038510358,0.8949608644837296,0.4801617877131437,0.6788310062967752,0.31599603286168787,0.9452520261660873,0.6138451322677162,COMPLETE
289,0.4134157944814462,2025-11-19 03:26:41.712262,2025-11-19 04:27:23.488032,0 days 01:00:41.775770,1.4615658205279867,4.558064498892966,0.9112408787332107,1.3709246378878084,1.6834383493600453,3.2755043608504213,0.5741126075331072,4.818948302850642,2150.2711135445575,4408.841331971132,5240.83310476228,7641.458612555531,9887.741060740771,11887.266550773149,13127.308935605204,15730.361798117541,2586,4762,6643,7800,9568,11234,13517,15906,15,2201,4188,5916,8402,9682,11440,13384,0.11673126857488915,0.7155327809547588,0.9648972255967053,0.7979958951396181,0.6022984974941371,0.3568075733076496,0.9736765319727289,0.589832283223592,COMPLETE
290,0.7935299714557564,2025-11-19 04:27:23.705809,2025-11-19 05:28:08.180369,0 days 01:00:44.474560,0.7488775746848195,4.319308960207846,0.5333093275517709,1.7832676483211647,1.4428279767669523,2.5982021130418067,0.8734096511683095,4.385188486692088,2283.1327139864966,4452.50621335425,5361.831557091185,7519.004711647952,9768.075973606497,11853.125927606527,13381.781893833211,15904.174054666908,2570,4695,6591,7860,9652,11191,13490,15891,38,2184,4236,5964,8485,9634,11347,13367,0.07843224697988452,0.7784652236002576,0.8506716581919437,0.5006948700457353,0.6519081048773564,0.3340340217096633,0.9284555984892194,0.631827055013211,COMPLETE
291,0.7954329210275928,2025-11-19 05:28:08.536518,2025-11-19 06:28:41.439257,0 days 01:00:32.902739,0.47766782637199967,4.831775230407562,0.7715558864876494,0.776164623905218,2.6835655927183035,2.4829503183955106,0.0008392548157009072,4.691774965082172,2189.5508392829706,4341.216284282576,5302.842437126162,7549.8663196107855,9822.69775276196,11913.538263815084,13779.460803811266,15847.693662232039,2620,4735,6616,7897,9629,11277,13506,15926,8,3066,4216,5933,8447,9668,11421,13466,0.10044994009481217,0.67546440490052,0.9272740480644899,0.60545392979869,0.5641211817536578,0.4036697788302676,0.8891042138848508,0.5687769694790566,COMPLETE
292,0.7897240723120837,2025-11-19 06:28:41.908362,2025-11-19 07:29:32.852484,0 days 01:00:50.944122,0.3357389923177089,4.615935379454054,1.0827333887993071,1.1010017153789295,1.8448069513726022,2.9333448649615663,1.4652462622861289,3.921304888992197,2247.4938663788635,4396.0796455601285,5566.695695086325,7708.760509059407,9314.619607518684,11808.13672331438,13187.693160007213,15682.95085037512,2547,4782,6660,7772,10264,11218,13551,15869,24,2226,4199,6020,8426,9714,11392,13347,0.13447759313409668,0.7479638310599799,0.884777348728951,0.5239839547212493,0.5937443162984021,0.30320043892725923,0.9585478899063875,0.6537518296326945,COMPLETE
293,0.8068506184586108,2025-11-19 07:29:33.191256,2025-11-19 08:30:16.321475,0 days 01:00:43.130219,0.30803246028861175,4.471002937199688,0.3283478261022863,1.493045611417325,1.3296555847049836,3.5144773978624904,0.37301103993514917,4.906672856001979,2101.3554226729593,4455.754204794905,5576.479004954363,7470.813254193463,9910.781501648069,11896.95154628329,13532.484242051927,15953.298519398071,2663,4758,6625,7837,9588,11253,13459,15953,0,2202,4181,6331,8500,9646,11363,13445,0.15739454322616991,0.7033060873818123,0.8401380775621521,0.46404264760164743,0.6490652059900508,0.376725530641484,0.9187732523309193,0.6098338598883319,COMPLETE
294,0.46241674595623217,2025-11-19 08:30:16.562292,2025-11-19 09:39:14.283800,0 days 01:08:57.721508,0.8679199236703447,4.376676690080662,0.2437856968238482,1.6034198627697278,1.3164813126505783,3.4958989365624458,0.24177438303588736,4.936966438095186,2028.8678547524928,4255.793145640908,5539.213266200897,7465.665539886851,9921.410416698156,11832.205520260586,13538.938088405397,15963.987721530235,2681,4717,6687,7749,9591,11581,13460,15954,1,2203,4251,5897,8499,9644,11355,13391,0.16131340995008908,0.6938258929590496,0.872379433643336,0.45805457436805236,0.6690184040754985,0.43805916664497213,0.9189431402648954,0.5945663171493605,COMPLETE
295,0.8120837297811608,2025-11-19 09:39:14.549519,2025-11-19 10:49:10.946971,0 days 01:09:56.397452,0.4912557982393,4.143749779962796,0.3059999693223871,1.3756510902525882,2.895934086885334,3.7063306913164173,0.3535203661898627,4.7684066789936,2095.7675747351896,4314.275258457257,5507.996932475145,7628.1856398875825,9958.071297083143,11912.655867460693,13655.07597427583,15913.85569563401,2908,4753,6627,7815,9608,11255,13421,15982,0,2239,4226,5986,8478,9690,11371,13457,0.14419165998581396,0.7016023956222678,0.8400673607484264,0.4712766583265998,0.32402012478070796,0.3694364624895087,0.9408005273484126,0.5349864112405813,COMPLETE
296,0.8087535680304472,2025-11-19 10:49:11.246390,2025-11-19 11:58:34.607188,0 days 01:09:23.360798,0.49225883794061837,4.036314314383349,0.4649845247832858,2.371037409505975,2.5412477925968266,3.5411801417568687,0.06838665485294781,4.570185821018519,2080.7472073610925,4304.548572875599,5457.907920840271,7627.148815891823,9973.573904223347,11912.133928192177,13584.936670752448,15896.335069789238,2662,4754,6634,7840,9611,11264,13422,15964,10,2233,4281,6254,8463,9705,11330,13424,0.1918748445505465,0.7015755723908172,0.833787699378874,0.46466485872067925,0.6499105290204966,0.39333347711547906,0.9827469601921016,0.5242592305704946,COMPLETE
297,0.8044719314938155,2025-11-19 11:58:34.850174,2025-11-19 13:01:11.366425,0 days 01:02:36.516251,0.5359988341368324,3.9369730341612907,0.4514957543536676,1.4663695031700854,3.1055083643018633,3.711080542296284,0.3637949735575595,4.559376000104609,2102.641603160902,4281.924131424417,5478.179489776645,7626.150654257326,9983.583062985288,11902.09942526137,13700.948311403758,15897.319983833993,2880,4753,6635,7838,9613,11266,13435,16000,8,2244,4286,6352,8461,9695,11335,13468,0.19217357407640728,0.706709971513334,0.8364823661506079,0.4493895781915455,0.12813595409762785,0.3926011005078282,0.9846625099908204,0.5101236149720109,COMPLETE
298,0.8063748810656518,2025-11-19 13:01:11.656233,2025-11-19 14:01:49.536531,0 days 01:00:37.880298,0.4852250379591631,3.8262579106053636,0.43543568514620745,2.392581240563405,3.0139020855281524,3.778916871170417,0.0857232245300798,4.499297041790043,1976.119903188396,4280.101136315689,5487.469269100722,7643.321421129016,9978.30404054064,11900.081652202169,13674.911257971302,15912.733626045088,2895,4756,6646,7842,9626,11290,13442,15993,1,2243,4285,5989,8452,9734,11295,13428,0.1904126649185619,0.7069167988189488,0.8333765121615199,0.44882635239002927,0.11198321906935033,0.3987677429660342,0.9856493966447647,0.5319053909940301,COMPLETE
299,0.7074215033301617,2025-11-19 14:01:49.961917,2025-11-19 15:01:57.919000,0 days 01:00:07.957083,0.5033414625020691,3.845555317608217,0.1729754358197111,2.7660993119818036,2.9541230372672955,3.715924108293736,0.034240559001525284,4.2420876042085185,1927.6857713446461,4254.219115012289,5468.355260958588,7636.862480854572,9992.547235169597,11904.08707595984,13662.62828137848,15909.83540310365,2932,4748,6657,7846,9623,11285,13405,16001,420,2247,4301,5996,8454,9729,11255,13450,0.19862864514614623,0.7008539487812964,0.8375184389913854,0.439124553483326,0.12694944504920685,0.41785377864638473,0.988768859548098,0.475782504417135,COMPLETE
300,0.8035204567078973,2025-11-19 15:01:58.223927,2025-11-19 16:02:03.302435,0 days 01:00:05.078508,0.5708317187220393,4.1124239580382,0.4441553823943277,2.424018613480577,3.4874962959637785,4.091395109157011,0.3293394239428027,4.55432492560456,1982.1142118026303,4284.940088102884,5502.239750237211,7693.237442206059,9993.789053018403,11945.29518236411,13620.50850587329,15940.397271111613,3009,4754,6674,7865,9637,11300,13434,16017,1,2243,4284,6328,8464,9761,11317,13439,0.1929136777787605,0.6731177751204214,0.8428837056619694,0.4465439924067407,0.09922317376993223,0.3995897938849984,0.9958708321087578,0.5342338808771974,COMPLETE
301,0.8030447193149381,2025-11-20 08:28:52.194152,2025-11-20 09:43:46.027469,0 days 01:14:53.833317,0.4922189514246272,4.0351836096151565,0.38050358107725724,2.770766200041097,3.543769589462105,3.9042592220219894,-0.1827893492285993,4.360428003346032,1970.6718227730962,4221.298590229738,5491.989741892708,7714.188434560409,9962.536870032824,11940.915987522538,13684.598352659992,15943.516432640952,2664,4765,6700,7872,9640,11301,13425,16032,0,2247,4282,6334,8464,9773,11324,13448,0.19571594708298784,0.6489870022070539,0.8439320845612079,0.45708992924715297,0.09435532094606397,0.45818632435276835,0.9981427166135455,0.5336734284432834,COMPLETE
302,0.5152235965746907,2025-11-20 09:43:46.317909,2025-11-20 10:52:37.197805,0 days 01:08:50.879896,0.6179801367472545,3.98654706659132,0.42613459429278283,2.445701504225997,4.103455637185549,4.015284604697501,-0.24547713168327145,4.468410331877152,1848.4166826815865,4222.3719630717715,5449.8236545097825,7769.491144293543,9993.356111856843,11957.957366744706,13722.747390197968,15898.286535516458,2905,4705,6721,7841,9722,11316,13443,16006,0,2255,4292,6322,8461,9718,11298,13435,0.19237675311247593,0.6525934120713041,0.8548973455287374,0.4482945532107076,0.07918069936469044,0.4362709472719506,0.9887176138570236,0.5177386503897565,COMPLETE
303,0.8058991436726927,2025-11-20 10:52:38.461324,2025-11-20 12:04:32.515133,0 days 01:11:54.053809,0.4505994227469433,4.0344027439424845,0.262683524389263,2.9331750976076956,3.2735870169570087,3.78122672031445,0.1397155021902126,4.523145306380439,1993.6886453168574,4288.585382164647,5508.841181737905,7737.631036585426,9945.769294624914,11913.668362843267,13683.609474086676,15937.369463949917,2977,4761,6694,7883,9654,11297,13417,16037,0,2234,4279,6340,8447,9776,11299,13487,0.1907650769210647,0.7133188375826002,0.8392486786808956,0.4484791880665782,0.13089940426848712,0.46625066670628684,0.9988092992878473,0.5321414543481856,COMPLETE
304,0.8106565176022835,2025-11-20 12:04:33.071369,2025-11-20 13:16:01.304844,0 days 01:11:28.233475,0.4208456678562605,3.6543592309275055,0.08460472822863085,2.90981422696747,3.54641726772482,4.035235182450162,0.09851988097060294,4.027508574565363,2040.0371527757802,4265.767786443251,5499.974053614081,7743.690409071402,9948.517963905211,11911.852351134095,13642.518994861903,15931.590138505848,2958,4751,6648,7893,9666,11292,13407,16026,0,2241,4287,6341,8446,9768,11289,13492,0.183052609606005,0.7405415653931722,0.8345293713641759,0.42958451923742175,0.1202682371112774,0.4528660961305066,0.9931168793881348,0.5244058915959956,COMPLETE
305,0.8006660323501428,2025-11-20 13:16:03.133285,2025-11-20 14:28:42.183271,0 days 01:12:39.049986,0.37868755010122207,3.6544451338367705,0.24964332698572955,3.0654065378768602,3.374025814893373,3.869471932175173,0.10615080445904246,4.039636032723428,1971.2123949028467,4217.7092564372615,5507.490899121461,7703.250997322125,9949.052082900711,11999.84232150682,13631.528661312448,15938.974868167745,2998,4727,6695,7910,9670,11301,13423,16043,1,2244,4282,6349,8443,9761,11284,13494,0.21712730234073996,0.7374997599830484,0.8182423147560098,0.4266531654116014,0.11350949616904835,0.46754300534374216,0.9917283538838294,0.5295549808337631,COMPLETE
306,0.8058991436726927,2025-11-20 14:28:42.574822,2025-11-20 15:39:30.205740,0 days 01:10:47.630918,0.4384940718473689,3.7291185864485814,0.0823729950905317,3.018090988985495,3.458068707965036,4.13390117134764,0.10338164584712638,4.069750149171234,1957.314070152652,4218.619121234102,5495.9923483495,7800.878844645304,9938.27161525786,11993.678523947901,13648.272804787892,15933.633575889497,2999,4728,6699,7915,9666,11307,13433,16043,0,2246,4312,6332,8446,9746,11292,13492,0.21941059241666233,0.733591768122261,0.8140599335344706,0.43379126151202513,0.09773358038736504,0.46905759401353825,0.9937676964327048,0.5202757600289676,COMPLETE
307,0.8116079923882017,2025-11-20 15:39:30.668657,2025-11-20 16:50:46.893969,0 days 01:11:16.225312,0.4114968690989161,3.616568667659781,0.04187766866884518,3.3267741746989605,3.402443150134951,4.177550631588573,0.06654505291671373,3.5565669287672144,1970.069937057559,4214.834166978632,5492.840455109295,7841.32906400344,9952.51396894897,11988.31628987611,13651.685630740472,15945.693265839313,2991,4730,6697,7890,9680,11306,13424,16049,0,2249,4314,6345,8442,9758,11287,13489,0.20650470134812493,0.7410907661236118,0.8117176997333421,0.42262681097846166,0.13998631901030145,0.46847574157317917,0.9945584874824459,0.5002658962350073,COMPLETE
308,0.8044719314938155,2025-11-20 16:50:47.123198,2025-11-20 18:03:25.642861,0 days 01:12:38.519663,0.4449117647169931,3.843002701346026,-0.06150957270154056,3.5907647278690478,3.594807798991733,4.731039219154309,-0.4810510557391383,3.624713424067346,1926.813171400048,4255.51996144591,5462.818859729622,7827.384909601129,9941.156116348255,11962.850915445984,13693.527455062651,15997.655891072729,2962,4745,6697,7887,9669,11317,13405,16033,0,2254,4311,6404,8132,9749,11286,13471,0.18016720133483077,0.7402669031163578,0.8184292481054403,0.4236967580920787,0.1508472721341989,0.5072878342096006,0.9996639096222751,0.5070795808613411,COMPLETE
309,0.566127497621313,2025-11-20 18:03:25.984900,2025-11-20 19:15:01.215807,0 days 01:11:35.230907,0.7073561354516736,3.750733630141348,-0.060141242477704526,3.6867038044897904,3.8398233229841217,4.453212163092345,-0.5227092221889906,3.421225098180764,1931.9419515237298,4244.305663362908,5484.495488961072,7748.313794143087,9947.266591554588,11954.415562748887,13724.506484291549,15940.742777053798,2967,4711,6699,7887,9723,11329,13395,16019,1,2251,4301,6350,8187,9766,11263,13473,0.18909517222386119,0.7537683752038405,0.803731658023392,0.42168662254202727,0.15484345496552288,0.4868017968683005,0.9924194436202926,0.5007682579312378,COMPLETE
310,0.8139866793529972,2025-11-20 19:15:01.594124,2025-11-20 20:27:16.127818,0 days 01:12:14.533694,0.4506680715061256,3.8512676102646983,0.08102916802782506,3.2108836545492414,3.5212500494787324,4.1753267845948026,-0.13918473826497427,3.611333957033465,1962.468312531631,4182.001098583716,5463.212472317085,7893.2236996259935,9991.78412967093,11970.633260387925,13665.521943295653,15943.274864349685,3030,4738,6706,7931,9677,11302,13418,16052,1,2260,4282,6413,8433,9792,11286,13449,0.23122125936000226,0.7759761133559623,0.7821837023222352,0.42168174650787743,0.09135835732194131,0.533466625891189,0.9960763511864252,0.5063560700240343,COMPLETE
311,0.79686013320647,2025-11-20 20:27:17.111125,2025-11-20 21:38:40.545768,0 days 01:11:23.434643,0.46048229772710514,3.616338271905258,0.03859278926705595,3.1537164656518666,3.170295539149943,4.322541184235297,-0.2197619013377063,3.6709797862265927,1936.3924638471788,4197.390093898746,5446.5920378167675,7819.144380689206,9917.590736245053,11959.384089285963,13685.505506899144,15952.11747538319,3039,4739,6708,7925,9692,11305,13421,16047,0,2261,4316,6399,8425,9783,11287,13447,0.231333376406118,0.7280671882268233,0.8186339762485111,0.4175754509168022,0.10206504142821946,0.5182373997559873,0.998505865659,0.5026575188150205,COMPLETE
312,0.5394862036156042,2025-11-20 21:38:42.009160,2025-11-20 22:49:37.333834,0 days 01:10:55.324674,0.7871655668477258,3.971376610590366,0.10436264946390109,2.885887429392935,3.54764432982099,4.118673975712315,-0.4050665547908799,3.694836128941398,1971.103879949278,4166.985367658309,5489.889572132343,7899.165481666859,9998.78923015962,11901.99822145193,13649.314506844845,15910.269973921773,2967,4726,6683,7937,9664,11340,13427,16058,0,2243,4315,6299,8438,9753,11304,13475,0.20215721106212453,0.7860651272543324,0.7775846833878024,0.4401276403780922,0.0784787983279124,0.49089190955674267,0.9988290746306437,0.5354107259695471,COMPLETE
313,0.80732635585157,2025-11-20 22:49:38.121444,2025-11-21 00:01:54.106282,0 days 01:12:15.984838,0.47798309452879323,3.8984532328692083,-0.0035843610726776776,3.5185261219870223,3.4188757683357496,4.644868043309074,-0.7940010928608601,3.654985825493374,1906.8257274817333,4268.586133325726,5456.399403912207,7998.190144704865,9959.04309278325,11871.98886523212,13597.811723087241,15998.73849395137,3014,4744,6697,7887,9678,11310,13393,16032,0,2263,4283,6418,8287,9744,11295,13497,0.17447317865570047,0.7085010483522524,0.8134372479578758,0.4363374673852824,0.15828382737440347,0.4604226346541194,0.9780476401206322,0.5139233009031764,COMPLETE
314,0.8044719314938155,2025-11-21 00:01:55.069933,2025-11-21 01:13:56.383677,0 days 01:12:01.313744,0.3686843828608307,3.8422243776031073,-0.10619307497696459,3.512329304446518,3.7375066029736166,4.210261509128821,-0.6544357236866678,3.42607488706738,1991.8406327883072,4226.2775379111235,5459.288175049334,7964.563973455672,9960.007834765203,11995.661885713273,13604.160758260598,15940.64524515608,3024,4746,6708,7896,9688,11322,13388,16084,0,2259,4284,6385,8445,9750,11233,13506,0.1852749170916259,0.7094156933003672,0.8090467199660135,0.4302659712715021,0.15792750325170424,0.5434875383538765,0.9760240282759342,0.5131250836381172,COMPLETE
315,0.8049476688867745,2025-11-21 01:13:57.032298,2025-11-21 02:25:24.717061,0 days 01:11:27.684763,0.3517214090169844,3.7259728098256484,-0.025810398961671643,3.5687689016350306,3.478909443048631,4.168517786720382,-0.7035192806595076,3.6634157416574644,1989.4822590676674,4229.962005348385,5423.324117210011,7918.460855488189,9970.41251792127,11998.342634306782,13583.62436455212,15958.588609143004,3016,4745,6703,7914,9709,11318,13396,16066,7,2267,4287,6402,8037,9749,11232,13502,0.21784278280854077,0.7111652267386978,0.7850937075304242,0.4154106938225046,0.16176130603284145,0.5381303987105629,0.9774490587172644,0.5127335679562197,COMPLETE
316,0.8025689819219791,2025-11-21 02:25:25.398531,2025-11-21 03:30:35.232561,0 days 01:05:09.834030,0.5316620056424662,3.835490317231958,-0.026235748501506617,3.4188950575890176,3.7673171214967414,4.176749524079406,-0.11215552119505023,3.5282645193269864,1878.1317705841386,4209.13659651305,5431.632140427032,7974.078679132158,9959.793216278573,11979.208735270056,13591.669510084614,15953.276065871249,3063,4751,6707,7920,9702,11329,13386,16080,8,2269,4281,6403,8127,9746,11231,13492,0.1821063015106468,0.7044267068507809,0.7871804349646814,0.4181292397379342,0.1521222752804418,0.5220220553274253,0.9736436731190121,0.5177087881567476,COMPLETE
317,0.8082778306374881,2025-11-21 03:30:35.515764,2025-11-21 04:30:00.720520,0 days 00:59:25.204756,0.3502134052307848,3.5749386452028054,-0.14255674383323236,3.399374483575112,3.458217505637803,4.661477598239726,-0.8948636236597559,3.7135610126957292,1910.3226891644854,4263.569626042577,5459.438213208222,7918.8226564865545,9958.271699940991,11879.990587008651,13680.212457001062,15909.894681172429,3020,4747,6719,7905,9719,11319,13412,16032,6,2265,4306,6418,8251,9801,11279,13502,0.21447297119749084,0.745787402184949,0.8008658522611283,0.43435992117339506,0.18384375058611704,0.5898055558784571,0.9816041746262089,0.4932930646742253,COMPLETE
318,0.8011417697431018,2025-11-21 04:30:00.948038,2025-11-21 05:29:26.649497,0 days 00:59:25.701459,0.3436015911136599,3.541379040481293,-0.1768138975397403,3.4589963780490693,3.2709670529927126,4.652455086075813,-0.6280261528445387,3.7373741436440513,1825.4611421680074,4256.861992844705,5447.91948772756,7919.9311313078215,9928.38457895665,11874.982809811576,13803.228839115975,15898.471910697443,3018,4743,6721,7961,9712,11349,13406,16028,0,2271,4309,6427,8319,9814,11172,13507,0.2237664640900939,0.748780468985479,0.7829332120863386,0.4350965367303683,0.17441946907086084,0.6191850482280861,0.9747825661231504,0.4603675180525342,COMPLETE
319,0.5375832540437678,2025-11-21 05:29:26.908491,2025-11-21 06:28:32.555787,0 days 00:59:05.647296,0.7117976988845305,3.699262566459908,-0.01801568962457023,4.139728121059535,3.448964502071418,4.351247941390886,-0.7602257355792749,3.1877174144495797,1905.7077818169225,4279.012490506208,5412.803429529723,7864.45846949663,9995.23586465267,11991.521348186283,13717.757829186494,15909.379549338784,3014,4745,6688,7908,9674,11325,13372,16060,9,2266,4342,6373,8258,9794,11246,13482,0.2122334225623126,0.7201872722355213,0.8072708675884842,0.40700007291064916,0.13947579086399933,0.554718566687241,0.9772372556384921,0.4924875601910247,COMPLETE
320,0.8144624167459562,2025-11-21 06:28:32.814028,2025-11-21 07:28:59.205685,0 days 01:00:26.391657,0.37477516877924777,3.825764202402726,0.046593094339986124,3.3160756372965796,3.11658725959885,4.360389189232137,0.10128819389650451,3.4733458109999655,1997.293356347724,4163.387964280128,5459.6148491983,7987.14240022086,9937.506849087058,11892.606190064853,13622.158046334522,15957.824431085233,2986,4717,6718,7895,9688,11301,13440,16089,9,2242,4317,6375,8111,9748,11278,13521,0.2413562266274386,0.735258788314487,0.8080519444829531,0.4334112943055544,0.11873467553514847,0.5754258672221166,0.9818271916486047,0.5117858632279463,COMPLETE
321,0.80732635585157,2025-11-21 07:28:59.679042,2025-11-21 08:43:29.449322,0 days 01:14:29.770280,0.41077496055603213,3.8043858375782453,-0.2894247576535156,3.7041111979354553,4.063587306911403,4.447537653979184,-1.0311538268084606,3.449422099708552,2023.7792639243887,4235.38307424298,5464.406693679499,7999.298780026914,9924.426294407825,11890.525515139683,13589.637643240927,15993.934915985392,2987,4713,6722,7890,9732,11375,13393,16087,10,2240,4328,6420,8062,9739,11219,13529,0.23628629887330482,0.7410950119234477,0.769111633600708,0.4260131114693164,0.1686559535960529,0.6000343839187305,0.9765668454290711,0.5040565185399143,COMPLETE
322,0.8030447193149381,2025-11-21 08:43:29.718470,2025-11-21 10:00:05.456240,0 days 01:16:35.737770,0.38943357920849125,3.471761624242234,-0.19349801435283365,3.6521318852770923,3.075112939030854,4.375768262744025,-1.0925208649321634,3.446061178230747,2006.3788788388274,4141.449365649338,5456.645355857258,7966.821551445681,9937.373509242492,11874.841623818567,13589.96412935852,15962.135678964956,2894,4710,6722,7893,9730,11376,13396,16098,9,2261,4328,6455,8055,9752,11273,13523,0.2458766401552902,0.7630357000393208,0.772068474963381,0.41226366466276576,0.18025293790168725,0.5864650885966616,0.978216782466043,0.47898521066084443,COMPLETE
323,0.8082778306374881,2025-11-21 10:00:05.867692,2025-11-21 11:17:45.000118,0 days 01:17:39.132426,0.3365284337119814,3.8013577726483767,-0.33385225712330674,3.897737586699784,4.074421171881953,4.814734260180652,-0.9723282544370571,3.156323100977378,2027.267689600382,4176.159348259858,5464.872089860165,7999.63404384182,9903.371097081084,11903.229668533226,13867.833760270792,15884.696049636028,2987,4718,6703,7936,9766,11320,13410,16132,9,2284,4310,6378,8090,9739,11290,13506,0.26395476052301137,0.742055466943404,0.7955512818124556,0.42809629572098973,0.1204767722743192,0.590445168912031,0.9764534139379866,0.5133113888969142,COMPLETE
324,0.813510941960038,2025-11-21 11:17:45.557766,2025-11-21 12:35:29.180601,0 days 01:17:43.622835,0.33911392349631087,3.7697477861886988,-0.2894347824787749,4.022577688348588,4.04597779312732,4.637611733244343,-0.8785583807767515,3.050132706880697,1920.8573716689984,4166.627652808203,5468.055011335252,7956.9940128367025,9905.005808865862,11904.890363252425,13841.638261487027,15888.662372641476,2987,4722,6722,7933,9663,11312,13416,16131,9,2277,4308,6423,8080,9738,11208,13500,0.2674969399650048,0.8086182719293433,0.7901398045151511,0.42187950133402063,0.12274043778797568,0.5349855155758723,0.9795551464364007,0.5139722011734827,COMPLETE
325,0.8139866793529972,2025-11-21 12:35:29.624177,2025-11-21 13:53:26.144568,0 days 01:17:56.520391,0.3324120891029987,3.7317402111109574,-0.3169156489125292,4.123010726946805,4.176445962362265,4.571988607906189,-1.3347049173193986,2.9535408813433195,1924.2861433638948,4199.18967854707,5464.0074907463895,7991.497771172754,9908.560328211297,11895.86680941645,13892.091421446075,15894.856264876891,2948,4718,6704,7935,9757,11357,13412,16155,0,2283,4312,6416,8091,9740,11221,13501,0.2280119282813124,0.7801972409798797,0.782561018303275,0.4267566213000712,0.1205731793879432,0.5419577244464744,0.9823468412639639,0.5135630710577282,COMPLETE
326,0.538534728829686,2025-11-21 13:53:26.660154,2025-11-21 15:11:26.056737,0 days 01:17:59.396583,0.6543172451828354,3.686863626605508,-0.37444443109088715,3.229532020069782,4.401654138014828,4.674684848916818,-0.9539616608143429,2.9504234359674073,1905.328275611231,4170.645451723411,5413.605255775177,7990.755602040667,9913.576589757615,11898.921040472263,13688.821243705102,15879.286078241777,2949,4683,6719,7939,9735,11354,13412,16160,217,2274,4322,6413,8096,9738,11191,13529,0.26215694098182313,0.7989462627982428,0.7627676803177674,0.402485961305136,0.1271835178140979,0.5875881308294978,0.9790141611476484,0.49778785059515973,COMPLETE
327,0.8054234062797336,2025-11-21 15:11:26.376037,2025-11-21 16:29:19.773832,0 days 01:17:53.397795,0.3116261476177816,3.4498943595487694,-0.3418396898491931,3.961597532228892,4.065869314517509,4.9045986263833115,-0.9192994394690682,3.2284035141243437,1849.3952095294942,4178.131914122219,5472.685587183112,7946.327731348646,9927.95816308036,11858.858193573124,13815.743641916268,15896.250710590411,2978,4724,6692,7933,9769,11313,13451,16185,11,2283,4344,6428,8135,9781,11214,13473,0.2367745457124061,0.8110314107001917,0.7799965684005824,0.42346496567703346,0.11689851796817552,0.5836704629280052,0.9743773201345383,0.46602347744681755,COMPLETE
328,0.774500475737393,2025-11-21 16:29:20.137889,2025-11-21 17:46:35.129147,0 days 01:17:14.991258,0.3354755201287314,3.411320560444896,-0.42383914900904585,3.948636102627759,4.204043846989144,4.923612869206707,-1.3637115507710116,3.059096653427982,1817.6445382204558,4176.774857459686,5435.30401221608,7937.2964815974565,9897.871677923362,11850.101577467218,13876.615535439356,15882.416649803821,3054,4715,6722,7952,9744,11291,13449,16181,12,2283,4344,6372,8033,9784,11208,13498,0.24338626825322707,0.8172870370683483,0.7795064200537066,0.4368636237286342,0.11744736828683264,0.6392767987863124,0.9702494710003353,0.4634809140141252,COMPLETE
329,0.4866793529971456,2025-11-21 17:46:35.485093,2025-11-21 19:04:47.586516,0 days 01:18:12.101423,0.7317412531491866,3.57598551046333,-0.31650595125156866,3.924789974579332,4.078287570046134,4.475782352330603,-1.1737401127856735,3.3026165989971332,1867.3692236182603,4158.679058037965,5501.92075648351,7996.0284018127995,9904.497455133116,11879.13264901459,13871.107968640908,15903.43462894811,2982,4717,6687,7913,9777,11348,13436,16124,391,2296,4303,6355,8073,9775,11195,13520,0.2790778674865756,0.8091620578119708,0.7892798351723097,0.4068428837666439,0.02728862128113331,0.5856712548538129,0.9781239049672991,0.48548545143428107,COMPLETE
330,0.7844909609895337,2025-11-21 19:04:48.199792,2025-11-21 20:22:30.622106,0 days 01:17:42.422314,0.2818823707553917,3.7387678053046716,-0.6149980086450031,4.363797328715634,3.9366927269137935,4.607101937183395,-0.9429647648425091,3.1605147185771933,2040.9639176039518,4201.438037493896,5471.299828525094,7898.413283175693,9962.219333530526,11904.794551937903,13949.050815501398,15870.065691065012,2987,4695,6700,7941,9768,11309,13422,16143,11,2288,4351,6441,8096,9808,11253,13483,0.21814396047436108,0.7617768587719796,0.7543708617079792,0.4400177324635502,0.10244759831262318,0.6088514490526485,0.9676037093254768,0.44122626210264915,COMPLETE
331,0.4804947668886774,2025-11-21 20:22:31.108015,2025-11-21 21:41:26.719993,0 days 01:18:55.611978,0.5523702140869338,3.402031755458823,-0.3002344114372828,2.985103400137365,4.3113652118913715,4.343538188547193,0.06995199678006109,3.80908637031161,1961.1943772060295,4137.317566123481,5412.198810505537,7929.732945130684,9999.262777245895,11865.754026259106,13755.19114349915,15895.157681233432,3091,4727,6683,7929,9801,11335,13453,16215,12,2281,4328,6293,8055,9727,11217,13469,0.23036009009217978,0.7742831868461104,0.7691983949821043,0.3959017390900013,0.13388981059474017,0.5398942408810886,0.9983758863394175,0.5157594301747591,COMPLETE
332,0.8125594671741199,2025-11-21 21:41:27.082843,2025-11-21 22:53:20.605281,0 days 01:11:53.522438,0.28551406899824694,3.932155293231476,0.13626656721248948,3.3101260368761496,3.985772981021328,4.817558227363965,-1.0483878082070142,2.9309504497778467,1783.2370157872974,4234.027568401121,5505.377034335681,7869.6960785907,9922.232430114258,11862.23135409493,13848.77426180266,15920.97818725496,2992,4662,6701,7960,9750,11287,13374,16124,10,2240,4300,6413,8143,9732,11292,13500,0.2608499260017469,0.7743316478190728,0.7850758618373455,0.42125614374436116,0.057853596879599165,0.5794720036265942,0.9751835229308888,0.5234841224904333,COMPLETE
333,0.8082778306374881,2025-11-21 22:53:20.914182,2025-11-21 23:53:02.496518,0 days 00:59:41.582336,0.27283371770685494,3.6127347839548487,0.10804410331171496,3.2803476237634777,4.728379226191338,4.995253353716395,-1.504102726194858,2.8484444771721193,1890.196047895904,4195.737235244451,5520.809048311603,7870.726139360371,9895.450578309621,11846.572373817366,13833.677062758157,15950.770784199036,2983,4671,6699,7963,9786,11289,13377,16109,0,2273,4366,6480,8111,9767,11275,13505,0.25255715035769405,0.7766172488839969,0.7831942536524079,0.4160537903711688,0.05935374968280911,0.566471166390161,0.9667877440268563,0.5425306276458626,COMPLETE
334,0.8001902949571836,2025-11-21 23:53:02.785077,2025-11-22 00:52:08.833811,0 days 00:59:06.048734,0.28604517944973706,3.5951279679919295,0.03628868007112071,3.3708594823550646,4.605815667360162,4.98306832121404,-1.4968162335546686,2.5649363389149173,1786.9782118172088,4190.328351726871,5528.7698148375885,7876.906182755302,9900.08136713069,11846.995218928007,13910.01334680991,15943.12873677307,2993,4677,6694,7972,9759,11294,13389,16130,18,2280,4368,6429,8147,9772,11143,13536,0.2630018109074485,0.7800488385324548,0.7587937056867193,0.4229309329498224,0.05067868252672462,0.5615373650584384,0.9728769628757902,0.5312039971471975,COMPLETE
335,0.8039961941008563,2025-11-22 00:52:09.125203,2025-11-22 01:51:15.054812,0 days 00:59:05.929609,0.2976512873901358,3.782191201736919,-0.242209082557789,3.79922780780217,4.760255780384657,4.7878279458081705,-0.8530946451814863,3.043234437525336,1875.0885844092177,4227.3810444328365,5501.891787954758,7940.061578978086,9932.597524078736,11910.539992772388,13831.18184340532,15958.341225903774,2939,4670,6705,7967,9798,11361,13368,16110,13,2264,4332,6422,8107,9737,11295,13506,0.24186641829508035,0.8247043117009701,0.7956230976722825,0.39906542075292245,0.067219768850944,0.5762364190212774,0.9640679929005138,0.4881300322116595,COMPLETE
336,0.8111322549952427,2025-11-22 01:51:15.318682,2025-11-22 02:50:17.770711,0 days 00:59:02.452029,0.2489735207701245,3.514931321464635,0.08856532767205541,3.2873152391613205,4.024635770471833,4.570973597417453,-1.2359663658955253,2.8317357033221247,1935.0513780070344,4117.7741380946145,5511.486624113299,7861.121053077018,9899.964173914508,11853.873591578023,13562.73274303575,15916.6005460335,2973,4649,6675,7935,9784,11284,13365,16089,10,2240,4302,6473,8083,9796,11267,13492,0.3104985869768507,0.8007794229113029,0.7853552668171137,0.41859097148223967,0.08965843766586393,0.6014237344397112,0.9829904493630983,0.46577118101899795,COMPLETE
337,0.8049476688867745,2025-11-22 02:50:17.968921,2025-11-22 03:49:25.659519,0 days 00:59:07.690598,0.23306673039025452,3.4335431621904715,0.10201490129364194,3.2767347872085923,4.0648271957233435,4.561551822860204,-1.204285618618971,2.911480223563718,1918.3358552328455,4158.379772589223,5510.455078152758,7855.91802277183,9899.000852307781,11856.758815512776,13554.819523924021,15919.86896224567,2981,4638,6722,7928,9760,11288,13363,16092,10,2239,4309,6479,8087,9798,11261,13501,0.28609465515590005,0.7967561722727864,0.7829225787607181,0.41459521530987903,0.08154497822731677,0.6485196531968087,0.9793296470418325,0.46375000663631955,COMPLETE
338,0.7925784966698383,2025-11-22 03:49:25.843667,2025-11-22 04:48:31.033891,0 days 00:59:05.190224,0.26884534489494694,3.343484969178349,0.03584260618225875,3.28829925206298,3.95140996655656,4.548808889443781,-1.1627290506078545,2.8112543191787402,1910.5087110126706,4141.0386407639,5506.050572338086,7864.133027671807,9878.222256006355,11864.167619730173,13524.259062472798,15920.796093768668,2978,4628,6718,7924,9842,11287,13371,16105,29,2241,4309,6516,8081,9797,11267,13502,0.31492995688299813,0.7982223698704727,0.7769660680806177,0.3835009690284776,0.07509860260507537,0.6016933096963012,0.983328992628301,0.4563165323766416,COMPLETE
339,0.5047573739295909,2025-11-22 04:48:31.238911,2025-11-22 05:47:42.864203,0 days 00:59:11.625292,0.5011731191435835,3.5494133244729533,-0.5576999579096364,4.129594843911473,4.5529242665346485,4.719733834214582,-1.4741332623198802,2.539369606674159,1936.8053211250199,4165.628543252472,5472.685399649927,7804.737994011995,9938.150715912394,11851.586816162035,13581.08692214428,15961.684060131021,3037,4614,6678,7955,9784,11317,13366,16073,12,2282,4353,6481,8145,9803,11244,13490,0.26955828947589255,0.7828179141660433,0.7632961674994284,0.3978183309575605,0.21305245892597302,0.6458110022180679,0.9967933510458309,0.47313541167162826,COMPLETE
340,0.80732635585157,2025-11-22 05:47:43.114324,2025-11-22 06:46:46.968118,0 days 00:59:03.853794,0.2936889812831143,3.7216974613192435,-0.25127156087468716,3.046687622552962,4.0427697444418795,4.8671886376698925,-1.0119820313431414,2.890039913873181,1833.7054735040922,4130.228885252389,5441.869393348353,7878.871434471463,9904.893555833462,11910.623453973241,13630.350091691214,15919.409357545122,2953,4651,6703,7938,9748,11308,13415,16089,10,2262,4301,6472,8110,9827,11296,13519,0.29176252824393345,0.8202622255354584,0.7823662313670062,0.41665519424209774,0.09213962968180556,0.6800942973161552,0.9708104407758268,0.49536924937885063,COMPLETE
341,0.5161750713606089,2025-11-22 06:46:47.191563,2025-11-22 07:45:44.438090,0 days 00:58:57.246527,0.4656845194220086,3.8804218476007386,-0.2522497458911935,3.0269173754116228,3.7981642420509885,4.97745955709131,-1.0176826713889253,3.242486762992866,1858.3468624625395,4093.372626416591,5435.869109997353,7918.705399563347,9949.315688703513,11913.898178291489,13640.300936022835,15966.281101208666,2949,4652,6698,7948,9710,11308,13417,16134,27,2262,4299,6454,8121,9830,11301,13530,0.29756319993526237,0.8622231466799618,0.7423466723621917,0.42435187033672184,0.10444247031088252,0.5386416361213281,0.965500289756877,0.4958729131981375,COMPLETE
342,0.5266412940057088,2025-11-22 07:45:44.631272,2025-11-22 08:44:38.327387,0 days 00:58:53.696115,0.6378408161104487,3.705183822712009,-0.1260545717810933,2.6179440429949823,4.26628702524876,4.8424877670356175,-1.3750342859293665,3.5028020931520976,1806.9704883470627,4116.201004120326,5449.985034348992,7992.692916932695,9866.559617742414,11920.073574093718,13844.687086328771,15845.516269369244,2925,4586,6678,7980,9752,11378,13390,16175,310,2286,4328,6385,8012,9763,11281,13452,0.25197550727946416,0.8210048223010642,0.7875120732167179,0.42824785631296064,0.1712041653186733,0.6720055837831097,0.9984680756580765,0.5224795330552399,COMPLETE
343,0.8058991436726927,2025-11-22 08:44:38.529565,2025-11-22 09:43:32.604644,0 days 00:58:54.075079,0.3164125302576228,3.9460109036115436,-0.4164675017829836,3.7768021381044625,3.3122081714563567,4.317725369982309,-0.7746326826026384,2.6833926349104456,1733.2312537289818,4206.975713619383,5478.223785839176,7893.707145971557,9917.743987481732,11896.547881304117,13804.879007479625,15998.082196799416,2997,4676,6702,7915,9780,11335,13408,16055,0,2262,4806,6503,8231,9740,11237,13519,0.22938700174804516,0.8463464198879853,0.7517453887684044,0.412344636566384,0.06032294746234894,0.5627725516305819,0.9617297405328945,0.5435988430952449,COMPLETE
344,0.7159847764034253,2025-11-22 09:43:32.791135,2025-11-22 10:42:19.294897,0 days 00:58:46.503762,0.26930881798117084,4.002283613730926,-0.5243902469475461,4.648579675008065,3.303879059749785,4.47739608714125,-0.8905436220202512,2.7041679359002107,1612.6341705604436,4188.3811871837715,5483.483201100237,7951.834335927669,9915.356135931414,11888.476818844067,13770.929085811336,15993.802770718734,3001,4655,6680,7932,9780,11337,13422,16155,169,2241,4883,6517,8229,9819,11271,13523,0.2328936749865109,0.8394749266394281,0.8052649198059659,0.38224183635463704,0.033201640742270395,0.5639544609631633,0.9992995457181858,0.5467445312291921,COMPLETE
345,0.5285442435775451,2025-11-22 10:42:19.899688,2025-11-22 11:41:17.304037,0 days 00:58:57.404349,0.5623468251384831,3.563928766507889,-0.36030723966548667,4.138196513327226,3.961266405104552,4.775936391678702,-1.6669092614136098,2.3112481837334764,1737.0370224768599,4206.054756557336,5505.287062441413,7886.486604405495,9842.7153887054,11833.96063160706,13800.907127159291,15918.350156666906,2964,4667,6699,7958,9822,11279,13450,16109,0,2293,4766,6470,8172,9782,11302,13483,0.2757597119212761,0.7713829840636132,0.7455088570671601,0.4349231192736132,0.0642124118447265,0.7069786204706507,0.958851821924755,0.5324210602221657,COMPLETE
346,0.36631779257849667,2025-11-22 11:41:17.554943,2025-11-22 12:40:13.897942,0 days 00:58:56.342999,0.8084910609380707,3.9525810952080036,-0.6124785892220856,4.4327359580496095,2.954141984096782,4.259873529668362,-1.0338327982699493,3.1238996567999346,1841.0226105298816,4255.521900785622,5465.026096155676,7838.522899239865,9885.301229934208,11889.27871196396,13921.500037896663,15876.881814981449,2995,4688,6677,7902,9738,11305,13411,16089,18,2255,4345,6265,8284,9735,11219,13458,0.24861540569036872,0.810379880504855,0.8020072157486712,0.40602332149942333,0.09467251389538339,0.7846849625888475,0.9639432254769312,0.4388879272304872,COMPLETE
347,0.8068506184586108,2025-11-22 12:40:14.145510,2025-11-22 13:39:11.379770,0 days 00:58:57.234260,0.2290768960214838,3.3316368422136904,0.161956288488724,3.8352259510183275,3.7040365591423603,4.607166218954479,-1.321735608058235,2.9334411451777442,1760.7403712554699,4116.178369184344,5527.112057014511,7796.10993979621,9935.649107765972,11922.823859529532,13988.226886366032,15999.57902178241,2975,4655,6699,7990,9816,11392,13436,16196,16,2271,4654,6446,8108,9767,11248,13545,0.21659395248247393,0.7537819668535669,0.7562986695784807,0.44645069783273944,0.11387924429405645,0.6151032664057032,0.9772562193877927,0.4890101739306405,COMPLETE
348,0.8082778306374881,2025-11-22 13:39:11.670230,2025-11-22 14:38:07.764367,0 days 00:58:56.094137,0.22704411707742292,3.8369798778180058,0.1681463832633297,3.8074301411793976,3.6878457148435544,4.406284879828719,-1.2917793132116286,2.7266781063978303,1785.1797474152784,4111.1645688870185,5528.505342675946,7791.219915464055,9952.641027851307,11926.313167086593,13990.644090896065,15995.990009118686,2946,4655,6712,7991,9688,11366,13383,16053,0,2239,4672,6489,8230,9721,11252,13551,0.20994608268054554,0.752464390191744,0.7467695129254454,0.4474018934825251,0.010468368472421177,0.6065845324495621,0.9651306694867458,0.4890575780282095,COMPLETE
349,0.5228353948620361,2025-11-22 14:38:07.989058,2025-11-22 15:36:59.558414,0 days 00:58:51.569356,0.5221869162837853,3.803416708912855,-0.0017758079845515118,3.139018191694321,3.7489853623804756,4.027167272093179,-1.2535263986930874,2.9425868448343553,1788.725651725785,4112.811167885193,5534.487333704625,7798.966224758029,9954.411860626455,11924.482505665277,13999.350803387995,15999.423240133916,2949,4600,6722,7997,9686,11378,13383,16043,19,2234,4670,6444,8108,9713,11284,13540,0.2087821369236823,0.7471370697524756,0.7579247414162897,0.4523335908538908,0.020026854903602308,0.6111358634408379,0.9826271947870434,0.4926332524432428,COMPLETE
350,0.7882968601332064,2025-11-22 15:36:59.818904,2025-11-22 16:35:47.011529,0 days 00:58:47.192625,0.2023840043245841,3.2495925102498555,0.16388900585125615,3.3428719830927265,3.632282836714585,4.543783847120947,0.12023997627894906,2.3646721962991153,1953.5334154941002,4126.113057829287,5521.792842952638,7796.920115692512,9874.55767103678,11936.195798318426,13956.190000809203,15929.951720858193,3031,4643,6672,7990,9692,11394,13357,16122,28,2233,4661,6539,8112,9766,11261,13555,0.25672549752768187,0.7499353679378098,0.8151620337217993,0.44616384227749323,0.043058220652605665,0.6309441433245755,0.9985670610963805,0.48758403587214044,COMPLETE
351,0.5413891531874405,2025-11-22 16:35:47.220219,2025-11-22 17:34:40.390321,0 days 00:58:53.170102,0.7305482603902564,3.620618814040401,0.12592664935881565,2.8907685702834645,4.4852508747816495,4.656395021184504,-1.578136647331218,4.058012365002167,2050.878985345937,4255.152256048218,5529.453352442141,7996.550210961569,9960.701838729196,11939.017340816094,13634.535689620712,15955.905456843097,2936,4700,6721,7959,9830,11357,13434,16074,10,2244,4713,6489,8308,9722,11307,13428,0.3037913402960776,0.7628950818834354,0.7712730405464298,0.4472621835024486,0.3274012122229173,0.4709721183990052,0.9623817971897078,0.5089624460667755,COMPLETE
352,0.8120837297811608,2025-11-22 17:34:40.708792,2025-11-22 18:33:46.815740,0 days 00:59:06.106948,0.18968372106696135,4.025128962104873,-0.1300543410020656,3.718194290221128,3.6955195415853757,4.417219568317179,-1.3213049629429288,3.425556972340984,1767.3805487367465,4055.1198452842946,5504.802316053681,7752.925080947159,9836.50239848273,11837.3358449037,13657.282960216733,15920.211599899547,2913,4679,6687,7990,9869,11441,13399,16048,0,2266,4316,6239,8074,9846,11275,13539,0.20237224767432901,0.7799327266762599,0.7982960701359075,0.4525223775143942,0.08967953388169814,0.49414880283667123,0.9791042044734521,0.524814841166448,COMPLETE
353,0.8039961941008563,2025-11-22 18:33:46.977132,2025-11-22 19:32:45.845498,0 days 00:58:58.868366,0.20059763764703425,4.040515202688368,-0.19338881942374792,3.7873331666373033,3.784927089817629,4.422850579733117,-1.2664924127821633,3.3631395604412013,1750.9889026351009,4079.7677775696084,5531.8312754712615,7758.118910898389,9838.16113753715,11826.625281947807,13925.130515897954,15838.675794691297,2916,4656,6669,8031,9800,11435,13399,16200,18,2310,4300,6457,8093,9830,11270,13547,0.16936690863923226,0.7835579898593547,0.7341463392641125,0.455905874805355,0.1355680631089097,0.5074133808961885,0.9613807786299328,0.4844835638449937,COMPLETE
354,0.8092293054234063,2025-11-22 19:32:46.044863,2025-11-22 20:31:40.802276,0 days 00:58:54.757413,0.1703543437329911,4.043798999701868,0.2170748415075334,3.550601487420781,4.2021757797874315,4.668654883223936,-1.3745132333305494,2.9648936128641417,1771.028581628375,4061.966342847189,5438.1405066014695,7839.453337335066,9887.897810949555,11840.211800454339,13858.216617188391,15959.614481369419,2956,4553,6680,7975,9852,11411,13379,16236,9,2271,4378,6243,8055,9864,11245,13515,0.20541884087550213,0.7713351543485133,0.7957974975097823,0.438167258733695,0.01378296165017943,0.5980735675506319,0.9779961617072911,0.550690583045027,COMPLETE
355,0.7954329210275928,2025-11-22 20:31:41.000723,2025-11-22 21:30:34.739320,0 days 00:58:53.738597,0.1026419454169715,3.9063206573391107,-0.1310461507285116,3.543508072572095,4.885342786722943,4.68858930194079,-1.4934057495563033,2.9645940947219387,1765.7455616073175,4052.531791555026,5437.138080279809,7847.38666988997,9999.686546199484,11833.194607271998,13871.636865673952,15961.597871457929,2913,4549,6672,7982,9851,11421,13324,16260,35,2276,4325,6372,8058,9856,11252,13520,0.21247415339815173,0.7664849809916136,0.7908618008148818,0.3893441401085678,0.047386226145618215,0.6001249195166289,0.9601051498749026,0.772219495011309,COMPLETE
356,0.7421503330161751,2025-11-22 21:30:35.024329,2025-11-22 22:29:36.498517,0 days 00:59:01.474188,0.14931303118358674,3.350739976830079,0.2010718562516669,3.9700678406253167,4.2660817336275905,4.444546088728244,-1.2729404658460661,2.7342643917542633,1801.6578134604713,4116.290244379648,5403.335823213807,7880.127614006907,9882.033172981735,11872.451594184926,13896.514395424792,15874.977239097881,2838,4657,6683,8000,9860,11457,13374,16238,137,2268,4372,6250,8069,9880,11246,13543,0.277101877341645,0.7717406690066368,0.7637396734772953,0.364009455335226,0.08264035934255912,0.6189876442608218,0.9775944300028083,0.5534357479176347,COMPLETE
357,0.8068506184586108,2025-11-22 22:29:36.681523,2025-11-22 23:28:41.580294,0 days 00:59:04.898771,0.2289249776414172,3.6302098770173075,-0.06523496683067326,3.6765897144008086,3.9116336228040742,4.73864641477307,-1.7885423428594682,3.103726476191875,1872.10463475835,4084.6812541939794,5451.631295832399,7838.739166563349,9827.214297763278,11833.330401053328,13972.836961319723,14527.11914740214,2953,4550,6706,7986,9871,11396,13385,16143,23,2293,4370,6209,8082,9859,11274,13513,0.20634995068855266,0.7861025461871862,0.79244042641772,0.43112496797549194,0.01388212769501084,0.573757118018495,0.9789707550975013,0.499135051756412,COMPLETE
358,0.7978116079923881,2025-11-22 23:28:41.765741,2025-11-23 00:27:32.146017,0 days 00:58:50.380276,0.19980316319925004,3.555897268701078,-0.14159155105073218,3.6752992192054443,3.9461632206310906,4.991427382393294,-1.8077559204222287,3.1392355300975043,1784.7731716157934,4083.179888328704,5448.311046498299,7833.0789722649315,9830.48176864672,11843.174666198718,13980.036147228653,15996.230502158896,2953,4454,6708,7983,9907,11388,13343,16148,26,2298,4630,6210,8075,9894,11266,13518,0.2588402918859076,0.7890074934725683,0.7724562680214992,0.4258644389751309,0.011289882059788538,0.5974810431368003,0.9523057550101939,0.5052765439464116,COMPLETE
359,0.8049476688867745,2025-11-23 00:27:32.330662,2025-11-23 01:26:22.023834,0 days 00:58:49.693172,0.21418767499268665,4.104948287100372,0.15273262162434134,3.4172992525630015,4.146202531702359,4.753362879125082,-1.3936640237418365,3.535733804355269,1881.8408886774798,4064.8822319341866,5407.56890051887,7946.997755139946,9890.687534810206,11825.65684035798,13842.707726712675,15969.989841431458,2950,4558,6706,8014,9879,11393,13386,16098,19,2840,4397,6232,8162,9862,11232,13535,0.2111128560393386,0.8074151935801975,0.7917973253096229,0.4075533773407999,0.028258132787082613,0.5802975450267667,0.9743417737782972,0.47950864955875955,COMPLETE
360,0.6793529971455756,2025-11-23 01:26:22.194442,2025-11-23 02:25:14.878637,0 days 00:58:52.684195,0.04352229505848362,3.2291300568714045,-0.16091108424037343,3.7816807595879545,3.740600126998087,4.627272003082055,-1.0748914832633176,2.909407053648928,1676.6261826808109,4145.35262464339,5447.182793266403,7897.593545481797,9847.077213727393,11776.863038166939,13961.910351515191,14210.17459047763,2957,4535,6722,7970,9936,11398,13362,16123,456,2312,4374,6470,8042,9842,11316,13513,0.235267943387818,0.74799298490451,0.7473991081599245,0.4341615618938931,0.19619406045057147,0.5656544824502296,0.9589864437789082,0.5034638565152129,COMPLETE
361,0.5485252140818269,2025-11-23 02:25:15.062513,2025-11-23 03:24:11.305413,0 days 00:58:56.242900,0.3445871387647198,3.6819532219408724,-0.0028379626329628344,4.221360017755348,4.383507237957508,4.385631880636938,-1.664236410133751,3.2951128008993065,1687.5282983468273,4111.863476906201,5543.43067814771,7835.458254334228,9898.043557421035,11867.165468160842,13930.945009414918,15920.536007036962,2932,4517,6683,7952,9892,11362,13400,16161,32,2292,4359,6288,8101,9865,11278,13558,0.2887455614720989,0.7853878914369683,0.7995095226413129,0.38916791758582797,0.04245807585259119,0.5565064241292201,0.9773001017197847,0.452935815347476,COMPLETE
362,0.47288296860133205,2025-11-23 03:24:11.567385,2025-11-23 04:23:06.144175,0 days 00:58:54.576790,0.6488872479669466,3.8412387164409716,-0.2706542673350991,3.5330300960463297,3.9183455712162316,4.828103718861473,-1.9364448356604385,2.9910208979953152,1853.3446719725123,4036.498030274924,5470.610219320798,7960.000589554312,9911.641940440493,11829.81541863445,13749.932750923726,15838.295383830005,2973,4638,6665,7998,9823,11410,13381,16141,16,2269,4569,6418,8076,9819,11196,13509,0.1677978175579498,0.7557104801617655,0.7703309270506764,0.46167698755300446,0.01718264865710157,0.6212939742852129,0.9501971683765011,0.4756605501641804,COMPLETE
363,0.7921027592768791,2025-11-23 04:23:06.381631,2025-11-23 05:21:58.738437,0 days 00:58:52.356806,0.0331593129429395,4.084948968828521,-0.7815738389112894,3.2513030030523824,3.631587581021361,4.528313474023124,-1.0803605381988086,3.448494221616056,1880.1804668455704,4136.840137078564,5425.749261993185,7775.817996755844,9741.203889612758,11881.923322448769,13993.635189497714,14564.834535023443,3016,4680,6699,7978,9745,11411,13409,16230,25,2257,4712,6441,8117,9798,11253,13536,0.20728838421342102,0.7713752901698359,0.8093598015620295,0.41374227682201964,0.06721556023633228,0.5278668578222729,0.979964870613154,0.5184642672412922,COMPLETE
364,0.8068506184586108,2025-11-23 05:21:58.941677,2025-11-23 06:21:13.626279,0 days 00:59:14.684602,0.399019319574233,3.5447164174403056,0.08792176390330164,4.012758099677798,4.192199035028393,4.2948297390222905,-1.3860740880394387,2.726079630821136,1833.8918491690122,4176.777171970305,5507.304534874977,7996.566558063848,9822.253871912772,11934.245739157584,13863.021119408573,14688.407364769557,2964,4472,6684,7944,9862,11450,13343,16079,11,2284,4325,6388,8048,9851,11325,13488,0.24927260289295422,0.7959728458332844,0.7931851054494561,0.4332882822611834,0.08685028493039099,0.6021167837572866,0.9999912668155475,0.5473265022124502,COMPLETE
365,0.4196003805899144,2025-11-23 06:21:13.815022,2025-11-23 07:20:14.205081,0 days 00:59:00.390059,0.876513183182082,3.7981170061143836,-0.4922874467809679,3.6922449157045265,4.691679498314685,4.663989838853544,-0.7740099478488952,3.2095815298798716,1905.730068448053,4089.7298114306973,5458.765888718545,7865.24329004536,9863.4620313804,11802.169034338045,13549.976979552177,14273.002645752418,3043,4617,6721,7970,9729,11428,13391,16115,11,2315,4394,6246,8216,9907,11277,13459,0.2277201630016758,0.7413795245685965,0.7580647717027391,0.4605051928212214,0.14634210173524048,0.49280375982022223,0.954387780540582,0.4967767817476407,COMPLETE
366,0.4362511893434824,2025-11-23 07:20:14.411794,2025-11-23 08:19:16.969848,0 days 00:59:02.558054,0.633628945329727,4.117757202188311,0.14811633530283613,3.3908984004150016,3.6919133918931695,4.989737108935625,-1.2222640958714777,2.4392323136383163,1565.7733638987106,4157.56454803485,5546.589937521404,7921.509946175111,9941.178555962475,11886.02553730416,13602.808803476848,15964.981369785393,2988,4693,6666,7960,9833,11374,13356,16059,36,2263,4338,6414,8089,9836,11216,13513,0.2696122068730225,0.8245301883303184,0.7381137251805608,0.40339705055620095,0.11631402611229526,0.6605667132117102,0.9741739678999487,0.5183984820112316,COMPLETE
367,0.7764034253092293,2025-11-23 08:19:17.212430,2025-11-23 09:18:17.007062,0 days 00:58:59.794632,0.19450563720077016,-0.416893084658301,-0.1012429668328273,4.44289195692906,3.9270558931972404,4.798041609979471,-1.595939835892424,3.8339072279298443,1714.2949079394866,4050.829246685438,5486.785370185404,7812.50094561791,9914.596521644797,11929.92743632804,13630.499738339851,15877.617556090547,3083,4608,6698,8023,9802,11342,13419,16090,22,2295,4600,6366,8257,9763,11248,13478,0.17250685348048977,0.7381357553879588,0.7811998593855632,0.43610979369988245,0.041073999091167546,0.5783940386912653,0.940872329615451,0.49245422698674307,COMPLETE
368,0.8039961941008563,2025-11-23 09:18:17.185134,2025-11-23 10:17:11.951209,0 days 00:58:54.766075,0.37589107441333997,3.3061800580383127,0.23801083416406024,3.2011186611162885,4.090220029262855,4.026360288406328,-0.42380274733747547,3.115986036008543,1779.3407094059949,4120.348567883657,5394.436944178789,7899.113318305048,9803.302481206418,11841.788820326055,13895.36846831756,14459.4831201177,3009,4656,6666,8001,9703,11274,13459,16134,9,2229,4682,6458,8061,9812,11168,13554,0.20779761797525267,0.779065049714752,0.809654465601755,0.37889232236198217,0.24805521816015286,0.5475968113237492,0.9645377365660505,0.53915237804603,COMPLETE
369,0.8025689819219791,2025-11-23 10:17:12.148410,2025-11-23 11:16:01.949368,0 days 00:58:49.800958,0.16789985773762023,3.65033233716667,-0.24664310728754094,3.5702958794480883,3.456494446357689,4.523057935783223,-1.0110890426880168,3.5266252216600313,2041.753727290851,4176.898412025537,5442.097357003943,7955.287157927593,9999.964484522243,11947.856363056282,13521.506056748774,15904.802508030043,2929,4669,6706,7939,9750,11362,13399,16166,17,2958,4309,6386,7989,9716,11311,13528,0.2371233632817449,0.7614172425995067,0.8145149973877154,0.4604808103420168,0.01252489604000498,0.7490850565908624,0.979161199545483,0.5615607426373667,COMPLETE
370,0.48810656517602286,2025-11-23 11:16:02.122718,2025-11-23 12:15:03.478206,0 days 00:59:01.355488,-0.040318461914051446,3.988431342998721,-0.024432633964960482,3.8653311485723525,4.3894525061460055,4.350630657101476,-1.400963000957538,2.798048466190139,1823.108633726648,4217.386021656623,5502.467457002916,7865.717002351794,9874.466333642522,11777.916260842436,13747.445443794915,15963.801863788105,2976,4701,6683,7933,9721,11338,13381,16202,9,2255,4361,6312,8024,9753,11286,13493,0.31911898581448134,0.8035975125341408,0.7858403653710313,0.4192812463289279,0.06152571064393458,0.6011433318980229,0.9471459982132977,0.43619009159532496,COMPLETE
371,0.5475737392959087,2025-11-23 12:15:03.765795,2025-11-23 13:13:54.800694,0 days 00:58:51.034899,0.5675371248394948,3.5105350386771925,-0.41503367091844034,3.1186219177012537,3.8055761522979457,4.64265283626387,-0.592681523309684,3.2913014874857023,1900.8081005953409,4244.154623534816,5538.90895881149,7779.93248642942,9956.899581009797,10001.343527500427,13570.517379826131,15916.342484433635,3025,4682,6700,7899,9872,11275,13432,16024,26,2276,4379,6495,8152,9877,11262,13507,0.2562883455441362,0.7319724358874405,0.7613231023586207,0.4408889613206914,0.17710047971797394,0.518160187283017,0.9834102788190515,0.47804529778885824,COMPLETE
372,0.7806850618458611,2025-11-23 13:13:54.975838,2025-11-23 14:12:51.789595,0 days 00:58:56.813757,0.33538285623436137,3.0966883612884915,0.26037516661450877,3.4085530809151185,3.5695221707733826,4.20750878628072,-0.20308495922960612,3.624758424795251,2028.2730294729809,4090.575530814592,5467.202028846006,7922.719011498035,9909.895528394138,11883.251620201256,13937.890318777765,15859.238298065758,2945,4640,6722,7970,9683,11395,13318,16068,53,2234,4654,6277,8122,9727,11085,13461,0.2038396771314487,0.7558467592271545,0.8217596121776526,0.3970363402282078,0.11026425270222823,0.5711495849474477,0.9666435171707589,0.5200354701880836,COMPLETE
373,0.4039010466222645,2025-11-23 14:12:52.128487,2025-11-23 15:11:57.640621,0 days 00:59:05.512134,0.5763248076277917,3.8454122219884157,-0.033193212808748374,3.7121826240936056,4.242243252462495,4.794012323440171,-1.1754818371266438,3.017296203419587,1448.9544420160921,4143.502037090803,5425.305905223882,7822.508220642395,9853.632858168006,11911.573302604133,13625.556515433016,14052.18214931708,3001,4578,6656,7948,9811,11352,13414,16112,106,2255,4319,6429,8084,9757,11231,13539,0.2278343122856695,0.7789216434790379,0.792489405321037,0.46025208541721874,0.0873859176878765,0.5436749811040265,0.9412999633233574,0.5013046949926668,COMPLETE
374,0.7997145575642245,2025-11-23 15:11:57.830146,2025-11-23 16:11:05.637295,0 days 00:59:07.807149,0.06374142862125914,4.139317857505616,0.2438989845596244,2.700157812949213,3.2035707988529714,4.474767370287512,-1.785817497584318,0.0630250003184889,1652.8732483693286,4191.127930981116,5518.181656881783,7966.931246625734,9961.264082114081,11850.1707812541,13904.25397007392,15958.587312344345,2966,4706,6685,7908,9928,11377,13380,16086,9,2276,4305,6227,8193,9788,11327,13483,0.16959767294636185,0.7405977266470729,0.7757739752932726,0.4209613458078195,0.13533846030295266,0.6334368176979904,0.9982205080932045,0.45687068358004873,COMPLETE
375,0.32540437678401524,2025-11-23 16:11:05.860014,2025-11-23 17:10:14.582589,0 days 00:59:08.722575,0.8851986493091109,3.6803148338016913,-0.348004087695249,3.9424825070152036,3.942137081368341,3.9956407320338654,-0.8398134689275949,3.333092599553869,1931.3594246900227,2553.991832516187,5480.069356900974,7874.806288435087,9910.516285251606,11949.65148146293,13663.410642590228,15993.371720192032,2917,4657,6704,7991,9764,11324,13430,16053,0,2301,4346,6400,8095,9817,11279,13441,0.2886892609578135,0.7929423262619724,0.7325527278047159,0.4421665959423689,0.06627861669466065,0.4920982004942691,0.9613921997711165,0.5286258734747273,COMPLETE
376,0.8063748810656518,2025-11-23 17:10:14.811677,2025-11-23 18:09:14.767633,0 days 00:58:59.955956,0.42752737057215906,3.9493963689792144,-0.11929503430355046,3.270809911996055,4.997670275707094,4.264954327217291,0.38320915691840673,2.59938474492418,1877.4021124958606,4244.774089755518,5394.235949596299,7994.453239137748,9935.872603643322,11821.421666350752,13598.45453769288,14374.957252988634,2987,4684,6664,7920,9712,11471,13463,16102,17,2229,4273,6438,8113,9709,11294,13504,0.19913778605901153,0.7695652104795407,0.8166607586736905,0.361710226127408,0.09358478773895593,0.6973988766360287,0.981914365412268,0.47404573272752215,COMPLETE
377,0.3496669838249286,2025-11-23 18:09:14.933766,2025-11-23 19:08:13.623703,0 days 00:58:58.689937,0.7333468346418051,4.141750655854864,-0.6917094181263361,3.508650167041407,3.6165829561311766,4.620460968851355,-1.51573090684357,3.8088308974723075,1747.7782090756152,4160.074988184835,5518.0557698267785,7922.764321972514,9801.766270943306,11434.191100035354,13830.412777247437,15924.89348694538,3057,4377,6689,7885,9788,11411,13359,16154,28,2252,4328,6462,8064,9738,11247,13523,0.2466460297813866,0.8192009714335499,0.8024760564272201,0.40976970596445683,0.1495249534201622,0.5895417955644516,0.9574317532234645,0.549745048128011,COMPLETE
378,0.7978116079923881,2025-11-23 19:08:13.819446,2025-11-23 20:07:07.645473,0 days 00:58:53.826027,0.24529731098132826,3.3958801346642904,0.11473614721831304,4.198057434700973,4.4507071812734535,4.838901115403007,-0.9714634041422199,2.8328822220472367,1813.402901298312,4026.8272669222115,5448.828839620204,7748.752359950127,9879.130148549744,11756.594828143465,13995.46009661644,15883.367327905691,2959,4498,6705,7955,9738,11274,13408,16011,9,2280,4294,6416,8077,9788,11207,13554,0.17775050923250993,0.729845358944673,0.7504717657207596,0.4648923002582971,0.033114087310758336,0.5222732513430649,0.9371311068013343,0.5059222623915378,COMPLETE
379,0.5147478591817317,2025-11-23 20:07:07.886668,2025-11-23 21:06:04.153504,0 days 00:58:56.266836,-0.07332907696576713,3.800793086108121,-0.2738977993796742,3.7067774610344406,3.362314805916963,4.431951986472645,-1.2811348640286815,3.0376077083467092,1952.6307034152176,4104.1303339108135,5555.236344526532,7834.7838388535265,9971.593070426004,11882.683447139578,13714.374256829125,14807.078213821967,2938,4595,6676,8015,9679,11288,13442,16074,38,2317,4271,6185,8138,9841,11265,13471,0.223433216792797,0.750220331757958,0.7779795282673942,0.4393570507183991,0.11299229622891756,0.6206244973362295,0.9838959944636865,0.49295268194001535,COMPLETE
380,0.5185537583254044,2025-11-23 21:06:04.341984,2025-11-23 22:04:54.041349,0 days 00:58:49.699365,0.42100175809195484,3.603709317754129,0.23099402436098848,3.1588621178444285,4.018778401443972,4.98863571577702,-0.6557026059126145,3.5916653026110956,495.5853507291149,4208.660507457112,5492.553492137604,6496.749777752522,9927.825025419506,11931.785568179394,13651.522451763314,15825.28669575297,2863,4712,6656,7980,9847,11344,13371,16131,0,2627,4415,6365,8106,9768,11312,13495,0.26475371205851284,0.8332148695628265,0.8281728612429049,0.3939811472737436,0.41646006508484684,0.578196113161276,0.9653040774026772,0.5210481745112546,COMPLETE
381,0.7730732635585157,2025-11-23 22:04:54.218261,2025-11-23 23:03:52.784870,0 days 00:58:58.566609,0.13767428162413492,4.184849296496179,-0.49097458697929897,4.870675357344508,3.839844770051278,4.6266086193692795,-0.36843958121359854,2.1202641205794355,2074.483383465136,4300.142321460097,5460.828445887141,7884.998819199391,9847.096469083026,11852.741039080782,13557.903780127379,15998.315818471403,3026,4663,6719,7933,10223,11324,13403,16049,18,2232,4302,6391,8093,9716,11185,13531,0.3017235269951039,0.7990431731397675,0.7976111105882395,0.42094761916240525,0.16191591377509537,0.5595108770303678,0.9773611198753083,0.5440982234929647,COMPLETE
382,0.7973358705994291,2025-11-23 23:03:53.039234,2025-11-24 00:02:56.049688,0 days 00:59:03.010454,0.6397716352424958,3.8979226188327627,-0.03428183454558903,3.448191359833087,4.169739531783846,4.158386164386178,0.33064231917264103,3.4205522153017256,2016.0729477458613,4063.238913748962,5435.100570182843,7952.417493415642,9890.545977481332,11896.386299096583,13951.923125679288,15926.889498023373,2983,4629,6686,7892,9758,11367,13388,16100,9,2262,4355,6486,8172,9737,11235,13506,0.1886927984472428,0.7609823489558015,0.7657716162321688,0.4535159240736194,0.05169872831445272,0.4498279843951347,0.9985080132871231,0.562528204171023,COMPLETE
383,0.8006660323501428,2025-11-24 00:02:56.231818,2025-11-24 01:01:52.730254,0 days 00:58:56.498436,0.24016522425670134,3.372490128961146,0.2981120512088319,3.8609904241043504,3.62042045838442,4.744534856851255,-1.999504321532509,0.823494157103797,1846.0744374833962,4136.5935588284565,5491.71591552716,7788.868347000321,9970.304057586516,11958.426461288216,13787.700325905054,15883.84360788721,3001,4695,6705,7918,9902,11300,13423,16032,23,2245,4693,6449,8048,9866,11286,13468,0.21367582246911015,0.7296948314571726,0.8260614489407446,0.4692896588519448,0.08298911884034658,0.6125812535498762,0.93953682765227,0.4754588855264396,COMPLETE
384,0.8097050428163654,2025-11-24 01:01:52.910843,2025-11-24 02:00:51.781309,0 days 00:58:58.870466,-0.023012207329246637,3.7203969815166786,0.1023650893713354,3.5798736067451724,3.158789587197775,4.386566518242757,-0.11302692304563777,3.154870794945819,1908.6464725352296,4248.278029796676,5529.448079404505,7904.571697647046,9997.479083732402,11804.552141553888,13884.699561284588,15950.504640678799,3144,4714,6722,7873,9699,11438,13459,16188,10,2298,4322,6525,8285,9806,11328,13447,0.24194194520210716,0.7832689562437092,0.7941755314531987,0.428579825360851,0.11792429209736732,0.5370110342342234,0.9567837595288625,0.5099828566374663,COMPLETE
385,0.8058991436726927,2025-11-24 02:00:51.979343,2025-11-24 03:00:03.987565,0 days 00:59:12.008222,0.009796719266719267,0.00829059283366325,0.12418680401994202,2.833167299632411,3.07151783276825,3.974303455945968,-0.2831719605502516,2.7864894289583577,1936.6627007736006,4242.664618955102,5533.814672934189,7995.838708206609,9993.789369938571,11132.474781545452,13840.047364844564,15950.175895368973,3149,4714,6722,7865,9698,11531,13463,16222,0,2224,4319,6499,8296,9807,11325,13436,0.2667209360914172,0.7491271658185094,0.8144078990908844,0.4051486558053978,0.11529743523959358,0.5262318454942337,0.9482600877406486,0.5260512340807605,COMPLETE
386,0.8054234062797336,2025-11-24 03:00:04.158804,2025-11-24 03:58:45.485454,0 days 00:58:41.326650,-0.06621831704165876,3.9833390567568943,0.2819353567874975,4.037460203200854,2.9301569043741633,4.362223157539785,-0.14396612692327737,3.792375705028634,2044.5335334801587,4296.746731697018,5553.959723931776,7913.359715443422,9945.808754637223,11802.537689352583,13872.411681005842,15916.914129124885,2895,4684,6671,7877,9719,11273,13447,16188,10,2999,4295,6524,8273,9786,11337,13459,0.2503113107444123,0.775533274681618,0.7737283147345053,0.4434008302745868,0.13981674380749542,0.5112084365194094,0.9288929010682476,0.5072095930469372,COMPLETE
387,0.5399619410085633,2025-11-24 03:58:45.662556,2025-11-24 04:57:41.055817,0 days 00:58:55.393261,0.49663584030246244,4.21363629243625,-0.21486419018482095,3.0889738437324255,3.4531329195993847,4.162313910225132,-1.1072490832639146,3.238488946986656,2018.9632384341917,4261.411231602787,5518.320868839197,7944.377686781947,9925.920667071377,11907.613289324376,13753.64898565928,15959.917959754,3096,4707,6687,7898,9652,11316,13429,16169,11,2271,4328,6414,8244,9766,11309,13408,0.3415860820916299,0.8075267166433069,0.8312596171591842,0.3859816227084177,0.18613644496472517,0.4931630441628313,0.9612346270996782,0.539388185788036,COMPLETE
388,0.505708848715509,2025-11-24 04:57:41.232690,2025-11-24 05:56:33.238299,0 days 00:58:52.005609,0.8013078672763067,3.7899838557803314,0.10879566492355686,3.4465500487962277,3.2966686620442216,4.523204338395832,0.24823337070241516,3.9424643117508142,1957.9762160856392,4187.46070453813,5501.56368525819,7895.900539675497,9997.01467497185,11861.721104835122,13601.996656679581,15998.4296273528,2973,4725,6664,7909,9686,11420,13411,16067,16,2243,4271,6540,8300,9756,11301,13490,0.23546370847905188,0.7300256453579523,0.7258548003868583,0.4235147240111353,0.12458562292236854,0.536374928809554,0.9991336437434885,0.45126030345396195,COMPLETE
389,0.4462416745956232,2025-11-24 05:56:33.450725,2025-11-24 06:55:26.983243,0 days 00:58:53.532518,0.40032446235263747,3.4736346007846257,-4.566626472379164,2.223766512434481,4.595846563897585,3.614172530648835,-0.11443297269969577,2.8991848236707822,1912.2971267612575,4211.9129703589015,5557.938275080046,7860.023210428214,9901.326113564275,11753.697911447067,13659.702701930717,15845.199090801132,3012,4405,6721,7870,9724,11268,13470,16239,33,2260,4293,6548,8346,9728,11252,13450,0.9102211246259309,0.8618043565029347,0.7987026053711564,0.4604220054334785,0.09803768607140015,0.5493664369237631,0.9596242265738892,0.5628571125654764,COMPLETE
390,0.8082778306374881,2025-11-24 06:55:27.208802,2025-11-24 07:54:40.809625,0 days 00:59:13.600823,-0.022566803609825214,3.988875067577991,0.3502711022102717,3.2455982337499933,3.220508698602188,4.360022992892594,-0.7908778282994088,3.381537404417891,1703.3900019596506,4265.402062636663,4874.112156585887,7965.149022420602,9953.759379036937,11959.407478697589,13524.76031864813,15887.779507276711,3161,4676,6689,7946,9778,11291,13445,15989,8,2297,4339,6562,8069,9806,11223,13550,0.2372629009834515,0.7536488446456439,0.7536248784510033,0.41333208118928794,0.07408738039647518,0.6718565935282943,0.9324220343688614,0.4878970721154392,COMPLETE
391,0.8054234062797336,2025-11-24 07:54:40.994071,2025-11-24 08:53:45.509685,0 days 00:59:04.515614,0.040527141802966266,3.989087437843027,0.3644047464475107,3.2904956943554486,3.1322246598178327,4.253874990517702,-0.5233759712793639,3.4336497706153013,1990.5757354340465,4274.799907518604,4500.595722000332,7961.871569092459,9962.344859618763,11955.503360799017,13520.880504588296,15877.01951775184,3142,4702,6682,7938,9742,11292,13347,15988,0,2522,4341,6315,8070,9820,11219,13482,0.28178880969573655,0.768446971564206,0.7838077415404815,0.36522668986084594,0.07216960573837271,0.6761781959416476,0.93230615232088,0.5209508981479322,COMPLETE
392,0.5076117982873454,2025-11-24 08:53:45.673719,2025-11-24 09:52:45.798578,0 days 00:59:00.124859,2.7407459055608903,4.23871763740552,-0.5196845880306754,2.9431189166109757,2.8458655902715106,3.9273364915370856,-0.7266837824456074,3.564290121252528,2078.96195826259,4236.651861293504,5480.488366797944,7948.153798706447,9995.271223969687,11968.165872506432,13613.783979623744,15821.491593077848,3046,4672,6653,7923,9703,11299,13451,16019,0,2325,4316,6560,8014,9803,11205,13561,0.24181517073262604,0.7273312814139221,0.8130566455740929,0.3944979016916462,0.0850561024153377,0.6610200336038095,0.9282786321429055,0.47180735545057667,COMPLETE
393,0.48763082778306377,2025-11-24 09:52:46.002545,2025-11-24 10:51:53.890819,0 days 00:59:07.888274,-0.15910826392314206,4.01985546747532,-0.2646007678855484,3.135629810807566,3.1887525433365234,4.410810910271183,-0.8729309537540118,3.2939144464818884,1903.8969839601384,4295.056179015654,4875.301342866011,7909.079030818666,9877.246759317535,11880.259917481935,13558.683394528547,15902.880559492576,3111,4718,6652,7900,9770,11966,13400,15994,9,2303,4331,6587,8038,9839,11333,13424,0.16063332120466195,0.8134708369951318,0.7475497381075571,0.4170037477658855,0.15701664387516764,0.4804019621100592,0.9513799983565064,0.42484504706083265,COMPLETE
394,0.5242626070409134,2025-11-24 10:51:54.084691,2025-11-24 11:50:54.493945,0 days 00:59:00.409254,0.6196528308522954,3.7375489990777897,0.3356887793645955,3.516663924789905,3.5166134247322387,4.073772717528062,-0.971831092433715,3.710787724678174,1808.5526666936564,4234.4608746761605,4791.117914847755,7973.11646779277,9960.505065525553,11797.195693293676,13718.044678562905,15848.658020598295,3163,4688,6689,7949,9672,11491,13368,16042,9,2222,4301,6576,8129,9788,11290,13522,0.2710163039862542,0.7850576522337179,0.8325417121927979,0.40292928941964307,0.06010823245476052,0.8701740724822884,0.9434916645429273,0.5367452631422918,COMPLETE
395,0.6241674595623216,2025-11-24 11:50:54.697184,2025-11-24 12:50:20.341542,0 days 00:59:25.644358,0.00016408117819627366,-0.8362674454300772,-0.9493531730548497,3.3057805145550327,4.232609942080208,4.347376824015257,-0.04983136517476887,3.135623162760804,1978.6205550478765,4301.845200764906,4722.536111737532,6203.5130107149225,9916.47974231929,11912.848099170496,13585.580945378364,15928.411087796374,3144,4723,6703,7883,9653,11328,13427,16014,233,2298,4351,6386,8070,9827,11273,13453,0.2961143788112722,0.7414997915003589,0.8004054776404593,0.37645843193594514,0.22373444308913704,0.7146189712309984,0.9795558793752994,0.8190277482304715,COMPLETE
396,0.8039961941008563,2025-11-24 12:50:20.499061,2025-11-24 13:49:13.483026,0 days 00:58:52.983965,0.39198636621859995,4.24758008956455,0.07504574782362362,2.670224700836012,3.392104885163199,4.851045794550653,-0.01712071636848872,3.406790333476171,2046.511509233306,4187.454288443623,5074.0959959239935,7994.92283372109,9956.630449981858,11858.990266107417,13661.479601031882,15888.505746027538,2930,4703,6722,7960,9738,11283,13456,16088,25,2287,4265,6256,8273,9712,11317,13475,0.23240935224359396,0.7572279154114948,0.7698730130065017,0.42908741732772177,0.3039338528693396,0.7276469571745543,0.9625295993477332,0.5045816938368018,COMPLETE
397,0.7592768791627021,2025-11-24 13:49:13.695693,2025-11-24 14:48:07.855847,0 days 00:58:54.160154,0.1939213608433623,3.816397009910371,-0.09315887506245116,3.5980388487027906,2.829728790864221,3.56344495604625,0.4339581495113791,2.498173521978203,1705.8950287966752,4265.467789337976,4578.445939083554,7930.0565531929005,9875.561511136424,11956.402791060567,13499.561657386319,15944.717590095808,2993,4673,6671,7937,9958,11265,13414,16060,86,2250,4316,6599,8047,9741,11228,13504,0.18201860317985827,0.8377856310216345,0.8318174241300816,0.46537227847704454,0.09568762864844844,0.44714054537998776,0.9825073161771919,0.5166282601804043,COMPLETE
398,0.5475737392959087,2025-11-24 14:48:08.125557,2025-11-24 15:47:10.599455,0 days 00:59:02.473898,0.5272866149151848,4.041152695389774,0.32459709431338646,4.286002660568991,3.091197080479792,4.513167706482821,-0.7262073533009628,3.9386207177884045,1866.6071700025282,4172.842711755639,5188.225543089069,7877.915146516797,9918.995538353118,11815.226149860137,13621.261686592054,15869.964128286505,3162,4731,6688,7911,9697,11311,13393,15980,188,2232,4284,6505,8322,9807,11268,13538,0.25819281821881074,0.7868771757221837,0.8058671602436057,0.4152908901100836,0.13720538166388885,0.5578432019567807,0.9264390453667513,0.4925494358709615,COMPLETE
399,0.44481446241674594,2025-11-24 15:47:10.774113,2025-11-24 16:46:08.167839,0 days 00:58:57.393726,0.916505566973341,3.617559200315313,-0.3422791527293409,2.9537211174465487,3.760240281290562,4.996085853851922,-0.3755455956217022,3.7213177640173347,1927.1605342391224,4231.085381158042,5412.200531814376,7920.0520188296205,9964.31587830383,11917.054118149812,13784.938167869612,15913.338245328905,3122,4639,6652,7864,9788,11441,13336,16117,0,2275,4338,6358,8212,9779,11179,13483,0.15870182234313987,0.7200430990463049,0.7828658372629648,0.4369986209700455,0.04798769246533256,0.6848058914607544,0.953768466575461,0.5588951050616903,COMPLETE
400,0.791151284490961,2025-11-24 16:46:08.361613,2025-11-24 17:44:57.049573,0 days 00:58:48.687960,-0.05192449481684441,3.8274954957898912,-0.03323317589698688,3.327440637862977,4.067160565145513,3.7819473950512776,-1.1408929127873924,3.283853533748807,1768.1374289986225,4311.642708158776,4616.496409679656,7959.9679777132405,9997.248462378207,11872.54429855346,13849.307480417283,15954.83963365813,3069,4696,6703,7888,9756,11263,13372,16086,17,2220,4301,6473,8232,9710,11299,13564,0.19853193722077128,0.7344449424913264,0.8173635211889241,0.46827623183142225,0.10919618568687728,0.6417432279970771,0.9801651298903322,0.46312907076592985,COMPLETE
401,0.7297811607992388,2025-11-25 08:20:42.694018,2025-11-25 09:32:06.662427,0 days 01:11:23.968409,0.33599267834359203,4.210641651571823,-0.196371303773255,3.0931231186914614,3.3638010013867126,4.183310936705507,-0.937729433492076,3.561262697000287,1989.1607751407616,4188.811588617601,5474.506523088107,7847.908204867461,9853.087903786734,11037.98177227752,13551.962059838428,15833.194697791592,3132,4725,6672,7922,9721,11330,13444,16034,271,2259,4273,6394,8116,9750,11340,13521,0.22788973814563546,0.7749431061809456,0.7546006484772695,0.40356274801387537,0.0771970646520237,0.5907270460265985,0.9984964194221797,0.5364042423542364,COMPLETE
402,0.40913415794481445,2025-11-25 09:32:07.204299,2025-11-25 10:42:50.581830,0 days 01:10:43.377531,0.6812461903122816,4.002673763530642,-0.728082850803651,3.6260355683630925,4.362611707470553,4.636642314741317,0.17517828100200394,3.0745513242468805,1831.883441193006,4278.5556476339325,5506.228617651688,7998.968243948339,9903.389353569897,11955.980327287132,13891.99894286786,15903.85163641032,2912,4680,6113,7959,9671,11288,13474,16012,42,3141,4323,6413,8153,9802,11237,13440,0.24325780654020948,0.8012190245178137,0.85380792840644,0.42975163310749087,0.1261292993033022,0.49981924397507277,0.9614139981060066,0.5098825222144311,COMPLETE
403,0.8054234062797336,2025-11-25 10:42:51.063642,2025-11-25 11:49:59.034475,0 days 01:07:07.970833,0.13405208235998628,3.556860761946381,0.3780641918420618,3.850433064684035,3.637939988582466,4.0058693922416175,-0.4964942921368452,2.7248648745020643,2059.676531718136,4218.894104368936,5427.7206188694445,7749.571249400892,9935.16779986146,11655.850904766523,13707.295877756927,15957.192848153098,2951,4733,6703,7902,9688,11309,13416,16114,8,2246,4252,6518,8098,9778,11260,13498,0.31852368466353376,0.7636398972977987,0.7845991278724694,0.38038604934005066,0.1585808190553582,0.5270854733156374,0.9382927984115014,0.4810505864116365,COMPLETE
404,0.5019029495718363,2025-11-25 11:49:59.333074,2025-11-25 12:57:11.851221,0 days 01:07:12.518147,-0.09023626441810534,3.8923199392213945,0.08352280297422837,3.335567535711,4.005779091154826,4.293146521729237,-1.5032222693584392,3.191720869056149,1902.3783706938036,4156.230884530675,5459.939378376897,7891.125607471142,9881.652335937872,11899.35354909816,13518.906859063574,15859.925122458742,3037,4709,6721,7869,9644,11349,13396,15979,25,2314,4361,6343,8253,9727,11311,13464,0.2741023956513529,0.7507523040857151,0.7363532892891522,0.4487403445279413,0.19938041850822555,0.47059498214395606,0.9696612335636366,0.5257548074418966,COMPLETE
405,0.45670789724072314,2025-11-25 12:57:12.174507,2025-11-25 14:04:20.250467,0 days 01:07:08.075960,0.4893837595925236,4.252914394337799,-0.4756689093141427,3.587948626856718,3.2224977243128015,4.465262062437466,-1.1716987414057598,3.4241661340279643,2010.2395894598267,4263.687264215358,4938.159517529416,7999.99109575189,9929.054771625333,11826.422347299631,13649.844606814171,15926.78201890749,3007,4654,6683,7939,9778,11277,13351,16058,10,2288,4287,6371,8059,9702,11139,13531,0.5282248180904783,0.7227707055700033,0.8308061989515905,0.4165801739967224,0.09607410676268638,0.5902017305260222,0.9476911691060036,0.4957357512468792,COMPLETE
406,0.5304471931493815,2025-11-25 14:04:20.653029,2025-11-25 15:11:30.444836,0 days 01:07:09.791807,0.17836486969995552,3.7228709869934367,0.24467666691210574,2.80969640351612,2.6655605283278767,4.789187260127671,0.4574731022957897,2.881294636806452,862.4050562086695,4196.944536343107,4678.2657655223475,7925.908619329942,9961.911496935858,11777.005866685886,13741.13250095568,15962.017956705464,2967,4733,6650,7973,9707,11308,13426,16074,17,2215,4311,6277,8027,9831,11284,13493,0.17912763516588776,0.7065677620827466,0.7965733339175649,0.3483329349491873,0.06601205552627012,0.5476284081661841,0.9219730822484702,0.5482326807849095,COMPLETE
407,0.5551855375832541,2025-11-25 15:11:30.762443,2025-11-25 16:14:19.342958,0 days 01:02:48.580515,0.7631388380622484,4.073148736969988,-0.04758223208786633,4.094977314488335,3.8225119802090193,3.8490579482344844,-0.7979958312779375,3.956758742926988,1949.2093341953946,4313.784227037611,5546.720922379299,7826.432719770964,9817.697709680548,11997.932766427877,13817.967253493889,15881.911791745371,2880,4697,6670,7889,9747,11266,13377,16032,489,2237,4387,6441,8091,9763,11320,13511,0.21767181113387854,0.7928108023880126,0.7637076701245591,0.44979864170703987,0.17671223141969772,0.5701666120900601,0.9829774157024805,0.4549514724411296,COMPLETE
408,0.5551855375832541,2025-11-25 16:14:19.588319,2025-11-25 17:14:32.446913,0 days 01:00:12.858594,0.3515818128510543,3.2073724335580382,-0.2507898913305701,3.180382324383814,4.704435217415682,4.527901745938439,0.2581329892783749,0.33502311883671076,1787.5251568315937,4147.792389753346,5492.788228926449,7876.912951569246,9995.855523427148,11859.255229451212,13589.26534082092,15917.65970611717,2984,4669,6693,7918,9668,11287,13404,16136,32,2269,4328,6560,8186,9743,11205,13553,0.39687892140130154,0.828220984158342,0.8519726945342196,0.47234187926901555,0.14324088844025856,0.5058458561448647,0.99808094263985,0.5162707459933419,COMPLETE
409,0.7973358705994291,2025-11-25 17:14:32.788785,2025-11-25 18:15:14.229204,0 days 01:00:41.440419,0.12162100734334558,3.48205435272263,0.3815154765643337,3.4728258674249033,3.4353714554123775,4.791986317041861,-1.4329163724840672,3.1063570758074843,1865.9763322941485,4247.004612162918,5425.750837229986,6010.13984653223,9903.789215404757,11930.50201420318,13667.256257521834,15816.682479846191,2935,4625,6721,7857,9725,11331,13445,16000,8,2720,4342,6427,8078,9790,11292,13478,0.2509957192782147,0.740384386241889,0.8120686633690933,0.39310997861260655,0.03948032664841576,0.691273824221901,0.9638713279920976,0.4834529700463684,COMPLETE
410,0.7892483349191246,2025-11-25 18:15:14.634822,2025-11-25 19:15:48.496821,0 days 01:00:33.861999,0.5313178378876922,3.8935018949692206,-2.9162549144072987,2.558241127463043,4.422092187990075,4.13616598554391,-0.06289836259953646,2.6002004442640576,2071.8632859339864,4203.944229296826,5464.711760164624,7945.6504804593405,9858.773960577417,11891.376607057138,13895.50052679396,15962.609510444485,2999,4718,6699,7940,9758,11351,13474,16110,0,2324,4255,6403,8109,9707,11226,13447,0.1970513422666701,0.7658334231358703,0.7787069950068062,0.43437114664962895,0.12521210919896297,0.43175978990233227,0.9994535468938801,0.5674344733742887,COMPLETE
411,0.527117031398668,2025-11-25 19:15:48.871487,2025-11-25 20:16:12.887372,0 days 01:00:24.015885,-0.3083825257409353,3.611905853831257,0.08339978740410592,3.7701736812822717,2.926118110910926,3.545210576832619,-1.0398192020095218,3.676470803772764,1957.2952214265079,4266.28989114488,5385.731890300441,7906.953159682704,9773.846310080102,11842.559442676433,13470.699832106146,15887.237403775767,3026,4744,6654,7964,10016,11301,13307,16090,19,2251,4310,6473,8273,9729,11254,13410,0.1519374426827553,0.6986502582327451,0.7987642440201654,0.4143879413050015,0.10114833974592743,0.45501744743327843,0.937608965377651,0.5403873732887067,COMPLETE
412,0.4015223596574691,2025-11-25 20:16:13.145160,2025-11-25 21:16:44.253666,0 days 01:00:31.108506,0.3254949393546508,4.105457839862435,-0.6075778961156504,3.023113589994072,4.208589089836358,4.34046215074416,-0.6131918211350718,3.3684045581218967,1315.159731529347,4312.1568156299145,5527.473158163994,7804.418724204212,9932.640781490552,11929.093527136116,13568.205598424769,15931.861068391137,2958,4775,6675,7924,9637,11622,13420,16056,0,2217,4278,6379,8131,9759,11341,13540,0.2227457376833228,0.7810017113862002,0.830572666697106,0.4470812613203635,0.07167008643233491,0.9838144381151299,0.9673971501425812,0.5060843824628627,COMPLETE
413,0.39248334919124644,2025-11-25 21:16:44.599663,2025-11-25 22:20:14.366189,0 days 01:03:29.766526,1.0200609721561287,3.733169009219928,-0.15052440333227915,4.38307677322961,3.8813500188455063,4.602242888696954,-1.314027032542968,3.5750254226785465,1827.9162068297346,4143.4438239299725,5563.871613331423,7851.2558271851585,9998.985202393054,11963.097500293246,13620.175312668043,15862.424954440145,2918,4685,6722,7900,9693,11257,13360,16026,17,2288,4290,6241,8057,9815,11280,13517,0.29510916257294467,0.8131026922857946,0.770694619934997,0.4725152241660328,0.11716814168226986,0.6276471112294484,0.981522182950896,0.522599044720912,COMPLETE
414,0.4923882017126546,2025-11-25 22:20:14.960718,2025-11-25 23:29:27.291352,0 days 01:09:12.330634,-0.142382268282837,3.9112737415424386,0.4465115609351251,3.344155482143129,3.089586658201405,4.9949150433786675,-0.3001596018506573,3.002706531923122,1735.9887536698363,4230.34102831242,5486.383725504859,7961.913052903256,9889.63769491394,11736.1171096865,13778.57994621323,15962.56768299299,3112,4643,6701,7876,9786,11467,13388,16126,29,2235,4304,6529,8333,9792,11301,13464,0.2649422378674388,0.7239061570057221,0.8581586095866729,0.422395361811658,0.03662537555324341,0.5957419459219061,0.5367074140399848,0.4770284181318308,COMPLETE
415,0.813510941960038,2025-11-25 23:29:27.748748,2025-11-26 00:40:31.834647,0 days 01:11:04.085899,0.06906191664200267,4.205040444331999,0.18555934074731711,4.014421842861815,3.617694129515581,4.342156296630276,0.06661416799846265,3.2571907785045906,2033.2905171569084,4178.486290261898,5515.514429198237,7726.342276937358,9954.992927176698,11890.022895970831,13686.430209800455,15910.948976610629,2984,4713,6684,7950,9657,11322,13435,16154,7,2272,4942,6304,8133,9749,11264,13495,0.20177846236194763,0.7496912904989453,0.7246787091029816,0.40469434278216193,0.08719889792501584,0.5585258209002718,0.9508681285293845,0.49336676535661517,COMPLETE
416,0.8049476688867745,2025-11-26 00:40:32.263724,2025-11-26 01:50:31.409589,0 days 01:09:59.145865,0.018466476053441816,4.228762067368124,-0.391929602145903,3.9879309294684626,3.5953200691160117,4.300982078097703,-0.03949724966292689,3.2416939470531636,2011.7238363140282,4170.713425058439,5432.677691913232,7757.923964897099,9960.230898958991,11800.428619807684,13700.430501632016,15828.559934587638,2982,4711,6687,7950,9667,11326,13404,16170,16,2892,4357,6225,8151,9746,11265,13500,0.3646283921598483,0.760277810590661,0.7286772935177203,0.3677630882638917,0.08552694389303775,0.5427813117024374,0.9534977742611642,0.4518499606392913,COMPLETE
417,0.5095147478591817,2025-11-26 01:50:31.772281,2025-11-26 03:00:09.836071,0 days 01:09:38.063790,-0.16482468398764205,3.4792749296065657,0.04322070231609737,4.133488644884774,3.4805774567436036,4.662687523117182,-0.8966220724146903,2.880077449300757,1902.5444307110845,4119.736465705461,5405.47546990221,7745.3233968409,9957.589041032856,11863.482043130069,13689.306166046508,15903.001319964042,3021,4698,6676,7968,9653,11338,13435,16161,32,2306,4743,6495,8129,9761,11237,13524,0.20150092366709452,0.74488587168436,0.7595921742642466,0.38773032785841743,0.055236241607399136,0.5682218054291973,0.976044908610816,0.49422339850035474,COMPLETE
418,0.8116079923882017,2025-11-26 03:00:10.161394,2025-11-26 04:08:02.931940,0 days 01:07:52.770546,0.11310028095608585,3.984061236411738,0.1696764986104621,4.555073937559576,3.734088326490555,4.032188042965457,0.14477176744370063,4.160962519216692,1960.8285728056057,4198.0836001296275,5457.6277733908,7722.6969160676135,9846.513188165123,11911.814631176094,13860.416837097622,15997.210800512064,2964,4665,6702,7930,9710,11368,13377,16143,10,2274,4331,6311,8093,9770,11254,13492,0.23694367405620725,0.7579794518523452,0.7386183026755728,0.40341577803459383,0.10805863739027574,0.5698956905217526,0.9509969652986837,0.4302535842697774,COMPLETE
419,0.5537583254043768,2025-11-26 04:08:03.340940,2025-11-26 05:18:37.800990,0 days 01:10:34.460050,0.6064233557714097,3.7549704534496726,-0.08961902534077235,4.421484229905257,3.7535841656663695,4.095201373948629,0.08920093667000743,4.223435916433349,1936.6190432842368,4204.345492849618,5455.377242964768,7719.163666084666,9836.798400769418,11826.70407677933,13834.07104623868,15996.385891671522,2947,4681,6704,7940,9713,11367,13380,16150,24,2275,4379,6314,8105,9769,11248,13494,0.2396289679891786,0.7770593636546509,0.7282640655005513,0.4030463263557426,0.10716249424005257,0.5360123034085466,0.9454162985092704,0.4247442689818713,COMPLETE
420,0.8058991436726927,2025-11-26 05:18:38.352369,2025-11-26 06:28:38.680939,0 days 01:10:00.328570,0.15227521717259007,3.9823268241951557,0.150994186384651,3.8120347270742876,4.04372476113581,3.956886948032444,-0.19165884629410535,4.0559750694129875,1969.1348312525333,4156.305833276987,5510.228418509909,7792.3935083492715,9789.88305405525,11892.711239107377,13868.566478849121,15996.45055471421,2966,4657,6689,7925,9678,11348,13332,16136,10,2299,4520,6313,8079,9786,11193,13479,0.2197242133875671,0.7994562706084883,0.7486187217829073,0.3739245456723585,0.08805445683200747,0.571892388227472,0.9617945234039872,0.4368490325576955,COMPLETE
421,0.8063748810656518,2025-11-26 06:28:39.094754,2025-11-26 07:39:00.545704,0 days 01:10:21.450950,0.44067076933555266,3.6806956217108846,-0.2993098358696784,4.641444850627936,3.295652126051605,4.414166369716971,-0.3738749504682833,3.830302506332711,2012.3618501904975,4207.62701442564,5386.004472510641,7714.921827537383,9870.067648726463,11766.36732137599,13758.040528162755,15933.961428480337,3006,4642,6704,7952,9695,11364,13363,16103,9,2277,4344,6626,8141,9737,11264,13509,0.2509371410142733,0.7571083443782831,0.7534769594644107,0.40160442957988524,0.14220375792041995,0.5265712219170364,0.9805350947721628,0.4702999054511722,COMPLETE
422,0.478116079923882,2025-11-26 07:39:01.153616,2025-11-26 08:49:25.873557,0 days 01:10:24.719941,0.7356484376034388,3.3608477548262914,0.017806727983796976,4.731318793447487,3.632968585638302,4.264396217431861,-1.201123744449142,4.156167562515503,1885.2034105699606,4238.917441171681,5475.653601340309,7772.14762432114,9914.619848922806,11848.80888609684,13800.023901699751,15964.256005043799,2987,4662,6668,7972,9738,11439,13400,16140,443,2262,4897,6294,7994,9849,11279,13535,0.2789244715380964,0.5224573050835997,0.74527814331336,0.3500108751552681,0.1658708468173199,0.6005760465917269,0.9487584722903327,0.4122328264358587,COMPLETE
423,0.7973358705994291,2025-11-26 08:49:26.330884,2025-11-26 09:51:53.782813,0 days 01:02:27.451929,0.2145729581030364,3.115697828277768,0.1918927499638631,3.6387437491305343,3.8498076427163412,4.511535251024696,-0.6083993840304006,3.57037505850407,1970.2554124775488,4103.082602304759,5437.365397475434,7851.7711568465975,9962.464994236036,11958.248995300884,13926.281114399853,15998.471031694313,2942,4675,6722,8004,9713,11315,13418,16082,22,2290,4332,6260,8171,9777,11225,13567,0.2342629153512059,0.7791899918076568,0.7079403876026314,0.42258295373017396,0.12758658995841854,0.5798764322438533,0.999517979914639,0.5067702981087773,COMPLETE
424,0.532825880114177,2025-11-26 09:51:54.073252,2025-11-26 10:54:59.927018,0 days 01:03:05.853766,0.4492471793822937,3.899396063802855,-0.18380138039477759,4.511223861192445,3.3791308026510762,4.789976427642761,0.22988015065094192,2.206599502352563,1638.9872498373147,4173.442125454588,5499.275226210654,7814.988119371937,9826.13641087302,11907.303417328276,13634.221532949528,15914.379045205735,2974,4709,6688,7912,9763,11381,13381,16171,38,2322,4326,6349,8094,9807,11248,13491,0.20063751011026726,0.7457623680742037,0.7340415695899601,0.3869540623051789,0.1031334401172962,0.5580360512946246,0.9658526764295383,0.4441469260083291,COMPLETE
425,0.6960038058991437,2025-11-26 10:55:00.182217,2025-11-26 11:57:59.333010,0 days 01:02:59.150793,0.05600092532950218,4.100691047091806,-0.4190886820839442,4.007649721865512,4.194718646845093,4.091321381625629,-1.5787972390676086,2.6405994541367193,1919.670721355458,4262.766715989248,4823.888008268402,7886.608639971047,9931.458893978497,11812.630363517916,13723.10544918363,15931.860537033166,2900,4619,6704,7936,9683,11331,13431,16118,353,2260,4869,6275,8118,9723,11293,13514,0.2625605303533379,0.8060900615846565,0.7199965002953588,0.430450427362361,0.07677198392576834,0.6602544527153004,0.9817706496563999,0.5317177382640432,COMPLETE
426,0.8039961941008563,2025-11-26 11:57:59.774391,2025-11-26 13:00:48.786585,0 days 01:02:49.012194,0.2811314289300795,3.6189823848325338,-0.04723482536230855,3.4820504561487606,3.661917763676587,4.463737222966749,-1.0521727200916913,3.32410140471123,1848.2410264931495,4223.092528486623,5461.260699896862,7686.422363841509,9999.856661417993,11579.005058996161,13864.944510541884,15884.953489727106,2999,4688,6664,7903,9731,11302,13352,16047,0,2281,4363,6428,8060,9749,11213,13473,0.2141451653455704,0.8552490384967407,0.7820547379205445,0.4102501091451991,0.119384877682214,0.6070605045258053,0.9996557181487075,0.486009914747621,COMPLETE
427,0.4804947668886774,2025-11-26 13:00:49.010148,2025-11-26 14:04:09.704420,0 days 01:03:20.694272,0.741053460033765,3.836534481904698,0.5120678468522606,4.220102847797885,3.981161828753754,4.705380852565179,-0.810010468854468,3.9172607836271123,2048.5766444049623,4136.979872685136,5518.558914990108,7935.348855992948,9686.384816232574,11859.879372569521,13676.787452662165,15959.08032261232,2960,4605,6722,7928,9654,11358,13403,16190,9,2298,4830,6335,8288,9828,11265,13548,0.18428695622184565,0.7601495019384598,0.9878310495836844,0.4094449120115362,0.2573034070649417,0.4879573181660361,0.9313291835381766,0.4643868850460228,COMPLETE
428,0.48763082778306377,2025-11-26 14:04:09.960937,2025-11-26 15:08:00.313115,0 days 01:03:50.352178,0.5515980599725275,4.267030841256326,-0.6284076674197128,3.1929201766256377,3.241645478589836,3.8408820159239427,-0.03784320274202885,2.3953805226294462,1800.5658509641498,4185.712983491348,5145.024015692363,7744.6652896542255,9877.752036038315,11997.835345561607,13909.316134928993,15999.43392333873,2930,4707,6687,7982,9634,11319,13449,15577,19,2252,4298,6462,8039,9921,11163,13527,0.23461423167763046,0.7877148710777916,0.7671590647654947,0.438558732987336,0.146309430229658,0.552030618831906,0.9622208290826133,0.5569952783371599,COMPLETE
429,0.4923882017126546,2025-11-26 15:08:00.621669,2025-11-26 16:11:07.593292,0 days 01:03:06.971623,-0.3132152971846228,4.059170966768131,0.27169278395423213,3.75686555335649,4.509470863375268,-4.614615602492558,-1.4074981186992712,3.0365888410537467,1990.4625742136038,4058.656374532898,5435.22894831589,7999.9295185821875,9742.025815943498,11921.677842160847,13822.694968412572,15906.381646100537,3037,4661,6653,7963,9705,11285,13375,16154,9,2655,4470,6360,8085,9767,11309,13493,0.799731138539084,0.8218639604817676,0.7901693719229624,0.3899488523559183,0.05403123135406207,0.6347898865314164,0.9478570315547941,0.5119654273294003,COMPLETE
430,0.7854424357754519,2025-11-26 16:11:07.937646,2025-11-26 17:14:20.352094,0 days 01:03:12.414448,0.058233350474578144,3.4901789010250517,0.1038637200691387,2.919825544571287,3.5263548116492553,4.254541089543645,-1.275719994190702,3.469311302441459,1935.4199156880397,4287.265232151916,5471.300708821764,7914.531639411163,9934.734938192241,11883.670944263005,13609.781192205339,15868.238121184299,3016,4731,6701,7948,9771,11340,13417,16102,50,2267,4314,6301,8125,9794,11275,13470,0.25232416681661307,0.73843897837451,0.7145892028004399,0.4478112439906672,0.0735849344583701,0.5121593622563745,0.9704249485849897,0.4955397681580769,COMPLETE
431,0.4467174119885823,2025-11-26 17:14:20.652650,2025-11-26 18:17:06.624903,0 days 01:02:45.972253,3.9115896323407484,3.7585534766460897,-0.25976397227513315,3.4139979628947454,3.068888478609814,4.832300690751526,-0.275436041172072,3.7234181165871343,1700.1034390053949,4110.038173382516,5416.0780221348305,7861.205519156996,9851.922004407399,11953.339852343091,13656.941107283383,15830.886759051657,2988,4689,6679,7917,9811,11304,13397,16072,28,2245,4349,6399,8074,9883,11241,13510,0.2877817959762067,0.8805430714279032,0.771399662805486,0.42626954080416174,0.09603329525708568,0.5870037252947187,0.9829437050236309,0.5295671787602766,COMPLETE
432,0.8058991436726927,2025-11-26 18:17:06.924267,2025-11-26 19:20:20.251564,0 days 01:03:13.327297,0.3279400353936864,3.952851919812601,-0.12534699459512413,3.993520833105502,4.0886695876587025,4.568422559402556,-0.5380261337255052,3.215445751770472,2026.4286289534741,4242.044498800013,5486.995748401236,7806.686335145108,9901.552243507631,11787.255534727672,13748.846352405702,15938.294701032373,2969,4643,6705,7893,9679,11407,13431,16124,0,2313,4278,6480,8107,9732,11220,13567,0.2194688920764338,0.768361577945759,0.7999158985076257,0.4036478475802631,0.010632371790964828,0.5311126529296243,0.9363521198527955,0.4778719083479874,COMPLETE
433,0.44433872502378685,2025-11-26 19:20:20.593975,2025-11-26 20:23:52.640471,0 days 01:03:32.046496,0.9495022037639872,3.3182275726510593,0.18756347599386464,4.9286182989755805,3.7965677754785894,4.030858496938219,0.10097329386303414,2.8150958951202822,1880.5389772352873,4169.70140085524,5529.269965779411,6693.528254549476,9962.352997005382,11714.420320851876,13584.966844260898,15967.993911082798,3060,4738,6722,8000,9735,11381,13468,16065,17,2281,4314,6377,8023,9703,11291,13539,0.1955514243470492,0.7241684697065628,0.7545986207109258,0.3703730101704067,0.21256011757935184,0.5585355222194714,0.9811632423684804,0.544399794380027,COMPLETE
434,0.6503330161750713,2025-11-26 20:23:52.938834,2025-11-26 21:27:03.195392,0 days 01:03:10.256558,-0.09197572018990055,3.5780212704970036,-0.37167203770963786,3.10794307914756,4.308506765936525,4.322468572053646,-1.0506296045114287,3.0702500379238056,1948.9323321339966,4293.817340230676,5370.556748601813,7961.472122203827,9892.286687928574,11829.341239148669,13867.225202814552,15908.191094366683,2846,4668,6674,7947,9663,11288,13385,16210,9,2256,4846,6432,8246,9752,11254,13483,0.17365420065994658,0.7962919353491196,0.7887122931474341,0.43570391120655283,0.3632983410282767,0.6168869982922165,0.9580184816810438,0.3983881544863024,COMPLETE
435,0.8035204567078973,2025-11-26 21:27:03.534978,2025-11-26 22:30:21.418223,0 days 01:03:17.883245,0.18880203044905386,4.317587227494367,0.4605330648002617,3.6561874021920606,2.602502630843201,4.828686409864516,-1.650855684685845,-0.8251108236692866,1835.4774612422787,4209.243347905169,5447.510671213106,7896.481095135741,9958.41047827089,11885.263416877791,13641.3059964124,15856.521278902383,2945,4716,6691,7927,9795,11325,13356,16009,18,2238,4336,6415,8197,9774,11318,13507,0.3092428986656893,0.7489146088245581,0.8092509517897924,0.45099475421838675,0.12319317789965104,0.5785380860775663,0.9265126272352809,0.5116182033317954,COMPLETE
436,0.5290199809705043,2025-11-26 22:30:21.660580,2025-11-26 23:33:26.787385,0 days 01:03:05.126805,0.5631550976492543,3.7569308279575226,0.020539724168354076,3.296193705229346,3.430252780546382,4.599127280331398,0.2489821055786791,1.5703894493677453,1760.9595886679806,4140.4795199145665,5508.496166846343,7956.84496447695,9810.035600223318,11929.510435155398,13795.952488277399,15932.919951979948,2962,4685,6660,7903,9705,11298,13414,16098,37,2278,4931,6505,8138,9826,11196,13457,0.24247819803673218,0.7703668550637601,0.7461041243699613,0.4238907710286862,0.17488529690406707,0.47718304137825407,0.9651533966231159,0.4941932448261685,COMPLETE
437,0.8044719314938155,2025-11-26 23:33:27.142894,2025-11-27 00:36:38.305181,0 days 01:03:11.162287,0.39794050580362467,4.122148855869517,0.23012705517269538,2.2770300495948743,3.720943320711056,4.989838372475802,-0.7765979499721867,3.4484705795390846,1996.6123045169618,4257.873692499976,5484.495496266186,7768.942861691306,9927.305618951059,11487.89783857143,13721.834979038453,15962.007147112296,3008,4737,6695,8032,9749,11356,13445,16038,0,2305,4294,6447,8097,9723,11277,13523,0.2093646148612932,0.7306291476037293,0.7709027566291499,0.3899919892784787,0.08543604370299282,0.45732548938728346,0.9843906952820757,0.46319265899250495,COMPLETE
438,0.7335870599429115,2025-11-27 00:36:38.575689,2025-11-27 01:39:48.248877,0 days 01:03:09.673188,0.04858084190072959,3.781597617822771,-0.16993092296310566,4.210816915805863,4.863117345275489,4.190945091969088,-1.1786111367565415,1.8922971003516396,1893.2636547273412,4078.0975743713725,5546.578764818696,7840.073984595657,9997.288969442561,11964.561565674814,13926.532480506794,15899.14090542154,2926,4704,6652,7973,9637,11277,13328,16150,121,2331,4393,6280,8060,9806,11305,13431,0.26751639447767,0.827354773785402,0.8106483196579001,0.46675104977885895,0.04178907555369689,0.8143846820539449,0.9993075508068932,0.5253202216657876,COMPLETE
439,0.48858230256898194,2025-11-27 01:39:48.561650,2025-11-27 02:42:56.792636,0 days 01:03:08.230986,0.7499899100905976,4.007733451919528,-0.5085975670094969,2.6772318766993326,3.9655631554840487,4.350884568745266,-0.23866759851403532,3.7275052473296997,2069.215923876634,4181.755026694706,5401.680957594584,7725.641404185026,9885.176352476743,11866.03311595064,13678.875552340054,15963.55596102295,2990,4622,6021,7949,9687,11425,13398,15983,24,2233,4273,6396,7968,9847,11243,13493,0.4431417950111616,0.7774158175700128,0.7845046625829833,0.41089800259245407,0.10891599160362125,0.5983747921276295,0.9468469842583591,0.5660922706677135,COMPLETE
440,0.7269267364414843,2025-11-27 02:42:57.083894,2025-11-27 03:46:05.067388,0 days 01:03:07.983494,0.25522019759388825,3.4619568979949125,0.4971304057828383,3.554117304216402,2.9363810843518925,3.8506834964894487,-0.9136960032980987,4.062100483537066,2030.5866559749804,2853.2294290626833,5467.371093697519,7918.595104168156,9936.012198744822,11910.518015934416,13844.63473937418,15805.531131504904,2909,4771,6707,7886,9724,11320,13372,16080,10,2264,4318,6213,8080,9747,11267,13542,0.3308657421136776,0.7570976225019729,0.7410037746428011,0.445245639791576,0.06033166891983779,0.5175159391607073,0.9684529533142896,0.5438297759426973,COMPLETE
441,0.7954329210275928,2025-11-27 03:46:05.357262,2025-11-27 04:49:04.452860,0 days 01:02:59.095598,0.46508301988298656,3.121731659503117,0.0460891924251014,3.9336229756387846,3.2424209877290697,4.592056149564254,0.03916720352954761,2.7457905667092963,1948.3949618279253,4309.571555370579,5516.0611890797145,7999.113576596546,9836.928968285727,11850.318336692904,13616.442716716618,15866.911216189985,3027,4665,6673,7920,9654,11805,13429,16127,10,2290,4802,6364,8157,9778,11328,13461,0.22944501365307146,0.8041379095043856,0.8185037818509368,0.4258856993409547,0.1400443944193994,0.5515273894745144,0.948890360057644,0.5060330555711864,COMPLETE
442,0.41531874405328256,2025-11-27 04:49:04.672690,2025-11-27 05:52:26.931433,0 days 01:03:22.258743,-0.07148235466392025,3.9443928351921933,-0.828348080902561,3.2351349733581016,3.5725374941455463,4.431144469849645,-1.3799949061963657,3.2697340721998156,1810.4928016272618,4216.263018495339,5444.741899374267,7887.126789572298,9970.297574904444,11785.896465028478,13586.414248219458,15917.289844884805,2975,4724,6706,7986,9773,11339,13458,16050,0,2249,4300,6545,8116,9706,11290,13504,0.18361751452038988,0.7207212854068737,0.7947886414646449,0.3962043650799992,0.033308244443358836,0.5690039256630798,0.9812445967232956,0.7720800212314343,COMPLETE
443,0.49571836346336823,2025-11-27 05:52:27.167647,2025-11-27 06:55:36.487059,0 days 01:03:09.319412,-0.2854619371297248,4.26358804976919,0.2822726685446455,2.9137704739573924,4.586706052284077,4.005981829809397,-0.520302072226215,3.0049204329643535,1904.4901699996008,4118.7811649886735,5484.6906879982525,7961.608082335116,9859.08262061794,11918.538383860548,13894.478095750272,15956.405826997678,3166,4698,6722,7882,9750,11305,13388,16024,29,2226,4365,6604,8223,9795,11234,13483,0.2504944152024912,0.7418006501438515,0.7628356923731162,0.45796441687166595,0.151945239137066,0.6380238941444287,0.9994393498768459,0.43892747391538883,COMPLETE
444,0.7140818268315889,2025-11-27 06:55:36.836818,2025-11-27 07:58:15.088187,0 days 01:02:38.251369,0.2240847042612,3.632932313645697,-0.23885373861961023,3.479766785176296,4.2333752416120065,4.694569140233051,0.35954814424549747,3.5382721392992837,1986.7724635363545,4018.8624852059434,5538.863269406973,7817.6588539470185,9905.669922162415,11967.903789643,13524.932998460295,15892.25474504274,2948,4745,6684,7958,9676,11271,13411,16101,291,2268,4335,6325,8046,9750,11213,13555,0.20698803426555826,0.7876308197308663,0.5776916280761114,0.36884029222304243,0.09384794362026863,0.4968060048257126,0.629720118649315,0.4836844690235307,COMPLETE
445,0.5518553758325404,2025-11-27 07:58:15.331938,2025-11-27 08:59:43.906058,0 days 01:01:28.574120,0.5982381864215094,0.26806676051150635,-0.029127986534823458,3.809216050910512,2.7857070285437033,4.164014314581605,-1.0825766761520002,2.5125939597309457,1863.8238110161822,4255.503887825253,5440.274117920416,7857.075764574782,9936.842034393927,11821.8846984536,13766.16424815622,15832.855734353529,2992,4646,6648,7933,9716,11372,13440,16065,17,2246,4255,6712,8102,9732,11256,13525,0.5968392022945479,0.8475866008477583,0.7243141340412358,0.43557769631534954,0.12246649991626009,0.9404110455750733,0.930299249979523,0.5180640599271509,COMPLETE
446,0.6917221693625119,2025-11-27 08:59:44.167039,2025-11-27 10:01:03.249940,0 days 01:01:19.082901,0.1062928274555946,3.876906932569747,0.5072142064870188,3.669301879406586,3.859920048433984,3.7205461327278284,-0.7345634963233469,3.856935710536092,1755.7116079136301,4325.927785535798,4746.641739773989,7928.882839928138,9761.26222462411,11884.855806817803,13642.983548149114,15996.656406135518,3046,4715,6683,7899,9702,11290,13480,16141,366,2298,4292,6469,8086,9811,11279,13474,0.27651423276108483,0.7565334089268688,0.7832293064441789,0.40963506578145364,0.06713351276458573,0.43717616832299816,0.5964600971648985,0.4649179268224311,COMPLETE
447,0.49762131303520457,2025-11-27 10:01:03.465439,2025-11-27 11:01:16.090221,0 days 01:00:12.624782,0.8602932506373475,4.086901851412662,0.16087282443379536,3.3697092289235995,3.352375161602726,4.471313052873891,-0.14688901439292143,3.313316921595404,2067.2437719421127,4168.5033502019205,5411.093933659918,7697.65859108227,9962.116959001492,11753.2875441624,13556.080884912377,15934.20700359623,2963,4673,6703,7863,9836,11347,13369,16006,9,2272,4321,6241,8065,9767,11306,13503,0.2242262452220595,0.7359253421317044,0.815703345605113,0.46792438648230067,0.11017725159171521,0.5371570607377093,0.9643375300198088,0.4957899241638037,COMPLETE
448,0.7997145575642245,2025-11-27 11:01:16.392937,2025-11-27 12:01:24.172016,0 days 01:00:07.779079,0.4531492042065618,4.341526541199134,-0.3929997808007086,3.0270077281618715,4.13015884432015,4.824114330289477,-1.5642478997625837,4.297314628991612,1928.2800467224286,4211.617144582448,5505.536774949536,7779.784146331562,9999.071968368788,11924.947581383962,13693.867003188036,15885.440728616191,2927,4774,6670,8016,9623,11317,13348,16179,20,2220,4411,6417,8307,9710,11229,13454,0.16793581956593853,0.7711157888191837,0.7648789547601188,0.4181638257570556,0.39078999233676703,0.6068028269874141,0.9494079228334803,0.5314352372410394,COMPLETE
449,0.4933396764985728,2025-11-27 12:01:24.511910,2025-11-27 13:01:30.870599,0 days 01:00:06.358689,-0.10775841917912363,3.6302165750134576,0.3361727260385531,4.225182008296758,3.1420876122718115,4.256501914552072,-1.2779202476943468,2.8838677427003248,2013.7185867797139,4278.669097072149,5003.045041027203,7957.651944416415,9891.348331257534,11840.47189482386,13819.809520945619,15998.597991991981,3010,4574,6722,7910,9733,11270,13415,16117,0,2260,4348,6447,8173,9783,11258,13541,0.1970144468468725,0.8098442953558553,0.7978599095513397,0.3351300162602012,0.3312781797822723,0.6563657414545636,0.9805172405196043,0.5543934709196671,COMPLETE
450,0.7863939105613701,2025-11-27 13:01:31.116435,2025-11-27 14:01:51.285960,0 days 01:00:20.169525,0.270681921435484,3.328137977324469,-0.10113181551241432,3.86991372879574,3.574132037035597,4.610290804037925,0.15287927025952722,3.6917124247151203,1965.2377540600992,4142.8966149145745,5562.597793094571,7897.4143498539315,9859.911668565672,11881.572008594512,13611.661911876618,15926.632359058698,2987,4745,6696,7962,9656,11391,13397,16253,45,2235,4270,6489,8134,9755,11180,13572,0.2450820354548745,0.7194539931826993,0.8259208477863559,0.3814576157127407,0.08117355371145511,0.5824354661591176,0.9195247310502588,0.515404531113475,COMPLETE
451,0.4971455756422455,2025-11-27 14:01:51.706249,2025-11-27 15:02:20.729550,0 days 01:00:29.023301,-0.4673079640979977,3.8454548383057054,0.08075377344562412,3.1916877413564544,3.916050685274441,4.855736266792074,-0.3852347982857277,3.137431706014789,1846.309543637104,4094.2571408213403,5467.237837011235,7820.059254801414,9924.558257104358,11997.790411117763,13735.328369738709,15851.174631435204,2948,4718,6645,7939,9796,11515,13428,16088,9,2281,4310,6383,8032,9862,11286,13523,0.287641260492878,0.7829447607185313,0.7855506357426862,0.44713012372434524,0.1656885839956813,0.5120311454793739,0.9678275718977253,0.47711062158645867,COMPLETE
452,0.36298763082778307,2025-11-27 15:02:21.053318,2025-11-27 16:02:46.764105,0 days 01:00:25.710787,0.6401439649301044,4.074713534803288,-0.5325503452199098,3.520754683009922,4.393450215633129,4.094810437848905,0.5080957418776116,3.3620594502441166,1712.3611673384291,4187.435503882702,5496.236338129744,7864.727974363775,9959.072211172313,11956.058229080198,13942.129178929908,15962.720585645986,3074,4698,6668,7879,9694,11451,13458,16045,28,2248,4942,6519,8260,9827,11318,13428,0.22364150719605808,0.750319236209867,0.7436509636223153,0.4304413816905222,0.1329628232813114,0.5633635323780032,0.9431482104884287,0.49856358282902696,COMPLETE
453,0.4257849666983825,2025-11-27 16:02:47.013330,2025-11-27 17:03:30.869884,0 days 01:00:43.856554,1.1159539879884115,3.48879779074925,-0.2380734197973759,3.682087791178341,3.686272982182773,4.436196154976498,-1.0447041389614344,3.0683749603319086,1898.7780193466858,4235.252456346357,5530.416513150412,7732.867429309557,9805.086263411617,11811.709764913301,13879.264480874457,15903.747455375034,2876,4681,6688,7978,9761,11295,13380,16166,16,2220,4375,6337,8095,9725,11270,13482,0.25859105309545277,0.6929056178444253,0.8055568865961996,0.4741920582233805,0.027366010005435065,0.5391227545981262,0.9838821109148639,0.536341425769026,COMPLETE
454,0.8173168411037107,2025-11-27 17:03:31.202120,2025-11-27 18:04:52.262584,0 days 01:01:21.060464,0.3900769458619161,3.713770048881436,0.3611507158076353,2.764573150368375,3.03765560664948,4.710221249397909,-1.7373300267430607,2.6705107169547766,2058.9161467441054,4266.225673935473,5417.965123240635,7932.528520146652,9909.337609872118,11884.234454522357,13657.85699725442,15999.607921760022,3134,4633,6722,7920,9667,11331,13410,16029,8,2580,4290,6263,8364,9738,11333,13511,0.18265128231076636,0.7939565772653697,0.7758440897340415,0.39386667153206906,0.09705824569987091,0.6215833649084692,0.962230751824454,0.5706548655994473,COMPLETE
455,0.7978116079923881,2025-11-27 18:04:52.802860,2025-11-27 19:09:18.898721,0 days 01:04:26.095861,0.43494800475961365,3.72819717371003,0.27955284569413047,2.610927658242604,2.937803790065923,4.724015830355354,-2.030191854918967,2.3683573155006123,2034.8427195290656,4253.124089105137,5347.905209711611,7933.72402693904,9896.24578523987,11910.10681978119,13693.30220979344,15997.500453484918,3135,4632,6707,7936,9674,11340,13409,16025,23,2613,4295,6268,8344,9737,11336,13502,0.18368572651860185,0.8157780375413399,0.7698672148204807,0.39259548888216494,0.09398236660254974,0.6139305196373128,0.9983967490850018,0.571018312562407,COMPLETE
456,0.4077069457659372,2025-11-27 19:09:19.184868,2025-11-27 20:13:01.572433,0 days 01:03:42.387565,0.738734822068021,3.033082450235806,0.052216130816312184,2.8744572614660817,3.170509201253509,4.974507270270438,-0.8890080624789413,2.7139310206241456,1970.02207291642,4287.94450839853,5389.95323725612,7970.64478602438,9925.051840039363,11867.659960033348,13657.101719891725,15963.07880482171,3103,4618,6722,7911,9636,11367,13442,15986,0,2785,4773,6301,8296,9699,11303,13522,0.20458616388860207,0.7944782921631588,0.7565286784615534,0.40445971920216994,0.06292604181271749,0.6753755272995111,0.9654066539370006,0.5522558457045613,COMPLETE
457,0.5685061845861085,2025-11-27 20:13:01.960427,2025-11-27 21:16:47.689277,0 days 01:03:45.728850,-4.728230961969435,3.5236479189077192,-0.0943134922164556,4.571927000770902,3.41564174297268,4.61179504587239,-1.803949369717711,2.668982201577922,2055.1732863428283,4224.181583392221,5424.302367429805,7906.731956552167,9855.211803542245,11934.582999395323,13581.528208929987,15998.151841278475,3144,4645,6704,7925,9686,11320,13385,16054,10,2328,4275,6252,8003,9765,11322,13462,0.17019699819153664,0.8428256104370688,0.7132148438647226,0.36075624234878506,0.10798704453253816,0.6252702407185287,0.981827173249613,0.5656693069725895,COMPLETE
458,0.510941960038059,2025-11-27 21:16:47.949739,2025-11-27 22:20:44.248113,0 days 01:03:56.298374,0.3778382213294435,3.877350122091158,0.3882374423433719,2.7039182593564064,2.776674487531916,4.403721590713366,-1.6625560813999327,2.921106608980547,1481.52037227194,4156.430329724857,5455.690939924204,7874.152822907612,9998.08724333166,11896.4292038466,13642.421216502491,15939.263436553178,3143,4658,6722,7898,9889,11329,13421,16028,35,2311,4329,6198,8318,9693,11295,13491,0.235087947110061,0.7903507968296881,0.77791791901223,0.38449558357970615,0.19419955357858773,0.5898634126305637,0.9544725852500855,0.5294348641137118,COMPLETE
459,0.4966698382492864,2025-11-27 22:20:44.554131,2025-11-27 23:24:43.809597,0 days 01:03:59.255466,0.5694732820562699,3.758573800188603,0.2094401032260195,3.0850798936443784,2.98998127927549,4.787256920754913,-1.5595716174307603,3.571831998850468,1783.1291030075774,4276.35498404068,5426.012046974728,6845.084682299443,9943.238222758304,11245.105662373175,13786.14928392709,15962.883655383774,3123,4604,6685,7948,9659,11359,13362,16002,17,2291,4293,6238,8278,9714,11240,13438,0.19411391051301308,0.7724821784892127,0.7379944527749335,0.41301771742679333,0.13832710126263825,0.6483526478588301,0.967478201398143,0.4483102673788027,COMPLETE
460,0.791151284490961,2025-11-27 23:24:44.445621,2025-11-28 00:32:06.306617,0 days 01:07:21.860996,0.21565125992896528,3.2953143470764026,-0.6289495328930195,3.3310647876466586,4.096885173383146,4.263843741523231,-1.2734352953775308,3.195284741057416,2003.9132760566863,4204.189903438302,5475.857834958558,7963.17163885112,9887.304676686985,11962.985586718023,13712.667935855368,15933.522101748194,2971,4685,6700,7916,9714,11313,13408,16074,9,2256,4253,6299,8377,9742,11277,13512,0.21909940848872064,0.8100139159566505,0.7937522953903227,0.3746025438407407,0.08386265279359677,0.6000601647187224,0.9998065153900558,0.5485099978191738,COMPLETE
461,0.4200761179828735,2025-11-28 00:32:06.819324,2025-11-28 01:39:05.327178,0 days 01:06:58.507854,0.8703673012117559,3.6140913849895555,-0.12478182804888921,2.8455276601511432,3.760509111654702,4.53262830745053,-1.363975502979724,3.941724225089439,1920.0749842218513,4064.3976629619697,5452.436112480111,7926.900989391482,9829.501857593234,11860.431077971412,13843.897987287437,15928.389960488686,3021,4635,6674,7873,9734,11410,13338,16113,0,2537,4311,6648,8114,9790,11204,13487,0.26691557997414306,0.8295651762509093,0.7608963544386678,0.4307830875203218,0.051265711450113514,0.5732755385901657,0.9369969753441888,0.5762676444076837,COMPLETE
462,0.7935299714557564,2025-11-28 01:39:05.789836,2025-11-28 02:45:52.729089,0 days 01:06:46.939253,0.369449608299567,4.1525374552908625,-0.3105227971153373,4.078725188304214,3.3290660057839476,3.916334654906154,-0.6792528615333776,2.5907204339965997,1671.6390041737816,4307.099556783187,5395.969933515067,7995.7916699169755,9959.53808175072,11921.668640454767,13555.71597216198,15960.257320590084,2996,4668,6705,7989,9668,11298,13442,16038,26,2458,4446,6278,8066,9722,11338,13543,0.15857191175469143,0.7646717688605342,0.8043750328633755,0.3998799167542447,0.11376752601590677,0.4804108361526444,0.9999168835834567,0.5120670885842633,COMPLETE
463,0.8035204567078973,2025-11-28 02:45:53.238518,2025-11-28 03:52:42.631275,0 days 01:06:49.392757,0.13169928414140358,3.94701789230819,0.08782663699015414,3.113770477951758,3.4700458355032566,4.769698333312125,-1.8487982789453556,2.8589143897566536,1859.4494583700975,4124.483358729767,5508.9757772153125,7847.0141399927215,9911.525439881074,11998.471671076511,13675.09463653106,15896.614280024885,2941,4733,6686,7962,9770,11340,13387,16145,18,2276,4349,6412,8144,9763,11258,13470,0.3048746194750683,0.7899023816843689,0.7785490192391267,0.4443716913026422,0.07490675931246371,0.5496642765242683,0.9778653910321151,0.4915717500974922,COMPLETE
464,0.796384395813511,2025-11-28 03:52:42.989971,2025-11-28 04:59:19.352555,0 days 01:06:36.362584,0.5790671179719257,3.451863928834527,0.3507052094974693,2.398666802798562,3.920819113659502,4.993303000005351,-0.025210357732339567,3.4358255943762246,2080.438651046081,4177.995532150406,5481.291603456502,7781.405932991407,9865.815871879986,11884.12367583871,13627.505175887381,15861.70782042063,2910,4753,6706,7927,9693,11283,13468,16015,9,2300,4282,6440,8083,9816,11299,13510,0.2108656974770471,0.742168970967972,0.7391229172711976,0.35355773394504053,0.15655114790522442,0.6255599823403929,0.9564964921831153,0.5274347063300525,COMPLETE
465,0.5556612749762131,2025-11-28 04:59:20.040500,2025-11-28 06:05:43.385991,0 days 01:06:23.345491,-4.1096426754090185,3.7070937623600293,-0.3567608133181617,3.4055405841805673,3.607402740977509,4.467295762022041,-1.1343192776187097,3.1444851165796717,1554.851671969605,4243.908543007961,5426.222112826479,7905.958404948848,9969.527278488948,11842.366752975096,13756.031809453612,15965.202713797049,2977,4706,6674,7892,9642,11375,13400,16082,0,2264,4331,6356,8050,9904,11233,13412,0.2482785383233576,0.7683957942814245,0.8223451162047299,0.4189554127358884,0.12317278631113703,0.5929930475997538,0.9779816836216096,0.4236030638466113,COMPLETE
466,0.7921027592768791,2025-11-28 06:05:43.945639,2025-11-28 07:12:29.933443,0 days 01:06:45.987804,0.31723274629170506,3.9556110785159877,0.49963477575780557,3.8497915602860044,3.0832421848332268,4.165643835301084,-1.5135201538953809,4.19024034401501,1815.987096213305,4322.461312848321,5531.701858919882,7998.751880014014,9918.963497255694,11941.92906959094,13904.344656801235,15995.763888763822,3006,4650,6722,7949,9784,11310,13424,16053,33,2693,4543,6262,8367,9739,11326,13528,0.18206277432696163,0.7988665814763124,0.7761610054502184,0.398130808590489,0.1028412935702451,0.4569836687452597,0.9457328250043641,0.4760651456908532,COMPLETE
467,0.7673644148430067,2025-11-28 07:12:30.507281,2025-11-28 08:19:24.022168,0 days 01:06:53.514887,0.07562439687664185,3.232754405681954,0.1481042136110902,3.5985838672117034,3.214788626860715,4.65814269039246,0.29879322272841413,3.72308764569231,1956.8990342017883,4201.916609608471,5365.196214610404,7815.942825614001,9959.427583512133,11899.253144036284,13590.913622731745,15999.424357228154,3050,4723,6661,7972,9717,11263,13369,16194,66,2241,4311,6567,8123,9774,11281,13450,0.2278020587572848,0.7482660933392796,0.7955765980645719,0.4498947007775844,0.09496864596109188,0.564107866074117,0.9642960878643811,0.5114020141002469,COMPLETE
468,0.43054234062797336,2025-11-28 08:19:25.004375,2025-11-28 09:26:04.299770,0 days 01:06:39.295395,0.6969225566891426,4.1898974074107675,-0.086129376802423,2.9672178550301758,4.286169089698804,4.335667410786484,-2.1197470298753043,2.963133057097475,2001.8795291140698,2680.9149005801073,5453.419717557249,7942.926101004796,8412.656424014518,11968.999413020807,13814.903970853617,15921.606303574144,3163,4693,6690,8003,9754,11353,13437,15977,205,2818,4268,6220,8354,9846,11259,13496,0.47825826038582486,0.8247794008401237,0.7562075774297896,0.423138306654358,0.03407525593938089,0.5314465332372696,0.9244373775382553,0.5530792443346211,COMPLETE
469,0.7916270218839201,2025-11-28 09:26:04.810431,2025-11-28 10:32:40.265502,0 days 01:06:35.455071,0.48649538419039373,3.706021783159245,0.18752981177820577,4.289159462935248,4.012558995628363,3.966924372603777,-0.9578387042293162,1.3245275745405054,1895.327112624799,4135.5501187902055,5106.611054465992,7678.940052829247,9916.224301529755,11840.512117250242,13630.759970632113,15814.271989706212,2957,4763,6722,7860,9686,11331,13399,16130,17,2281,4363,6466,8249,9722,11313,13558,0.20211196869357045,0.7815430471143603,0.7205282747620644,0.43948542202902224,0.05511475320034556,0.6149846344096955,0.9815609565795881,0.4982774624483012,COMPLETE
470,0.39961941008563273,2025-11-28 10:32:40.684694,2025-11-28 11:39:18.258680,0 days 01:06:37.573986,0.9376634535829199,3.9682497412789517,-0.004165780650123525,3.2002011220840516,4.664811044924045,4.998112458183073,-0.4015598014980306,3.3737043723132367,1941.9274172549408,4269.384837652627,5492.848437346272,6341.812043878784,9876.74427137283,11930.069173531441,13680.00512647333,15884.833503203354,3093,4430,6140,7908,9656,11291,13316,16103,9,2481,4292,6396,8073,9692,11222,13803,0.27950842691940825,0.7292152751026921,0.8084428164410993,0.37605769600906547,0.453896908573024,0.5031386497988319,0.952109054070563,0.5351446987500684,COMPLETE
471,0.5114176974310181,2025-11-28 11:39:18.878562,2025-11-28 12:46:21.814487,0 days 01:07:02.935925,-0.17623923168326663,3.478189890639454,0.5313678393794359,4.008458138430052,3.7311079519066888,4.611981734963598,-0.5963748493462759,2.7708127707032135,2083.6521039174304,4222.6566058832805,5563.982877769618,7881.8723511078415,9801.4216810152,11884.674833962763,13873.99803176599,15927.160331117668,3123,4671,6689,7932,9810,11433,13457,16070,23,2316,4332,6318,8094,9796,11295,13484,0.23967868671894355,0.7689508444617466,0.7744825111928468,0.4102798325077164,0.1443197240238358,0.7026307307870636,0.9801199603000547,0.5749760863648751,COMPLETE
472,0.7901998097050428,2025-11-28 12:46:22.552343,2025-11-28 13:53:27.949971,0 days 01:07:05.397628,0.20324009881743949,4.10879429592341,-0.7267724454743024,3.394381265150365,3.4085613847210485,4.403834909847235,-0.17135921226614037,3.569799493438535,2043.8223204500277,4031.037458808735,5512.504078714026,7959.725029906141,9998.683259601368,11807.885568529526,13940.820243809729,15959.149257429586,3028,4745,6655,7887,9738,11393,13354,16001,9,2757,4311,6382,8207,9754,11347,13521,0.25989733772908813,0.7115864110904151,0.7888714111090902,0.45556361654555255,0.011359430981484191,0.573203283132759,0.9351772784376415,0.4606367837017663,COMPLETE
473,0.5518553758325404,2025-11-28 13:53:28.682394,2025-11-28 15:00:46.027551,0 days 01:07:17.345157,0.37144418067388263,3.8356797103374642,-0.2586404486626911,2.772905700352875,2.5996714555113636,4.1271186290655155,0.11685337418907255,3.1842201269978,1105.510324867557,4087.674147999707,5470.562859484544,7840.098095492736,9925.154592993962,11869.578828382684,13494.302453715978,15854.975125951352,2932,4716,6702,7912,9707,11312,13481,16158,0,2430,4254,6425,8114,9876,11244,13467,0.17943386269406664,0.7484469779664938,0.8286767913884348,0.4313407756386919,0.0789436158383286,0.6372628098041515,0.9619065792067725,0.5173208167547019,COMPLETE
474,0.7697431018078021,2025-11-28 15:00:46.776424,2025-11-28 16:07:37.856280,0 days 01:06:51.079856,0.020966017505825274,4.3357775660968665,-0.4963756312792076,3.7076063788129114,3.5569061100208113,4.7764794859928905,-1.6831360474643344,2.342051863673764,1736.4180715840614,4190.425053443106,5418.453229174239,7756.319126850002,9846.178494971557,11961.459044831709,13721.122484514883,15901.86486047007,2983,4699,6670,7956,9675,11282,13420,16093,41,2264,4342,6488,8157,9780,11192,13505,0.21932603057259797,0.8123170086555673,0.7468501758327802,0.39397854793179626,0.12195071843074069,0.5934575173724003,0.9996505923493062,0.4814303148095362,COMPLETE
475,0.5104662226450999,2025-11-28 16:07:38.457534,2025-11-28 17:14:42.745251,0 days 01:07:04.287717,0.601062771811153,3.6235466039224584,0.2960422411403908,3.2364030357063416,4.1138147469172015,4.4993143152378625,-1.388312471175861,3.952783811113128,1781.1404082010672,4150.309173709161,5542.351190357789,7923.365213088525,9956.504506767948,11917.657405602567,13561.334637692345,15961.913032797038,2962,4729,6704,7983,9640,11258,13396,15521,17,2231,4288,6452,8038,10133,11278,13540,0.19762181568737464,0.7585993773066935,0.8087565804143655,0.41018788140168916,0.1614145822684333,0.4788003364992982,0.9685444240360371,0.5454901382764981,COMPLETE
476,0.801617507136061,2025-11-28 17:14:43.464113,2025-11-28 18:21:37.970264,0 days 01:06:54.506151,0.31492452553095074,3.957853274191376,-0.14072160237239267,2.504716622802813,2.913238457410091,3.7942114946059005,-0.8712510058732654,2.5488663536846143,1971.3122418264163,4246.979011101404,5445.87616703037,7887.304623608708,9890.296326245114,11999.811603632923,13618.090016695876,15927.433628018065,2997,4662,6686,7873,9824,11348,13284,16042,27,2341,4382,6291,8103,9740,11265,13444,0.16397031570175663,0.7849324992691165,0.7637175233943219,0.4562700601980024,0.10310664355864763,0.5486433215203673,0.3286999826825262,0.5060009301379642,COMPLETE
477,0.7987630827783063,2025-11-28 18:21:39.077916,2025-11-28 19:28:56.954978,0 days 01:07:17.877062,0.13628163678029453,3.410721255586695,0.059318378419542045,3.5000032839451998,3.840206252021265,4.229875401550441,-1.1680971756645242,-0.22949468279913887,1858.2519368307062,4326.125254803889,5479.879359880431,7964.563103718105,9962.239087813688,11840.252464979783,13672.253134661223,15866.205975826037,3010,4604,6645,7942,9623,11324,13825,16211,9,2250,4316,6533,8236,9818,11315,13480,0.23905778677624043,0.7245374141364185,0.7913061912630068,0.41727653294543426,0.288743038064435,0.5239985309599602,0.9231049181035604,0.5235782910935713,COMPLETE
478,0.4862036156041865,2025-11-28 19:28:57.785170,2025-11-28 20:35:47.209824,0 days 01:06:49.424654,0.7762964277837994,3.730316534965878,-3.863575090302666,2.133748665541106,3.279459595678231,4.682334106195135,0.33233319876842415,3.020838838276357,2022.4920621989,4268.734225839766,5514.513743329081,7791.392663951682,9922.147389380427,11906.092208176475,13780.061062886072,15999.5931428954,3073,4526,6706,7925,10103,11475,13374,16124,0,2292,4348,6360,8065,9709,11293,13503,0.2888398842908183,0.7978786548832572,0.8176364366396821,0.43564266647127525,0.06436415586424073,0.6693398135241277,0.9816491083874315,0.4852733084478311,COMPLETE
479,0.4904852521408183,2025-11-28 20:35:47.894508,2025-11-28 21:42:47.077917,0 days 01:06:59.183409,-0.12992119222251514,4.149797606364951,0.39113233318648544,4.783956850270767,4.473028248779694,4.360365282258341,-0.7102963670884717,3.3701779949381256,1905.1920326237775,4117.747774621358,5495.278379046067,7844.754732367964,9868.870311919589,11772.98272402107,13848.979918541758,15904.5406521125,2891,4685,6722,7901,9719,11302,13418,16017,19,2275,4273,6235,8127,9802,11215,13528,0.21168523902943726,0.7346751652296527,0.83775872073639,0.46972134686923656,0.18556303224406673,0.4289520161417851,0.9518398116744046,0.4523068800677815,COMPLETE
480,0.49143672692673646,2025-11-28 21:42:47.522668,2025-11-28 22:49:40.441689,0 days 01:06:52.919021,0.4885871311174735,3.9107831570858234,-0.9676661616281339,3.846449606050918,3.6888570250064032,4.842386364712563,-1.4501942825898833,3.7430241129966375,1820.7439900564686,4174.7114766247605,5394.898082303365,7932.075931256053,9837.382059759104,11948.469691708131,13525.975631293264,15811.589773790005,2974,4636,6664,7851,9751,11380,13442,16177,9,2923,4295,6408,8085,9754,11248,13553,0.25831959431230134,0.7623794726767563,0.7315393696687241,0.38101473045975054,0.13069554677443954,0.6036976762260952,0.999551241466352,0.5360629205605864,COMPLETE
481,0.7568981921979068,2025-11-28 22:49:41.187161,2025-11-28 23:56:48.546044,0 days 01:07:07.358883,0.24235203551635695,3.5592677818829026,-0.3986530642712007,4.472275649361608,4.289364855623833,4.01317298779119,-1.0191340015752677,2.81164316624722,1978.2069802331275,4226.9368869444925,4923.759587701159,7726.187790305854,9966.617537359174,11864.00171934853,13586.780523948775,15960.054684985895,2924,4743,6687,8013,9701,11564,13389,16077,32,2236,4322,6342,8284,9775,11270,13466,0.18464330814612656,0.8367073151283982,0.7698666301696173,0.4296410156330486,0.089710085003395,0.585603662897127,0.9397126977530035,0.49538317777693913,COMPLETE
482,0.7978116079923881,2025-11-28 23:56:49.250318,2025-11-29 01:03:34.048665,0 days 01:06:44.798347,0.04205903971607072,4.334488388673929,0.1854139862905771,2.977454803048651,3.9387559884115375,4.585464417135581,0.5112324322946499,4.118506252291142,1880.3857916395,4292.0771757691155,5457.800049118467,7996.288341555726,9900.595887455192,11892.196497138679,13726.423366042725,15932.72783468266,2951,4777,6704,7965,9853,11275,13411,16056,16,3016,4433,6434,8015,9725,11333,13832,0.2320940725730669,0.6975600365313565,0.8000958598494827,0.3962884132830527,0.042433147639896224,0.5676613784796967,0.9697537175917524,0.5652731866540568,COMPLETE
483,0.4785918173168411,2025-11-29 01:03:34.633043,2025-11-29 02:10:27.155028,0 days 01:06:52.521985,-0.2761351501937826,3.2179847345230486,0.5541308191433698,3.324427674782576,3.0741098860948615,4.272641912540249,-0.06845077995081586,3.1874482392353354,1936.963433042902,4173.307607083947,5547.89593070917,7882.642434233735,9999.637438011501,11832.149494094754,13912.526724741125,15999.472425574597,3036,4711,5753,7895,9783,11336,13342,16274,0,2261,4303,6499,8262,9832,11302,13494,0.2685271108621231,0.8645831684901879,0.7528309470345936,0.44689230234640903,0.14326838736720526,0.7357969496994753,0.9822318114262872,0.46682301776009816,COMPLETE
484,0.38106565176022833,2025-11-29 02:10:27.750376,2025-11-29 03:17:36.404946,0 days 01:07:08.654570,1.2294076040547626,2.924969447095493,-0.16707634349043915,3.666921166813302,3.4889504739956596,3.723066474926887,-1.2881857050332912,4.349526850655477,2095.3044593354543,4227.0812404351,5416.3356029074175,7816.8861672409075,9934.042004799103,11933.943724687015,13818.023395134906,15884.19690611889,2981,4675,6672,7941,9665,11364,13457,16105,9,2297,4358,6262,8325,9758,11233,13514,0.21063474455069736,0.3465779665062554,0.7865903475505951,0.3599548602514062,0.11332525151858118,0.6466499421038152,0.9170552270049075,0.5106227700498818,COMPLETE
485,0.7335870599429115,2025-11-29 03:17:37.405393,2025-11-29 04:24:51.055883,0 days 01:07:13.650490,0.6190162192836283,3.7753768737911773,0.007389562903295427,4.059185164976731,4.07099070230744,4.820565613101025,-0.3306849187621796,3.508098748203432,2027.9522601544259,2786.2605301249305,5512.745516336408,7918.285438829889,9895.650986783801,11810.022110294962,13664.345349801144,15831.303770757397,2945,4567,6644,7919,9728,11301,13432,16028,25,2577,4250,6462,8415,9689,11284,13429,0.14948495853639615,0.7810920436528366,0.8232451146356881,0.41899559505743617,0.07452265239266967,0.4620748371545842,0.9545796804242788,0.5473399877773176,COMPLETE
486,0.8054234062797336,2025-11-29 04:24:51.518116,2025-11-29 05:31:55.616675,0 days 01:07:04.098559,0.41311178761643497,4.0847240676757846,0.30980209078220755,3.102440081778686,3.2870398009487367,4.49992717325866,0.03697501836325314,3.029338913962517,1995.726723059607,4090.4306126763286,5441.625030966501,7683.019389107713,9766.584052656426,11883.378608306171,13626.112909831836,15944.517205029879,2967,4759,6686,7874,9687,11319,13371,16140,16,2219,4331,6401,8061,9795,11255,13535,0.25060666535959586,0.7443344587698206,0.7720138437610149,0.4637790727549071,0.10255020545101264,0.4949225789870166,0.9811939984443893,0.5259381246717877,COMPLETE
487,0.43387250237868696,2025-11-29 05:31:56.266103,2025-11-29 06:39:12.338065,0 days 01:07:16.071962,0.8334307706269427,3.5796519300508645,-0.283924814086571,3.5441146902020217,2.762930257221899,4.0441177116204035,-1.8186472639697813,3.6319287395608413,1200.724020718844,4325.717795692805,5485.823875125838,7999.754344621662,9941.38288920839,11970.883699593103,13756.655170316413,15906.47680888595,3012,4652,6692,7977,9645,11264,13396,15983,0,2251,4274,6175,8179,9734,11208,13478,0.3112320315633392,0.7079660865848264,0.808513642767001,0.4042914670682998,0.028640280448044158,0.6173465501400394,0.9650488305446882,0.487215293533812,COMPLETE
488,0.80209324452902,2025-11-29 06:39:13.188850,2025-11-29 07:46:41.397834,0 days 01:07:28.208984,0.1756960955769226,3.8423216699927107,0.03758701025777812,3.843864775496941,3.753694272661327,4.672318060006262,-0.8782975783079977,3.3256542986495248,1787.2130040696657,4280.093598491992,5460.252056457485,7874.110448777461,9825.269052908046,11926.535939940974,13880.459854651373,15961.990095154846,2995,4737,6705,7994,9769,11404,13420,16061,9,2502,4306,6319,8138,9774,11348,13566,0.42502818434407696,0.8070580472465417,0.7050432867945506,0.4421016131589634,0.16996631598626488,0.5488903747241471,0.939191547798762,0.4251311809340116,COMPLETE
489,0.4785918173168411,2025-11-29 07:46:42.146357,2025-11-29 08:53:54.475594,0 days 01:07:12.329237,-0.04189030357764828,4.311871962875322,0.21524726352811901,4.3252536380571875,3.5264502744242368,4.396873144679418,-0.5404163158480613,3.8545914800649133,1933.1627610303428,4144.742702108692,5570.99864893377,7952.058960430082,9999.28952110403,11850.977853087279,13552.435692765082,15856.189596045768,2909,4702,6671,7958,9741,11291,13357,16098,26,2369,4286,6383,8109,9711,11163,13455,0.7121022542336112,0.7617991640026307,0.839265906058345,0.4740434603792655,0.13080496914122683,0.5312603908354995,0.9999060706977981,0.506865505920593,COMPLETE
490,0.7716460513796385,2025-11-29 08:53:54.999031,2025-11-29 10:01:02.326702,0 days 01:07:07.327671,0.47995473072810213,4.036454561700552,-0.5300954025439509,2.724680184011104,4.4657541932771485,4.999019908106054,0.22644615449695477,2.637767706527521,1845.8659451730978,4183.485965843595,5520.755091240511,7778.122476045724,9882.00444568989,11787.956326432093,13959.225571562756,15923.998573405075,2937,4623,6704,7931,9915,11352,13382,16156,42,2279,4399,6367,8087,9845,11310,13515,0.19668836574283538,0.777663614219748,0.7878608691453546,0.3878762006709308,0.057814866357347124,0.5804806408178922,0.9625564676244269,0.4694923541446303,COMPLETE
491,0.4253092293054234,2025-11-29 10:01:02.948239,2025-11-29 11:07:49.262017,0 days 01:06:46.313778,4.566664506861388,3.323726393919674,0.5442695476439388,3.3848155944175717,3.863733233975696,4.184293923820398,-1.1207589836872933,2.864112421207975,2049.7927906981504,4062.936342829104,5381.604415980451,7854.689314095065,9938.135290159904,11903.398456232546,13592.836074005543,15966.589812353168,3147,4724,6722,7888,9671,11321,13474,15971,18,3166,4330,6291,8392,9741,11276,13495,0.22696073663307392,0.41184304477837697,0.7497465965550133,0.9111157736248514,0.0896260451573968,0.44739007714631607,0.9825804445999392,0.5277513614269064,COMPLETE
492,0.5361560418648906,2025-11-29 11:07:49.859369,2025-11-29 12:14:42.049425,0 days 01:06:52.190056,0.30600788346721447,3.6827524497483206,-0.08388921627887849,3.2412501794324076,4.191217058237509,4.614296624808976,-1.593426704537859,3.2024987577284,961.6706654740242,4244.229757648333,5480.73704855965,7911.965846546471,9855.272207474562,11959.693762426477,13647.71441173402,15891.72169595892,3022,4686,5794,7853,9801,11284,13440,16036,8,2236,4365,6420,8036,9813,11249,13530,0.16354246477128387,0.9036197150934375,0.7663301256230339,0.42304517253616813,0.12103358568728606,0.5150700286564094,0.9445372939005319,0.5754870709449363,COMPLETE
493,0.5313986679352997,2025-11-29 12:14:42.674829,2025-11-29 13:21:35.546228,0 days 01:06:52.871399,0.6254074553050842,3.895356306607609,0.3767457896282328,3.6609288701972122,3.1037622642995366,4.795368142747587,-0.1536384553229414,3.5129666539860085,1896.7193682341608,4206.927209173686,5435.836943724794,7744.724278756622,9964.959099906127,11869.495008948426,13707.082166098839,15928.846186127279,2959,4758,6656,7907,9702,11256,13414,16124,0,2307,4267,6514,8102,9757,11184,13478,0.2861020250401682,0.7352889162357655,0.7272321854863357,0.4558343529504979,0.1510698313392292,0.6027928291739272,0.9679907018271496,0.5562123950431352,COMPLETE
494,0.6027592768791628,2025-11-29 13:21:36.653487,2025-11-29 14:26:13.567426,0 days 01:04:36.913939,2.2506752867198188,4.199240426511897,-0.23392341296992775,3.0006549672413683,3.627758622859587,4.429609861331912,0.43023464619286567,2.981766826287388,1969.3627109376464,4120.220662705508,5539.486233437598,7944.300435818383,9914.02362817531,11829.597145084104,13840.931101212756,15849.179918591895,2986,4712,6684,8033,9622,11306,13490,16006,32,2264,4314,6341,8068,9694,11226,13417,0.1818967365408548,0.8255011537799045,0.8028604298297168,0.33847254259516,0.07584221993598357,0.5579764346296816,0.9203643676680144,0.4985125321574829,COMPLETE
495,0.7959086584205518,2025-11-29 14:26:13.900227,2025-11-29 15:27:13.314126,0 days 01:00:59.413899,0.0336293576256925,3.494016904139445,0.13116361163759285,3.513451231436199,4.813143864005603,3.8723245095290233,-1.22531875318003,3.941783213665692,1728.4872394966108,4325.788488985354,5501.619359722551,7830.190324948245,9799.292872097887,11921.696743805105,13611.827180948676,15999.70343772877,3123,4658,6641,7947,9658,11371,13399,16082,16,2212,4347,6431,8123,9790,11299,13550,0.23961365171803256,0.796037023581961,0.8275858262046617,0.43483085678671457,0.2058151071257766,0.6288306675102219,0.9508293841925481,0.44865543159310933,COMPLETE
496,0.46241674595623217,2025-11-29 15:27:13.785164,2025-11-29 16:28:15.424086,0 days 01:01:01.638922,0.9729783777690691,3.7581481123739917,-0.44920790796193577,4.1778267588873135,3.3509836781132427,4.227791895207499,-0.7934659848676091,-0.6281609112260438,2097.732452694647,4275.227095988873,5467.4991694018145,7964.322553336749,9958.69811536449,11737.886695844005,13794.593390948949,15885.727554303317,2975,4690,6703,7922,9722,11692,13458,16060,8,2247,4292,6480,8151,9721,11321,13499,0.21518070311943452,0.755526439442073,0.7803494050947772,0.4131121343747496,0.10611137169838453,0.5850486098081726,0.9824738530301517,0.5161143368567898,COMPLETE
497,0.8035204567078973,2025-11-29 16:28:15.873821,2025-11-29 17:29:14.728284,0 days 01:00:58.854463,0.3676558834375898,4.041583135172457,-0.08193270231234942,3.8734808351113705,3.937055100809422,4.5847099045502215,-1.4179201619430906,3.3919331626784954,1811.282627609058,4167.390528477303,5430.795513678345,7898.652422830004,9876.457631270036,11886.235694946949,13913.085460507265,15960.056039561367,3045,4726,6667,7970,9752,11422,13429,16120,25,2284,4914,6255,8046,9768,11264,13447,0.2668356337673695,0.7205064506508861,0.8160794520369059,0.39522295559779286,0.23699347727578302,0.6836925727804488,0.9997008332449442,0.540428969687926,COMPLETE
498,0.44481446241674594,2025-11-29 17:29:15.086803,2025-11-29 18:30:05.345378,0 days 01:00:50.258575,-0.24555003349865334,3.6280309918521327,-0.725150305534763,2.8025365716007316,2.912411388550721,4.06581299605986,0.2099054729690018,2.5384763988142174,2003.876839755905,3997.59164793534,5329.796669086724,7800.21753044627,9914.771121196572,11965.885210259663,13687.4117525161,15815.5016914881,3001,4781,6687,7874,9691,11337,13380,16170,15,2326,4316,6450,8294,9740,11288,13515,0.19597191945337622,0.7726983237205067,0.7542254277898962,0.37067736756566655,0.04675299964194746,0.5443979842408159,0.9614021075139031,0.4687482251652213,COMPLETE
499,0.8116079923882017,2025-11-29 18:30:06.087893,2025-11-29 19:30:53.910662,0 days 01:00:47.822769,0.17925143333713092,4.314491356193459,0.25447345982557346,3.202289715394291,4.344141581325289,4.810260592424756,-0.4782248866463936,3.6697414415305656,1627.1429158836017,4205.453324262468,5404.062482606462,7719.18044681132,9965.22139337643,11856.445504756268,13520.060757413743,15926.462629000755,2927,4586,6722,7904,9773,11281,13404,16024,8,2225,4381,6400,8087,9798,11247,13482,0.2441746283838484,0.6864019183620463,0.8513182642290882,0.4515147895985804,0.1832552976096456,0.4793679750744095,0.9346019558743559,0.48778205846835776,COMPLETE
500,0.5033301617507137,2025-11-29 19:30:54.311311,2025-11-29 20:31:42.308096,0 days 01:00:47.996785,-0.37669841707025453,4.421158862311735,0.5544592226810602,3.2283104381241685,4.56286585693513,3.6539444748345566,-0.38830902700136133,3.8169438530719213,1601.1933124021305,4234.36881558768,5558.769919037773,7716.689726598745,9998.08096829392,11780.0515044336,13506.052291735345,15966.548152481137,2893,4583,6710,7891,9791,11275,13361,15994,0,2214,4384,6385,8078,9795,11220,13464,0.22817551801702982,0.6883476645160771,0.846752853446965,0.4614472921895122,0.16932604530407,0.4935025209493989,0.9184088591193309,0.47951124960525265,COMPLETE
501,0.7725975261655567,2025-12-01 08:34:33.108994,2025-12-01 09:46:38.193447,0 days 01:12:05.084453,-0.04517468138153302,4.348549013424903,0.36862173956997546,4.043362735858817,4.376463074607865,4.391001165218015,-0.2760787753618691,4.145936761289945,2069.2238883503655,4294.311005825966,5368.262406768913,7666.819725569037,9999.736250131451,11824.066720575094,13509.91480017898,15999.214853499385,2928,4628,6721,7856,9630,11255,13335,16031,52,2229,4410,6405,8054,9778,11199,13481,0.24679024975623556,0.695195424719011,0.8606557837491811,0.4728975157053993,0.1728676864470612,0.4556711131208495,0.9328798372762287,0.520321316637309,COMPLETE
502,0.7811607992388202,2025-12-01 09:46:38.698363,2025-12-01 10:58:42.503884,0 days 01:12:03.805521,0.14442736108038856,4.200036596700389,0.22780874221438427,3.5555921335094194,4.772637195806603,4.6647596625024015,-0.5936822253450037,3.6777149419902444,1652.00402123078,4204.838957952971,5400.671256785252,6965.394502858564,9955.065472038106,11862.092157562232,13474.880818429832,15928.500836900655,2913,4565,6686,7904,9818,11284,13394,16016,23,2230,4376,6373,8087,9755,11238,13441,0.2102078391242979,0.6813450442330249,0.8433997689490329,0.48128841077248385,0.18021070188976696,0.46930506114091247,0.9378887470248419,0.4452110513635272,COMPLETE
503,0.4148430066603235,2025-12-01 10:58:43.072971,2025-12-01 12:09:54.965559,0 days 01:11:11.892588,0.722312418747528,4.074576907704683,0.12335310265743532,3.7227879243237294,4.240179293519827,4.228062919755977,-0.09062903808284806,3.5934793466558532,1624.7769148339075,4258.916040218514,5497.665697809362,7703.615019106919,9940.661963836023,11803.056874002907,13446.98913483805,15875.357408652706,3024,4601,6722,7881,9773,11265,13444,16232,0,2209,4356,6403,8338,9713,11246,13469,0.17384139751270422,0.7122419063391036,0.8505026667397151,0.4457523025305072,0.2118884014668543,0.4823301992497303,0.9157499673453904,0.40903107687756146,COMPLETE
504,0.5456707897240723,2025-12-01 12:09:55.592023,2025-12-01 13:22:37.145204,0 days 01:12:41.553181,0.49081239897819096,4.005632470463369,0.5966128230051011,3.3764020191098836,3.260470919143354,4.4837694567267885,0.0019513800819890431,3.7773933972632023,1671.0863451610298,4207.954674608472,5408.367897567291,7758.371023566239,9966.238790700587,11853.896356659545,13563.03939518567,15793.200201726593,2946,4747,6663,8413,9840,11394,13370,15999,10,2246,4338,6557,8021,9736,11264,13493,0.23056123576916865,0.5492244076798034,0.8228338952328341,0.43546704475770737,0.19230059776979758,0.42988000160716966,0.9505411282191657,0.4954092052815496,COMPLETE
505,0.7978116079923881,2025-12-01 13:22:37.727606,2025-12-01 14:34:06.577065,0 days 01:11:28.849459,0.18190438110794127,4.391215391033696,0.3619030244097511,3.190001659364776,4.964753979266765,4.776326891342927,-0.6311171811870131,3.9975616479298455,1670.2530076491912,4328.106064278786,5530.183572787453,7676.451380056056,9906.09643243058,11363.579786728013,13951.946770517005,15934.404593916592,2997,4594,6703,7914,9676,12038,13405,16037,37,2265,4391,6351,8203,9776,11223,13406,0.15354539321995747,0.67505760008314,0.8588670171291919,0.44911593639909664,0.14667315601851225,0.5143644190138184,0.9846882797508549,0.5440346291404436,COMPLETE
506,0.48525214081826834,2025-12-01 14:34:07.261328,2025-12-01 15:45:49.218775,0 days 01:11:41.957447,-0.08005126990601236,4.2622088179149396,0.009062356435956764,3.4890125987754668,4.598230377826678,3.9592689620500137,-0.25931963991535967,0.6284316600820676,1586.6153494353302,4252.284196603831,5464.058949485884,7741.335434323552,9851.66255890438,11921.174409741721,13552.96139665405,15896.827964498136,2968,4705,6680,7863,9654,11453,13386,15964,17,2229,4244,6219,8422,9692,11268,13300,0.19249251486121388,0.7319448167516713,0.8326503304360559,0.4788800196031654,0.13340542373407804,0.4998094466197875,0.9998909528665781,0.5750072281733998,COMPLETE
507,0.7102759276879163,2025-12-01 15:45:49.795848,2025-12-01 16:57:15.466584,0 days 01:11:25.670736,0.413053725911599,3.8877315917341937,0.19807427413208373,3.9021952189053604,3.500449293768929,4.264198060158357,-0.48944338041527835,4.31173195873243,2026.6647313142475,4171.192589149094,4546.695033148412,7805.145673443091,9927.07983066862,11762.076364135313,13856.933621397315,15964.220002183863,3105,4733,6722,8000,9706,11332,13430,16195,309,2289,4498,6316,8074,9756,11249,13455,0.25260194146723125,0.7450980435835203,0.7975756793498807,0.4551545272718409,0.012456917394421048,0.5663511567350317,0.9659688429804943,0.5106709049229411,COMPLETE
508,0.5423406279733587,2025-12-01 16:57:16.080440,2025-12-01 18:10:31.967352,0 days 01:13:15.886912,0.650713009179559,4.177135477907043,0.5765644597487266,3.736101001539154,3.0708509020920927,4.551723768284401,0.09084311507897487,3.4215920794965053,1947.7554663299493,4291.1398668850115,5493.3094246326,7998.069088037327,9965.807056442944,11998.361546885677,13790.224214590211,15852.316145425575,3059,4769,6645,7928,9878,11297,13413,16014,8,2245,4375,6419,8100,9792,11279,13499,0.2170956124098785,0.7157516422602818,0.8138119839834533,0.43001745024276916,0.1559693655042323,0.5219633586507703,0.04919715938672792,0.4851346790128612,COMPLETE
509,0.5266412940057088,2025-12-01 18:10:32.689141,2025-12-01 19:22:37.690427,0 days 01:12:05.001286,-0.5361264321130719,3.8631293554917674,0.3969423913938219,4.645859898108865,2.5186627656650225,4.8285746088333115,-0.7922335619067317,3.262107977760222,1739.6724016841756,4232.40855741583,5457.4931387959,7960.555410634223,9999.83064404883,11882.492287294288,13744.896581140452,15963.543593825845,2919,4681,6691,7895,9765,11349,13457,15987,0,2214,4345,6387,8378,9808,11234,13479,0.2353870442921611,0.7505011739734885,0.7995401373169144,0.41045227593552175,0.12259752752152984,0.6059874359598237,0.9363529828667095,0.5306911473212049,COMPLETE
510,0.7997145575642245,2025-12-01 19:22:38.353113,2025-12-01 20:34:16.678681,0 days 01:11:38.325568,0.18704585611383168,3.5048240598218356,0.016445714463879435,4.299186057826762,3.7338507202611373,4.38976728019866,-0.4846858508739626,3.5490248063672603,1721.5394956961272,4195.5803850443635,5516.994978988153,7931.295941390238,9874.186572305132,11834.649678370566,13907.096522407397,15905.897241450684,3084,4493,6702,7956,9793,11310,13347,16058,25,2310,4425,6363,8306,9717,11205,13534,0.1954231704990762,0.7104672730540157,0.8336113938814339,0.42822152199570107,0.06985114013439286,0.47263641978820925,0.9812799784456453,0.5061391249668673,COMPLETE
511,0.8039961941008563,2025-12-01 20:34:18.228385,2025-12-01 21:46:20.482725,0 days 01:12:02.254340,0.3409769513048961,3.1827363223152254,0.22231603563100982,2.998765501315665,4.324195115427835,4.99631944740515,0.542233493867083,3.106858775304215,1969.0415174407267,4155.6730791416085,5570.197793446437,7724.402268864398,9920.027226278566,11931.090610787878,13657.237139464607,15935.637783154627,3150,4715,6671,7908,9675,11281,13377,16044,17,2274,4326,6282,8056,9745,11324,13502,0.25966568694205105,0.6600039461554714,0.733659707535311,0.38442429640154685,0.41373860024542514,0.44565395570236577,0.9504197466701203,0.5573350238347564,COMPLETE
512,0.5223596574690771,2025-12-01 21:46:21.134567,2025-12-01 22:58:31.537713,0 days 01:12:10.403146,-0.23991125405262634,4.079164281006775,-0.11994849115445033,3.3201211642323436,4.180841225555903,4.0774777009580365,-0.9579199933642052,-4.982674274109286,1508.3229286953929,4335.24044209995,5428.070789894776,7793.378949638667,9960.483219479145,11881.929870339403,13521.04243720365,15871.028894934501,3004,4745,6722,7875,9641,11254,13396,16147,10,2399,4272,6329,8240,9764,11258,13432,0.2143499013705763,0.7660567727122568,0.7727763537319567,0.44981859596399504,0.10986969919414674,0.5735854237307969,0.9132412277135395,0.4693101280847163,COMPLETE
513,0.7340627973358707,2025-12-01 22:58:32.605438,2025-12-02 00:10:50.943748,0 days 01:12:18.338310,0.03008763307942597,4.386869506792843,0.09726573913218894,4.056366309517629,3.382270715002964,-3.400576641307663,-0.18024327832341008,3.7782002250898605,1702.5223749859279,4260.452971291693,5483.604599258271,6770.920286074323,9820.265773458741,11794.289642000178,13596.920933600097,15963.923097989971,2975,4671,6660,7928,9727,11375,13485,16032,176,2253,4364,6243,8088,9729,11285,13579,0.24070676617574266,0.46662549491382477,0.7960088169042698,0.40771818809275784,0.026768798347463416,0.5400392170302982,0.9659610498772286,0.5328398088175261,COMPLETE
514,0.7954329210275928,2025-12-02 00:10:51.712784,2025-12-02 01:23:17.642239,0 days 01:12:25.929455,0.5730734229742647,3.8449039217823224,0.37771212860745335,2.5452978577165357,2.8234843523414526,4.639462567512328,0.190935034721136,4.056921452039846,2058.532343749212,4220.984240700737,5408.097913250444,7856.64179794548,9890.953367434258,11690.319592204509,13860.39228292787,15919.472743942344,2876,4698,6696,7982,9690,11325,13430,16071,26,2232,4300,6432,8121,9685,11344,13463,0.1781855078642285,0.7270451762133279,0.864309888158604,0.47968709316863634,0.2691642898388015,0.5975368753035725,0.98275450757303,0.48985835844810144,COMPLETE
515,0.8106565176022835,2025-12-02 01:23:18.184711,2025-12-02 02:35:40.742819,0 days 01:12:22.558108,0.21531738481941293,3.4333895965800014,-0.27151819129867205,3.5294937279744074,4.017274393234026,3.8323097289474277,-1.1861682483944505,3.318030753388017,1994.8181590092147,4107.530866834967,5362.46205588147,7775.452546582816,9935.69769875735,11962.47214681128,13999.441772089918,15830.272473625439,2940,4616,6635,7948,9612,11419,13400,16178,0,2287,4316,6399,8273,9778,11309,13517,0.15141342023434706,0.6962542762731865,0.8178896213991865,0.4334954738000038,0.13931533379641334,0.4229378909561119,0.9365289782874655,0.8725626043500148,COMPLETE
516,0.5028544243577545,2025-12-02 02:35:41.238371,2025-12-02 03:47:37.001818,0 days 01:11:55.763447,-0.1252394249280287,3.3678188110275005,-0.06701387611812853,3.1479379748315948,3.7985585271153925,3.6894918997118653,-1.5024201821474032,3.286007041113778,1903.4546630212417,4058.0090005479246,5382.509379223405,7763.827242759632,9960.624992519735,11956.962915850807,13992.681799553051,15828.019469407758,2935,4588,6649,7955,9616,11466,13416,16180,8,2327,4282,6396,8276,9797,11314,13482,0.14558514328708824,0.6233306912372347,0.8378835759960949,0.4662345988401394,0.1365235973239184,0.4158256565807535,0.9090216536862482,0.39285371737690555,COMPLETE
517,0.79686013320647,2025-12-02 03:47:37.388366,2025-12-02 04:59:51.248162,0 days 01:12:13.859796,0.13562259330695645,3.4337988211758024,0.4743743755823725,3.418212471296634,3.1824979700218905,3.591164337805254,-1.7026165228641708,2.210516154027896,1989.0519414102152,4100.120442622869,5218.073067338515,6610.768993145267,9861.068495265996,11993.514862049606,13977.695180216935,15793.62239092249,2907,4629,6631,7971,9612,11443,13444,16211,9,2731,4264,6365,8307,9815,11352,13507,0.161230713486054,0.6729583723093862,0.8216015234759781,0.4422632907821418,0.09944201572816497,0.41450081460689786,0.93203904891151,0.8614140755375739,COMPLETE
518,0.8039961941008563,2025-12-02 04:59:51.592979,2025-12-02 06:12:35.846033,0 days 01:12:44.253054,0.25096102262976705,2.96220034442554,0.21787471033159347,1.9735455947789307,3.6219943147966696,3.8709790074472243,-1.971378109237992,-1.1055748796747444,1932.9847978679832,4034.800443440351,5273.607076688399,7702.3914847159185,9936.853986274778,11955.10671597285,13966.191750136079,15851.293442555103,2864,4603,6625,7940,9641,11424,13356,16180,0,2350,4313,6300,8262,9835,11321,13518,0.1526563222879819,0.6992753634613456,0.8573210829055656,0.40236441245675203,0.05162032490013257,0.4508331008784276,0.9334015462691034,0.37079992144710133,COMPLETE
519,0.769267364414843,2025-12-02 06:12:36.466514,2025-12-02 07:25:19.509905,0 days 01:12:43.043391,-0.0256377466629982,3.1216969830777246,-4.208106350232232,2.901354290638136,3.9696966192966534,3.8293428151880455,-1.3186797472392366,3.0859610479501116,1759.730520673719,4108.9318484404275,5358.8740816090585,7773.083897261423,9967.659762430207,11933.413375487513,13947.949092568428,15878.464115809187,2948,4620,6647,7993,9610,11274,13467,15623,17,2304,4341,6539,8214,9780,11303,13451,0.17619845149130725,0.6927400806135974,0.8136381767537917,0.4242106525801021,0.08746624939449715,0.4224011099450823,0.9480338305833086,0.8386106907004984,COMPLETE
520,0.7759276879162702,2025-12-02 07:25:20.018596,2025-12-02 08:37:45.278729,0 days 01:12:25.260133,0.5223315743407511,3.615578583106282,-0.24300420437810535,3.569647189152953,3.51001692237278,4.019598946911015,0.33929649425137026,3.613204180615562,1991.6017381657116,4159.893262507262,5350.64437564334,7820.900571055585,9894.31863810608,11963.03696045253,13999.362562603219,15894.529010603066,2894,4617,6047,8013,9659,11411,13318,16251,33,2293,4285,6202,8276,9782,11285,13490,0.19765405868044938,0.6684383922140664,0.8212739164582095,0.7495540636080553,0.12105890823360693,0.4404540553198533,0.9079045895476973,0.4334052942870856,COMPLETE
521,0.4862036156041865,2025-12-02 08:37:46.444355,2025-12-02 09:50:53.420336,0 days 01:13:06.975981,-0.41142338399871714,3.6747548603306672,-4.869323459749158,3.2884644073689007,2.9505757642906922,4.201034896153592,-0.038670436332867555,2.755292557741418,2101.48242611774,4110.587093951814,5316.162986527677,7722.241602530042,9930.477632932625,11908.230942211721,13931.922885899905,15833.019850249246,2933,4641,6666,7945,9635,11296,13406,16160,8,2279,4232,6381,8241,9861,11334,13476,0.17878659452349843,0.7896120455978655,0.8424789372829906,0.45604973338103294,0.14564807426087278,0.46990609095690117,0.9540160076009523,0.5468846787034227,COMPLETE
522,0.439581351094196,2025-12-02 09:50:54.078479,2025-12-02 11:05:04.359430,0 days 01:14:10.280951,0.845380321199869,3.953529938937423,0.6566153249682024,3.0925774020946486,4.3902538126938,3.6155337561333383,-1.1876953388047593,3.3353967380626823,1931.3542372531488,4135.985375904954,5397.958462712064,7757.479677160946,9969.09679249652,11183.047022584096,13876.938229429688,15902.526839858952,2957,4547,6633,7969,9662,11434,13432,16224,0,2311,4303,6407,8289,9764,11300,13552,0.1481843927771469,0.6886179490073019,0.8017548619952893,0.3775752969038668,0.49409026287633895,0.5018830897529557,0.9613169701997807,0.9973793825459243,COMPLETE
523,0.3972407231208373,2025-12-02 11:05:04.967016,2025-12-02 12:17:48.394877,0 days 01:12:43.427861,3.2653409420705115,-0.17060679208165652,0.08254464883078459,3.49908584843502,3.766024619879106,4.763771525210759,-0.38445819064123,2.9698410964263897,1860.2124358085903,4082.487395802623,5427.094476383029,7851.325345349451,9843.47136593932,11848.274462841731,13896.897301103469,15789.459010566046,3163,4608,6678,7918,9823,11250,13379,16197,0,2273,4401,6578,8259,9803,11263,13512,0.19753976932111367,0.7167777173642753,0.7879615611088306,0.4350985029996672,0.06460140114250351,0.4318905652962553,0.928462393049259,0.8966535447061523,COMPLETE
524,0.7949571836346336,2025-12-02 12:17:49.037821,2025-12-02 13:29:38.650483,0 days 01:11:49.612662,0.13200547558477818,3.3834471785978764,-0.38624448697391983,3.8344450802199535,3.267353730350292,3.863772804900387,-0.7713557243582577,4.368925359340445,2036.0658009189822,4000.874349968319,5537.364363319045,7659.6063752638165,9898.976997002266,11997.941247599107,13832.526234876828,15853.988429759309,3131,4667,6685,7943,9944,11485,13400,15971,20,2294,4325,6336,8165,9822,11282,13537,0.2159561538397985,0.7633558787055855,0.8317674330734719,0.4779799340000308,0.10461410968716668,0.4880332633921656,0.9845890335515589,0.8738383072370581,COMPLETE
525,0.7959086584205518,2025-12-02 13:29:39.215557,2025-12-02 14:40:28.865734,0 days 01:10:49.650177,0.36239576352741726,4.189818868433434,0.3200040219487365,2.8344709033393602,4.008293387429367,3.4682535350243437,0.14853433898262175,3.141775414523334,1974.515271226558,4181.233155409944,5453.027667208405,7832.581420712431,9996.978559572897,11907.671079689298,13711.066331855362,15920.949825021487,2918,4582,6659,7960,9622,11302,13451,16147,16,2260,4259,6351,8413,9753,11310,13423,0.27207749427757627,0.733115840990243,0.8081523247293341,0.41336983953454753,0.08429028427299656,0.5554088182147296,0.9994068822942584,0.9330508090429777,COMPLETE
526,0.4196003805899144,2025-12-02 14:40:29.419739,2025-12-02 15:52:53.948103,0 days 01:12:24.528364,-0.20729435520436024,3.6873575806917445,-3.3748159475218333,3.655374624874752,3.5195604753566756,4.296160216532624,-0.24951171570078867,3.5248119855708775,1923.804534227216,4297.102691299674,5502.474140678703,7788.661503608408,9999.635913253593,11822.204402195748,13815.247096652698,15944.87544107641,2964,4648,6640,7926,9681,11319,13364,16015,17,2278,4362,6271,8134,9948,11337,13492,0.17481647559150926,0.7892402378275271,0.5434849899228262,0.3589202223389724,0.12766272998860478,0.5215211634229381,0.9473962951717603,0.5218223184657165,COMPLETE
527,0.3820171265461465,2025-12-02 15:52:54.602784,2025-12-02 17:04:34.087144,0 days 01:11:39.484360,0.27779526162582363,4.008772382910214,-0.04828499732606584,2.263298973934668,4.638896920424889,4.9965922311938735,-2.2480680277718026,3.890230236755881,1365.2339817072268,3384.619842103974,5379.374461206168,7899.432704574986,9791.343484678748,11943.858606617234,13782.419712119683,15878.614221150048,3033,4626,6693,7994,9602,11276,13418,16138,9,2258,4296,6387,8432,9885,11267,13465,0.22224565838816254,0.7734763550210659,0.8664862068111326,0.4543978851289405,0.11254850575748661,0.453018461081746,0.4849877337876139,0.4565325915185049,COMPLETE
528,0.544243577545195,2025-12-02 17:04:34.605531,2025-12-02 18:17:24.047074,0 days 01:12:49.441543,0.7449185991548803,4.400475687716104,0.19548163998936527,3.2926929155888724,2.724108102354715,4.580942796849865,-1.1422558839418904,2.7709964601591492,616.9775481410364,4193.961126543949,5422.145174734778,7704.550326349706,9933.587813385904,11872.391564423102,13927.798619990937,15930.18402652581,2987,4763,6674,8044,9700,11338,13388,16167,0,2330,4746,6443,7947,9780,11246,13520,0.1594236823903275,0.7396112056504744,0.7918931624918195,0.39825893981167576,0.04170162180074911,0.40323895091653533,0.9673075336870781,0.4802666499576393,COMPLETE
529,0.7930542340627973,2025-12-02 18:17:24.632119,2025-12-02 19:26:55.915044,0 days 01:09:31.282925,0.09094300438490438,3.482531911593211,0.4661455639014116,4.456466444711665,4.125859845403356,4.412433924004865,-1.4320022251412177,4.179968472600983,1690.0918184762495,4136.666344023918,5579.798655028498,7880.930391853578,9875.42309500215,11912.359905654328,13879.89860312662,15829.765084712553,2939,4644,6701,7906,9808,11295,13495,15992,31,2308,4320,6232,8223,9710,11292,13442,0.25091919746121877,0.7028695398294106,0.8152642685975805,0.4287509402364146,0.07446348803251177,0.5736753862028533,0.9305589346490208,0.5126140021860994,COMPLETE
530,0.47621313035204565,2025-12-02 19:26:56.383532,2025-12-02 20:35:33.953838,0 days 01:08:37.570306,0.5515527578824558,3.819307237772926,-0.1943008013154438,4.109990818538659,3.108338825747911,-3.8176453240787414,-0.9253488365795669,3.266572514963185,1881.5756732749433,4267.405944056227,5474.195748825935,7815.954859223021,9933.277966269912,11853.820101334948,13747.60934908498,15894.483383884164,3016,4742,6665,7844,9648,11314,13435,16183,22,2866,4347,6304,8326,9800,11269,13492,0.2031199398362874,0.8032524408766684,0.7742342220622905,0.4895490687466259,0.15634596118325633,0.5357360076037827,0.9694894770280663,0.5594460807068594,COMPLETE
531,0.46574690770694577,2025-12-02 20:35:34.437936,2025-12-02 21:44:35.865406,0 days 01:09:01.427470,1.0316846720029071,4.166069780720401,0.03634200897473655,3.4703606001609257,3.685609098623678,4.085675308829756,-1.705652389175948,2.4650385180801986,2067.672074180543,4209.577934483289,5526.4085237578565,7755.862303698465,9836.757833757136,11952.320438159366,13954.639142205619,15966.3391475065,2834,4781,6706,7978,10153,11264,13412,16024,9,2210,4246,6371,8106,9764,11312,13561,0.18992084737434495,0.7495164543719839,0.8480365348910284,0.44215901277951997,0.031050698454178897,0.471383779230851,0.9478500551241656,0.5343495244150955,COMPLETE
532,0.7797335870599429,2025-12-02 21:44:36.247576,2025-12-02 22:53:27.301047,0 days 01:08:51.053471,-0.03472943003588655,3.3278184662270047,0.6429278197547761,3.0651275287051276,3.8751394256065055,4.771543482781728,-0.5716601918354812,3.685310341668399,1790.6232084977564,4066.9074012888386,5442.380420820025,7672.973299108467,9894.659761507477,11817.595882545873,13671.535232074271,15933.245089660144,2961,4589,6722,7939,9789,11508,13334,16046,41,2287,4280,6414,8360,9741,11243,13398,0.27037010468998357,0.7612202138981411,0.7561092565716406,0.3948439575921221,0.0944202349125384,0.4307286983407732,0.9998391418022857,0.5001234974965624,COMPLETE
533,0.7944814462416746,2025-12-02 22:53:27.663297,2025-12-03 00:02:32.256842,0 days 01:09:04.593545,0.3532422880422602,3.9820631986074138,-0.602659566447476,2.5885208532724,3.3273757615223882,4.546725757214108,0.4069350243839204,3.4204889183472225,2025.4611346758136,4142.271396683245,5490.332174178253,7926.069944810935,9965.816788813323,11879.021339656661,13706.225932257768,15999.384534857447,2981,4664,6683,7957,9863,11286,13470,16130,0,2250,4616,6250,8142,9724,11290,13510,0.22759148221557676,0.7807121914665799,0.8249762038232713,0.46484277156412607,0.13711469056901932,0.5579076194573994,0.981507836327137,0.46134856921657774,COMPLETE
534,0.7935299714557564,2025-12-03 00:02:32.692791,2025-12-03 01:11:10.514845,0 days 01:08:37.822054,0.1705317179727803,3.6134734414010152,0.2434006051644004,3.8667164461049564,4.3820827946284675,4.176263740518113,0.6261681356929784,2.9413632178096294,1960.4030128667328,4336.291296624276,5341.1386881995195,7860.625277510404,9642.89067618584,11745.98607357677,13997.995624768953,15855.599455362611,2932,4726,6637,7913,9711,11347,13378,16110,16,2269,4305,6514,8091,9843,11332,13466,0.2088885453124881,0.6843913461880904,0.7851182328962933,0.4139999434569263,0.1919559784832901,0.5081362148361487,0.9105655752138375,0.5239890399788992,COMPLETE
535,0.5309229305423406,2025-12-03 01:11:10.835455,2025-12-03 02:19:56.632875,0 days 01:08:45.797420,0.5187955757579767,3.782856493372155,-0.17532746261811885,3.2887971942300442,3.4480364015774416,3.7427476630570577,-0.14451188142248114,3.1475065208101998,1880.79068827379,4238.766583857152,5522.072385301396,7783.950591704975,9927.646271344958,11971.09315569839,13635.584775823478,15891.875089775798,2952,4686,6688,8023,9675,11248,13447,16164,26,2234,4335,6394,8265,9783,11353,13536,0.24393656142894485,0.7246846468587613,0.7147712697975722,0.43981956282510876,0.055075919336901986,0.5833588174012785,0.9567444300784528,0.4835541972978284,COMPLETE
536,0.37107516650808753,2025-12-03 02:19:57.020166,2025-12-03 03:29:09.187498,0 days 01:09:12.167332,-0.27861898077709335,4.163272306640119,-0.37805490595388314,3.658467032055786,3.639269377687101,4.703947021268263,0.08686923326020371,2.6964036261246798,2005.0005203076428,3247.479804997185,5551.529961509895,7905.605366819959,9867.261884572157,11907.041964286816,13833.250084618847,15955.594275294941,3007,4613,6651,7888,9773,11658,13399,15991,10,2253,4379,6346,8300,9695,11274,13489,0.16701607114613115,0.8038774509339789,0.8053593814237555,0.3840538796562234,0.23471611934509964,0.6230903563906894,0.9797349048882666,0.4348901983099075,COMPLETE
537,0.7112274024738344,2025-12-03 03:29:09.875563,2025-12-03 04:38:29.575120,0 days 01:09:19.699557,0.7042732064276866,4.418353174797104,0.3916270456064711,3.4375187230842332,4.223369058123923,4.345588377256279,-1.2924679534298302,3.8570618709449085,2097.7544853782124,3460.193370136153,5454.507056032734,7957.118418776017,9957.691693359933,11853.983962526185,13909.047506289082,15919.397663644397,2909,4749,6705,7930,9629,11399,13358,16010,0,2217,4288,6436,8397,9817,11249,13509,0.14251621904497497,0.752871454754442,0.7427485119351721,0.46254704340816066,0.11787775765193559,0.5279298873159434,0.9343816144797218,0.5728486886651262,COMPLETE
538,0.8039961941008563,2025-12-03 04:38:30.148682,2025-12-03 05:47:20.231330,0 days 01:08:50.082648,0.27761729991951867,3.9031155393862718,0.05524978170460876,2.8067298954006743,2.9740671956210596,3.9813815931729564,-1.054446356348049,3.5427163093372007,1753.4423406710125,4174.631640132837,5406.593473619816,7838.830685155043,9725.749112878246,10943.924516494735,13773.146156727937,15810.599122463022,2981,4640,6675,7863,9746,11326,13426,15971,16,2289,4839,6371,8119,9750,11305,13475,0.2221376188229139,0.7135755457311671,0.8292457720351776,0.42076501628302937,0.08524291957214233,0.4813484301825022,0.9655467750352391,0.5384819538035417,COMPLETE
539,0.49476688867745006,2025-12-03 05:47:20.712363,2025-12-03 06:56:42.820112,0 days 01:09:22.107749,-0.08903947664141965,3.658852452605361,-0.09996002405108231,3.9745622855678433,3.934291434251193,4.520773953200233,-0.6241798050956503,3.259744653030616,1918.2686437891446,4295.965337052746,5484.502142522611,7739.30243232757,9908.11794908301,11780.397031613065,13602.138272854841,15876.152464817465,3111,4696,6705,7978,9658,11309,13410,16050,32,2267,4317,6282,8078,9769,11227,13255,0.19078675005011264,0.6627363141565453,0.7832299157885348,0.4073092598470814,0.15088505387923207,0.5477972677286419,0.9833304063015971,0.9241686664155138,COMPLETE
540,0.5504281636536632,2025-12-03 06:56:43.218338,2025-12-03 08:05:34.481525,0 days 01:08:51.263187,0.41876002295050513,4.053812063552733,0.23461622379830366,3.1186582311793605,3.192867680848371,4.878394621685869,-1.558851124349177,2.9521396599023806,1628.8891128712028,4042.164804447866,5441.95735508742,7927.747937825374,9967.319097203674,11932.381784930814,13471.54952492135,15966.56612623714,3039,4730,6722,7953,9696,11454,13373,16201,11,2313,4257,6454,8429,9731,11280,13447,0.27784226056978034,0.7771389590690301,0.8565581991413552,0.44267512003321485,0.10823650428110165,0.5852344627962659,0.9482121533828712,0.5049644268948313,COMPLETE
541,0.7897240723120837,2025-12-03 08:05:34.857035,2025-12-03 09:14:52.670582,0 days 01:09:17.813547,0.08043501684530424,3.5523047128089744,0.5626087298919215,4.230448205471098,3.820739159520527,4.247121904079962,-0.8192545283730089,4.012305669045189,1836.8622657707629,4102.05066099909,5375.652477644993,7877.325878105313,9819.870166999304,11894.998697948871,13546.665217104228,15926.702174407414,2968,4765,6661,7904,9675,11925,13429,16147,23,2244,4354,6326,8197,9803,11321,13540,0.2542697602956506,0.7378061733286716,0.7605744347199098,0.47977129525552226,0.06860407350265244,0.41306124371720776,0.5094061247883834,0.9724810378235106,COMPLETE
542,0.8001902949571836,2025-12-03 09:14:53.108539,2025-12-03 10:23:45.527730,0 days 01:08:52.419191,0.5309481613750348,3.2605459989731855,0.09691791203687145,3.6421271901987917,3.4134269904350667,4.665128435263144,-0.38269806002993895,3.708847024930669,1960.2834320984457,4201.146140854839,5507.633362079921,7961.691814058471,9892.635510677075,11998.481276615967,13669.105531439549,15997.45197407498,3064,4567,6688,7925,9841,11280,13394,16293,8,2291,4332,6412,8102,9700,11259,13580,0.2056924483192144,0.8089195479852067,0.8065257773594153,0.4242314960166031,0.12960510436121028,0.44478911284753175,0.9701465559537839,0.5494735340148654,COMPLETE
543,0.763558515699334,2025-12-03 10:23:46.152989,2025-12-03 11:32:13.970726,0 days 01:08:27.817737,0.23597280170234256,-1.388548948096754,-0.37568153713875774,3.2136167959128716,3.6311265903918715,4.067438734178844,-1.8927992244753797,3.4210956022188572,2053.5246032195705,4145.708520961661,5471.248055628233,7645.560216908736,9935.405676106979,11310.76060083184,13868.66770573586,15896.976153119054,3000,4669,6628,7841,9722,11361,13458,16027,0,2229,4301,6495,8230,9753,11297,13497,0.16987047333786479,0.7627418108261578,0.839354784598203,0.3759235627825061,0.09577529186076941,0.5639768685959822,0.921806105906505,0.817081020666337,COMPLETE
544,0.422930542340628,2025-12-03 11:32:14.377008,2025-12-03 12:40:48.128436,0 days 01:08:33.751428,0.83538489706712,4.3084931981508126,0.389185931399353,3.8042704561129908,2.672861561859271,4.360520734546727,0.2959917529177716,4.4115321498077416,1788.7560129614267,4254.2560873722605,5047.218720806126,7807.142876954806,9999.610272306023,11834.914248353618,13737.36800437562,15852.699252509203,2922,4722,5993,7880,9900,11300,13412,16071,16,2269,4780,6529,8044,9788,11239,13519,0.23845459292093804,0.6949713944757162,0.7883816206511406,0.4540058583769219,0.012640473259055762,0.6146613206887704,0.9530579253101622,0.47448391253182914,COMPLETE
545,0.5033301617507137,2025-12-03 12:40:48.631202,2025-12-03 13:49:53.730726,0 days 01:09:05.099524,-0.0906075580059158,3.850619305176536,-0.07538629543621253,3.430905955367612,4.118801436882224,4.9999833895576025,-0.03132071142241297,3.14569775180529,1911.6390165247376,4314.129812259364,5561.1074796709,7699.522230877306,9869.594852552516,11929.959089738011,13808.292026427893,15961.146677443448,2949,4701,6700,7951,9642,11417,13353,16096,0,2339,4274,6257,8074,9719,11273,13463,0.22291713967552867,0.7872997826683124,0.7707598520518707,0.39689030787634544,0.9320436783135781,0.5014942557012333,0.9832547782016338,0.5178098690663215,COMPLETE
546,0.49571836346336823,2025-12-03 13:49:54.649998,2025-12-03 14:58:37.388070,0 days 01:08:42.738072,0.39340189313255325,3.111425054518072,0.18013488669430724,3.574484542199434,4.746719905082392,3.838815885794254,-1.210296093377413,2.8934679703993127,2012.250211564739,4201.398660592649,5406.771485031273,7910.840330163304,9932.825930319774,11875.18715801543,13636.875148663143,15943.814588493458,2895,4782,6674,8005,9767,11335,13381,16010,26,2542,4317,6394,8163,9774,11351,13550,0.3817317107489384,0.7352607897357083,0.8156457052750457,0.35442615159003094,0.35003690908506224,0.4661840877554682,0.26767532974809527,0.4911061878155365,COMPLETE
547,0.8068506184586108,2025-12-03 14:58:37.959233,2025-12-03 16:06:56.435827,0 days 01:08:18.476594,0.10715717627850815,4.117047922280914,-0.2778743706308505,2.929321228104171,4.460176124567672,4.485648719650041,-1.4075162320155516,4.209068081758441,1981.9890845535879,4278.4012098524345,5520.7854102585825,7775.619568168402,9762.558158516287,11802.505502343889,13922.887510241137,15902.816564270332,3022,4656,6656,7899,9607,11264,13439,16129,9,2210,4577,6466,8283,9859,11184,13484,0.9667952515915571,0.709093982940157,0.7423849069294876,0.4319312311898652,0.17430872769431544,0.5330233664872241,0.9659878386421602,0.5214918205267637,COMPLETE
548,0.532825880114177,2025-12-03 16:06:56.857848,2025-12-03 17:15:15.887117,0 days 01:08:19.029269,0.6641430447136781,3.4658475537919236,0.583584157301237,3.2339327783753147,3.180411407287186,4.7852428421312965,-0.7345658669765489,2.5996159657695714,2111.8420910160744,4162.079332409886,5588.222690225291,7862.800232881269,9961.324240875836,11935.507250868668,13693.758317293888,15829.14428282614,2990,4342,6722,7969,9692,11316,13478,16046,247,2247,4865,6430,8134,9828,11210,13526,0.301561761216646,0.8440141218462132,0.7956930364793311,0.4917202774897975,0.05801552898173114,0.6388344682789534,0.9364389706762394,0.4519764091297444,COMPLETE
549,0.7535680304471931,2025-12-03 17:15:16.430837,2025-12-03 18:23:32.516658,0 days 01:08:16.085821,0.2695496002407496,3.727501562552582,-0.5724445978351405,3.9703202745030937,4.001536385927953,4.650176237617849,-1.0109689006300813,3.35278965573055,1874.747054815158,4232.293841170689,5432.086829616423,7956.911226605165,9898.696901285339,11967.380734681681,13956.079168057498,15781.351763268569,2967,4739,6692,7940,9662,11288,13401,16108,43,2302,4346,6352,8338,9741,11298,13503,0.2627914832755652,0.7585413604800529,0.841997305560074,0.4158833992503526,0.13842012498500747,0.5925123207793648,0.9985259334253823,0.5623257351719395,COMPLETE
550,0.4814462416745956,2025-12-03 18:23:32.804784,2025-12-03 19:36:27.484299,0 days 01:12:54.679515,-0.51163531400058,3.9572375725510325,0.013332438268866736,4.3768882037199655,3.395899795118926,4.150897796753667,0.1436441268782793,3.6225469928365617,1685.0014846374008,4111.639188285229,4761.905580028759,7829.316419049976,9840.5454419063,11854.008477327481,13575.472008150444,15998.731068847548,3143,4677,6676,7916,9805,11354,13426,16175,18,2275,4291,6402,8111,9804,11324,13433,0.1870846115429209,0.8159233955880724,0.8679540299389178,0.3157838380218245,0.03123834631535007,0.5694561042324393,0.9997121680171858,0.7850803452224367,COMPLETE
551,0.3829686013320647,2025-12-03 19:36:27.778771,2025-12-03 20:41:23.909158,0 days 01:04:56.130387,1.1662561923296564,4.2652296376073995,0.281380839311187,3.0102044632385363,3.799060215099338,4.3647906836202965,0.4876284172307618,3.053600675727702,1945.4012492856928,4345.1413012148505,5477.287606747485,7729.308269697333,9968.645356595383,11897.336393889136,13857.868480093732,15930.744551751535,3164,4632,6705,7988,9753,11272,13456,16068,9,2229,4235,6303,8245,9680,11260,13475,0.14557836796956275,0.7772495537043616,0.7670643375761246,0.46899987588907194,0.07974417531762551,0.48614595201801397,0.9099665545180529,0.5029459996737354,COMPLETE
552,0.5956232159847764,2025-12-03 20:41:24.326432,2025-12-03 21:45:55.999906,0 days 01:04:31.673474,-0.2071182668350972,3.7866319729351785,-0.1842160568077545,2.683117691475005,3.0337798116285835,4.781894034659865,-0.3061768941615146,3.789910533212004,1830.8349932459182,4235.429284311206,5543.101553276915,7898.390197015404,9921.437914160077,11816.261488215005,13426.792204638188,15870.22759002551,2177,4712,6625,7859,9713,11389,13365,16024,34,3085,4366,6217,8088,9765,11286,13784,0.24204584930479303,0.727625347170443,0.8173277293742169,0.4369610873266925,0.11569725426863536,0.5549744728649969,0.9628380945009896,0.5314319628189274,COMPLETE
553,0.49809705042816366,2025-12-03 21:45:56.357477,2025-12-03 22:50:32.300278,0 days 01:04:35.942801,0.5233638583802186,-0.6594909989497202,0.4484563677340029,4.993742125740565,3.583098236855278,3.675140971094275,-1.6524274539122843,2.764767636395929,2066.3309699298047,4170.661694572075,5500.127524297377,7940.295176723672,9865.353309069633,11999.525307780123,13526.5726215535,15964.468824976393,2943,4694,6690,7933,9634,11323,13389,16151,22,2258,4309,6378,8417,9707,11232,13566,0.32775189064829047,0.746838694702963,0.8021478844050021,0.39703246481031496,0.1600675668538734,0.42726970349524346,0.9429194561341031,0.4762026971369227,COMPLETE
554,0.8063748810656518,2025-12-03 22:50:32.679450,2025-12-03 23:55:05.917585,0 days 01:04:33.238135,0.056634023936970646,3.5976361296297386,0.07151359000774771,3.76330934488842,4.26136300153204,3.981059512620436,-0.14115571610483457,1.7441893530783643,2001.9962877855446,4284.9655880931705,5451.776462486956,7974.959379974817,9798.082549883067,11736.915778330485,13619.874492375837,15904.145035750349,2988,4756,6651,7887,9784,11300,13340,15994,0,2665,4267,6422,8314,9733,11310,13519,0.2077153664844162,0.5754086262888876,0.7826490191945769,0.4591286205947227,0.09509833722090139,0.5190143635556127,0.9798400945569815,0.5447832134888839,COMPLETE
555,0.7131303520456708,2025-12-03 23:55:06.248661,2025-12-04 00:59:50.423134,0 days 01:04:44.174473,0.3937652374256688,0.7294970192947119,-0.4530294265836976,3.4096130531479707,4.500409975944252,4.539817289387379,-1.1128362318777678,0.967783862719827,1743.1000568017885,4075.2695011312403,5418.79643816484,7800.510558847552,9969.090389559278,11883.458129336095,13903.304357234949,15961.937791424516,3011,4602,6703,7964,9680,11251,13416,15659,60,2642,4400,6279,8184,9791,11256,13456,0.16621896756086352,0.7966045219788545,0.727102227203101,0.4164646099817776,0.30974792783615196,0.6114399578266543,0.9605885119096943,0.49340302296295185,COMPLETE
556,0.5528068506184586,2025-12-04 00:59:50.968276,2025-12-04 02:04:51.214836,0 days 01:05:00.246560,0.7016446998882888,3.985407585084071,0.27482959757410347,3.567684136812678,2.855540088277479,4.246973261353854,-0.8988911881783567,2.44296651095844,1903.7266377367441,4191.207774512364,5469.302511737568,7838.149121250957,9907.113705536181,11939.852752329018,13730.420398792055,15863.418488632618,2962,4722,6675,7911,9732,11436,13444,16219,9,2284,4334,6321,8060,9763,11278,13495,0.22711500164220372,0.6512885122579833,0.6950420604514987,0.44881275549933436,0.12509832642359545,0.5427864585664871,0.9832574268076993,0.42690210271049167,COMPLETE
557,0.7588011417697431,2025-12-04 02:04:51.781288,2025-12-04 03:09:31.578489,0 days 01:04:39.797201,0.2138193885673802,3.370747431182132,-0.8382869116103366,4.592844132608099,4.096684951868611,3.484972964088398,-1.330116033155735,3.2909191820763244,1408.7031833499307,4130.843565864927,5504.410278971362,7890.218725402393,9936.786032499684,11850.013383912528,13826.74571695435,15925.444460951305,2806,4678,6168,7877,9651,11361,13394,15967,18,2209,4287,6548,8392,9816,11333,13542,0.28100879586708255,0.6801636756760294,0.7599739771232688,0.38101706227056936,0.9796799623737041,0.45784287389864897,0.9294501039585348,0.5811648372059818,COMPLETE
558,0.4386298763082778,2025-12-04 03:09:32.022082,2025-12-04 04:14:05.341721,0 days 01:04:33.319639,0.9486802312643826,4.442162009382766,-0.11596184440028351,4.0991933546014785,2.405939987324092,4.809779922201994,-0.4759963078986787,3.481930177951501,1943.7692031335494,4260.394257162253,5381.614945645978,7689.273421793254,9996.524921864888,11904.7229275316,13658.656866590496,15896.548468768087,2922,4654,6703,7933,9621,11598,13426,16046,0,2243,4453,6449,8093,9748,11218,13505,0.18629675868253293,0.7683604854908097,0.8326531934980927,0.43238645164377215,0.048366317345330506,0.5844603093041084,0.9997034341570504,0.514306936353215,COMPLETE
559,0.49904852521408183,2025-12-04 04:14:06.061162,2025-12-04 05:18:53.221871,0 days 01:04:47.160709,-0.08239313902621759,4.119693959710613,0.6266152911375253,2.4094597534578863,3.817605434021768,4.5131006322038845,0.018718647224387763,3.1116673807805726,2023.4780726363215,4205.611593035335,5529.92203307436,7760.070965869926,9888.373275156366,11779.572414090662,13776.791124590856,15997.377813885007,3046,4736,6668,7955,9689,11334,13305,16125,10,2268,4317,6191,8030,9987,11252,13474,0.254226625283584,0.7171244917340502,0.9565389424757843,0.40742306049488586,0.06956304653359975,0.39046880557532654,0.5595942729762097,0.4550771864277041,COMPLETE
560,0.7954329210275928,2025-12-04 05:18:53.758836,2025-12-04 06:25:09.248104,0 days 01:06:15.489268,0.5241285343890905,3.760411573162511,0.09313309448918258,3.1829997371539003,3.3432868467667545,4.621090520342067,0.31494260948842623,4.052795519067109,1871.898989383591,4024.2463113229005,5295.348194456789,7999.7479548122055,9998.753090843318,11958.57267176878,13584.491718718238,15825.954359469533,3081,4759,6641,7899,9707,11288,13375,16085,25,2325,4305,6507,8126,9722,11299,13529,0.20751724730781218,0.7436075512848593,0.800390396779583,0.4927240459285091,0.1443804242257849,0.5643135053482361,0.9497718976483555,0.5012481186221177,COMPLETE
561,0.8063748810656518,2025-12-04 06:25:09.686661,2025-12-04 07:29:50.189333,0 days 01:04:40.502672,0.10260704203239894,3.499204899304749,-0.30888664900944274,3.3167158175987463,3.951286579617915,4.37859136034282,-0.7443665351367671,2.8943074844607466,2122.681127132407,4319.640777937751,5459.773085501392,7921.179261430078,9846.532198060211,11625.367972493139,13688.058945208157,15942.688122142157,3127,4707,6688,7850,9594,11244,13495,16187,9,2305,4386,6474,8500,9783,11279,13428,0.14258706829858353,0.7870492398706426,0.8245335022140662,0.46249338364213605,0.10482864086552887,0.5086819061557173,0.9710719399364501,0.535825614751028,COMPLETE
562,0.38058991436726924,2025-12-04 07:29:50.668097,2025-12-04 08:34:36.245625,0 days 01:04:45.577528,-0.370372997122076,-1.7797205442513624,0.40552838154712034,3.8094648084241345,3.612706974698338,3.9291545770844474,-1.2081804191278929,4.6454540611292146,1985.659510476792,4154.643248698436,5492.888117550673,7870.288294212454,9935.916637678403,11875.196741053871,13484.644925902774,15880.23404348365,2857,4788,6708,7991,9745,11311,13401,16063,321,2592,4352,6341,8269,9844,11237,13487,0.2334578542886785,0.5051709483863034,0.7790987405439098,0.4277950825282317,0.18317186425649112,0.6045368594725116,0.9164817007992541,0.5570696071971867,COMPLETE
563,0.7683158896289248,2025-12-04 08:34:36.985789,2025-12-04 09:39:16.836643,0 days 01:04:39.850854,0.311419975694452,3.911142773648934,-0.05838472903773953,2.9673649325920675,3.2947969211517205,4.998144034684231,-1.5255488834515296,3.670205312572553,2074.137291298147,4229.807229625985,5426.397961252275,7638.1466258969585,9897.218632934426,11829.2463633427,13891.105862822915,15962.506849728756,2974,4690,6659,7918,9672,11271,13463,16151,99,2227,4259,6230,8150,10050,11321,13458,0.2604329389929548,0.7054851298567504,0.6200794066545355,0.4459098778864651,0.0786166983010454,0.6479330360780644,0.9810568751834077,0.4797000949796143,COMPLETE
564,0.4167459562321599,2025-12-04 09:39:17.138988,2025-12-04 10:44:07.228543,0 days 01:04:50.089555,0.6388657701686106,-2.5034431774256194,0.2638299332754305,3.508058383701068,3.0775698422799773,4.111117718860422,-0.22918182395317988,3.206043765311346,1808.4318920671803,4298.395140557349,4650.318523328064,7957.304244734371,8184.122900995192,11913.750122955205,13948.731591798927,14853.85945946485,2942,4636,6686,7972,9766,11341,13414,16115,34,2255,4332,6364,8438,9900,11268,13510,0.18804230565468852,0.8212450040011743,0.7530943274268298,0.3932584518727228,0.12411850962176266,0.4843946076540997,0.9481861011248146,0.5194506015040001,COMPLETE
565,0.7059942911512845,2025-12-04 10:44:07.623705,2025-12-04 11:58:03.719406,0 days 01:13:56.095701,0.39830555564744713,4.203565382759581,-0.18420621563576883,4.002378444489014,4.33533863095782,4.709808725724264,-1.7786054099648156,3.4488308239000705,1709.1424710288325,4104.418231329226,5579.666073212133,7733.316343142846,9947.366350058415,11966.486539078382,13630.367694333208,15999.364384791314,3010,4612,6722,7941,9822,11289,13367,16007,394,2286,4280,6396,8054,9682,11358,13548,0.21446280669834283,0.6134380693071076,0.8523620153975334,0.4705033665205398,0.010958094331140658,0.5425481074919988,0.96550290729974,0.46620600757096764,COMPLETE
566,0.8058991436726927,2025-12-04 11:58:04.439942,2025-12-04 13:05:24.510752,0 days 01:07:20.070810,0.0181942805118121,3.656856044304361,0.07411305880906686,4.2282167281404055,3.503437276556669,-4.985713424360297,0.18537797132801234,3.81059995350411,1939.793288531093,4260.819498767658,5554.757212888219,7806.266532622421,9865.408833496804,11863.133220344778,13528.413511883842,15923.275117048886,2989,4736,6702,7876,9652,11381,13789,16030,16,2239,4302,6417,8069,9750,11295,13484,0.16332805050624633,0.7587942712866814,0.8052878257547607,0.36924645790628663,0.039713042724760575,0.5828924430438858,0.9294730886669869,0.4999215514926858,COMPLETE
567,0.7806850618458611,2025-12-04 13:05:24.886187,2025-12-04 14:10:09.693099,0 days 01:04:44.806912,0.2113825248036066,3.177820526768941,-0.49641053477217884,3.6521991105417633,3.7393828614212046,4.310038377360043,-0.6366678002791892,2.6900438231485317,2043.0987212333878,4177.990825158979,5332.996925557021,7861.351737808322,9999.673286887917,11925.462846752751,13843.912250356525,15856.753855956755,2955,4661,6681,8019,9724,11318,13349,15982,0,2362,4326,6595,8115,9708,11245,13525,0.29432806341117657,0.776558377946637,0.7773858773415518,0.41488874774961493,0.09797852444256483,0.7678291700098159,0.9833941036365659,0.5416466225212176,COMPLETE
568,0.46574690770694577,2025-12-04 14:10:10.128809,2025-12-04 15:16:40.955558,0 days 01:06:30.826749,0.8541090775665889,4.397061535670643,0.4539358066712643,2.728958422579114,2.5949840138307994,4.487277996459621,0.6379741180586775,2.2824033505503056,1980.4137342013626,4218.490273384749,5446.414839392033,7923.65382381574,9919.162514633786,11798.873194098154,13704.155650629182,14747.381419382207,2885,4720,6620,7900,9886,11414,13447,16093,25,2265,4232,6436,8090,9771,11195,13412,0.23959109116926047,0.7276359774674102,0.8729924964968303,0.4222999214327791,0.21392418018783432,0.43666603798018994,0.9568513271087352,0.5169401534277327,COMPLETE
569,0.49096098953377737,2025-12-04 15:16:41.318320,2025-12-04 16:21:24.553881,0 days 01:04:43.235561,-0.23270940760285355,3.985137913372476,0.6591186016882119,3.3420147210802775,4.12600046186359,4.848455971058272,-1.007000914186694,3.0453450015442947,1773.815878564358,4135.318951241466,5487.307628899241,7999.7367771155505,9960.836115812552,11897.861055997624,13998.840127872307,14132.38503408108,2921,4754,6722,7831,9694,11259,13388,16136,9,2215,4365,6096,8289,9873,11308,13503,0.6400826596787457,0.7967507632449161,0.8188892990414434,0.3432692676916893,0.15758108935917634,0.5237174933464788,0.897992926275296,0.48639670533669543,COMPLETE
570,0.8001902949571836,2025-12-04 16:21:24.888503,2025-12-04 17:26:16.783211,0 days 01:04:51.894708,0.4702154888116349,3.8311121844542195,0.2069997401890591,3.1447460078534566,4.548905288872631,3.7475723543174086,-0.03662010875843241,4.439670037725061,1862.5026782167672,4345.70112629239,5393.607598682185,7771.793454329527,9815.035325455263,11835.553962070413,13800.443169054824,15909.468129240477,3022,4700,6657,7948,9860,11305,13424,16048,16,2297,4482,6248,8254,9796,11268,13446,0.20220831575249687,0.7490907197212807,0.7411918737118085,0.4450753674626992,0.11229120449399985,0.6268804761675308,0.9993050135472363,0.5691172630420369,COMPLETE
571,0.8044719314938155,2025-12-04 17:26:17.270509,2025-12-04 18:31:42.120823,0 days 01:05:24.850314,-0.00016622466584928497,3.5295142428426582,-0.026620115433163838,3.7438397668388492,2.895051717709289,4.149011096523454,-1.452491126482082,-1.7486983014806259,1909.8811080427918,4258.961983297426,5519.6579417759785,7833.415763625693,9897.509000895674,11958.068373098806,13563.558395471113,15966.678836809893,2975,4681,6705,7921,9784,11350,13405,16170,8,2253,4285,6380,8369,9733,11337,13471,0.5272541908750303,0.6968502301940663,0.7918561557347208,0.39529848210551705,0.137615069454923,0.46620080439607775,0.9420583842282378,0.41247023533794397,COMPLETE
572,0.7992388201712655,2025-12-04 18:31:42.651906,2025-12-04 19:39:45.463992,0 days 01:08:02.812086,0.26194367574848865,4.22145119728049,-0.6989604710939271,2.9497954747933894,3.9376418066098338,0.3212485292605436,-1.1817225708832642,3.5574206786811833,1642.4427110599538,4084.356355599696,4843.886822210958,7897.05621254862,9959.674264524367,11871.881417971654,13648.79591564419,15935.75383784047,2993,4767,6722,7978,9974,11279,13474,16066,0,2279,4340,6312,7989,9827,11222,13582,0.2795837681249432,0.7743510492296076,0.8391211817064599,0.43601118653189014,0.0734703305341737,0.41215591231097054,0.9705241985003147,0.5298001986985112,COMPLETE
573,0.5313986679352997,2025-12-04 19:39:46.100515,2025-12-04 20:47:06.580796,0 days 01:07:20.480281,0.6350432173300082,4.041536578547336,-0.2858103496698671,3.4490807839666595,3.4385925391004877,4.648211897262207,-0.4798113097803904,3.9539302387079194,2021.7288516853337,4190.128032732768,5467.881380447529,7690.315914703703,9854.365078708586,11928.9006026801,13603.071812622353,15779.543715791307,2946,4587,6672,7926,9635,11328,13328,16025,25,2231,4426,6485,8104,9757,11153,13559,0.22939296365347533,0.7266470696474016,0.7183506591779875,0.4695028622620438,0.05915554042324871,0.5624048424419625,0.9822725234814852,0.466779253390568,COMPLETE
574,0.796384395813511,2025-12-04 20:47:07.014945,2025-12-04 22:06:02.757647,0 days 01:18:55.742702,0.39167775310064734,3.6542061322555144,0.20022203276345465,3.121562338342003,3.695819176202351,3.46531312037576,-0.8703784251725077,3.268239600806501,1832.2555618377467,4302.935709019293,5422.794972429081,7963.140912743747,9929.950879632283,11777.252939302169,13745.861903264784,15886.618294541651,3035,4647,6642,7864,9610,11373,13435,16240,15,2320,4248,6406,8434,9780,11287,13527,0.17900505931887983,0.6742947000706923,0.7620794634824478,0.4116423153382117,0.0938685344535891,0.5928378098768804,0.9542288295797205,0.5069640969337015,COMPLETE
575,0.7649857278782112,2025-12-04 22:06:05.326439,2025-12-04 23:23:12.831198,0 days 01:17:07.504759,0.08420728088880142,3.3656285809665047,0.3889645215141222,3.941385720987306,3.2243482438256112,3.91676504207268,0.43132808112612164,2.8512657499108838,2093.8741166442583,4224.742016603606,5547.823703090172,7935.039059025617,9965.51755824079,11902.805501208246,13884.884282811192,15827.603731487912,3108,4717,6690,7894,9743,11241,13375,16106,75,2265,4316,6270,8461,9809,11257,13497,0.2553449064795107,0.7553291449486496,0.9220255748994053,0.49499185833890735,0.46846578918198256,0.5387513931065468,0.9252401505586372,0.7556753342997042,COMPLETE
576,0.5023786869647955,2025-12-04 23:23:13.339804,2025-12-05 00:25:04.808085,0 days 01:01:51.468281,-0.18001862854608452,3.8029409876699596,-0.10918729594050122,3.591127004780402,4.2641463064808525,4.391817496647168,-1.3091582332267822,3.3798389078884283,1944.9960544321973,4147.7395580129205,5504.681432646804,7776.496105756851,9891.811012626413,11696.824665445041,13914.278180074609,15961.461973488702,2899,4743,6692,7961,9667,11299,13407,15964,47,2211,4273,6360,8140,9726,11316,13457,0.2160002791784585,0.8114814287770599,0.8055666307171904,0.45088130882617306,0.19717645167748904,0.49339474372120784,0.9820214309965322,0.44235866288473,COMPLETE
577,0.5247383444338725,2025-12-05 00:25:05.270700,2025-12-05 01:26:44.311928,0 days 01:01:39.041228,0.7019094497596229,4.265944059469724,0.10357619688062564,3.3670911469082596,3.889103806255498,4.821093224025267,0.21454106249084154,4.226746640279312,1900.7569162608145,4043.170423174268,5450.081803412062,7868.940426216646,9926.062052360157,10081.799011570643,13694.725975220437,15915.29625373298,3001,4620,6667,7939,9707,11407,13443,15996,0,2243,4216,6459,8069,9699,11283,13487,0.19493727430283778,0.8342391418749305,0.786107277418639,0.37687886406876164,0.12328565633052142,0.5702247087086593,0.9635804019109129,0.5501706290288024,COMPLETE
578,0.7607040913415795,2025-12-05 01:26:44.615999,2025-12-05 02:28:34.375747,0 days 01:01:49.759748,0.15241385446025135,3.950744533995678,-0.4156058112254408,2.8245431948158033,4.787312817073107,4.186088803483139,-0.19721188273358842,3.115259615802917,1968.3863932412785,3984.6422134985323,5480.239817775242,7725.054318971321,9999.333618402794,11964.070450132285,13652.105989388878,15859.420547806954,2971,4673,6702,7910,9802,11532,13385,16074,36,2291,4297,6557,8077,9750,11234,13521,0.14171888364041085,0.7905949778806605,0.8219967423420944,0.42776669870273565,0.02886145316852296,0.5994019726353669,0.9998290872617659,0.4905885415801578,COMPLETE
579,0.7454804947668887,2025-12-05 02:28:34.704896,2025-12-05 03:30:14.002258,0 days 01:01:39.297362,0.36758547757697035,3.6185807827785808,0.5128598081251577,2.05881472765469,3.5372666808527673,4.543457192105851,-2.1240145070060583,3.608812541725192,2049.6431034620914,4345.613475667012,5395.293777476083,7828.480545119015,9827.484787604395,11830.784803995255,13837.553506492675,15965.692319527168,2928,4704,6722,7994,9763,11266,13421,16136,142,2268,4354,6330,8411,9776,11265,13474,0.1671517111204825,0.7097221352111565,0.8549335952466308,0.48169348083813773,0.15859127755503505,0.6304775657154292,0.9397812598571362,0.5255113808395803,COMPLETE
580,0.49904852521408183,2025-12-05 03:30:14.365173,2025-12-05 04:31:54.609995,0 days 01:01:40.244822,0.5107142557300303,2.915073252292945,-0.2208278310322448,4.1931826898261,3.217460188962297,4.998428451091188,-0.9924273749282866,3.808864900491807,1767.3111459945658,4272.382850795827,5529.282520243021,7999.70100025865,9774.69665113918,11885.910821454918,13958.733645744407,15934.228781430098,2959,4726,6676,7845,9674,11474,13361,16209,158,2312,4327,6423,8045,9678,11210,13510,0.24545740896813395,0.7349576700695153,0.7644976733035747,0.40258357564719033,0.4389556034441383,0.5145101134962712,0.9664708262080244,0.5809084638457223,COMPLETE
581,0.5137963843958135,2025-12-05 04:31:54.921654,2025-12-05 05:33:54.164914,0 days 01:01:59.243260,0.9990803883389179,4.111705850485893,0.2574661622025146,3.810557576820934,4.072874096291142,4.337244965343526,-0.7241457785625022,2.586375789959677,2139.0013034050853,4177.379501891479,5356.792187132223,7890.830593199731,9896.272731142548,11934.913409291767,13604.51935269576,15891.307755943593,3142,4779,6639,7884,9721,11317,13397,16157,20,2228,4380,6529,8222,9718,11350,13534,0.22324623036874253,0.773261206803947,0.7970511965047387,0.44781307964899536,0.08673822832176327,0.4420857620985844,0.9811579573293532,0.5014079611977058,COMPLETE
582,0.8097050428163654,2025-12-05 05:33:54.521118,2025-12-05 06:35:33.148338,0 days 01:01:38.627220,-0.020227868305632335,4.44572243841866,-0.014104926301761522,4.413157031232964,3.0252165585876205,4.655816117798751,-0.3875924105203619,2.954170728910641,1997.6735573013354,4222.977659770159,5437.210921740861,7665.992427670753,9942.99981957962,11524.575538032483,13765.213678350854,15801.178948944014,3063,4687,6703,7954,9628,11342,13462,16034,9,2250,4302,6390,8483,9804,11326,13446,0.2713458196088489,0.7513021982598882,0.7414108490024403,0.4169733670415621,0.10814661030640589,0.5507945773711393,0.9091213897353578,0.47341460657438866,COMPLETE
583,0.5033301617507137,2025-12-05 06:35:33.624234,2025-12-05 07:37:30.472674,0 days 01:01:56.848440,-0.39563362412399866,4.51558251257678,0.6439396602760863,4.650420760424732,2.9115096675744945,4.024738444870328,-0.35898693444346835,2.9323415827716146,2014.0812479491472,4127.771851619806,4986.270467661489,7638.381996318088,9844.211234217373,11395.6412916055,13773.389160855628,15791.084741211016,3079,4662,6704,7979,9589,11350,13490,16107,30,2205,4310,6369,8488,9839,11335,13414,0.3131735192847934,0.7545124912939619,0.7136334466676594,0.3860057050228416,0.10466836950993239,0.5517572148275384,0.017605461460213523,0.44186495792139824,COMPLETE
584,0.4866793529971456,2025-12-05 07:37:30.883541,2025-12-05 08:39:18.798469,0 days 01:01:47.914928,-0.13917696451129621,4.457831849355516,0.007727776266581082,4.437957076723281,2.7053136435271328,3.705456785014934,0.03136768412366131,2.8451621671632674,2092.5240908411606,4088.185728156499,5419.733481004494,7629.430709570758,9930.522924587875,11566.47819325965,13801.643191686911,15798.373335139946,3048,4679,6681,7959,9622,11382,13505,16051,16,2237,4344,6347,8485,9815,11317,13440,0.28314875207029183,0.799009149982022,0.04168821406682105,0.689111832703492,0.05327134614223843,0.5764700762626019,0.9065223021854448,0.4582244605849527,COMPLETE
585,0.5023786869647955,2025-12-05 08:39:19.260975,2025-12-05 09:41:16.315071,0 days 01:01:57.054096,-0.630254043792668,4.4477887945901475,0.32060273478681434,4.297658864284074,3.0410452814526945,4.685585849754456,-0.18120554616082643,2.4194467466798724,2047.4697877911885,4206.8685491431925,5586.641170253621,7655.932163984161,9870.973951395332,11532.617432868661,13740.449742209066,15833.009173967288,3127,4647,6620,8010,9648,11356,13458,16009,9,2248,4301,6384,8462,9801,11122,13423,0.26857737227288114,0.7698396488498307,0.6832147064916811,0.36615329476063646,0.07170704323713442,0.5384429597501453,0.898112371702675,0.46927014361231073,COMPLETE
586,0.5038058991436727,2025-12-05 09:41:16.935476,2025-12-05 10:43:10.940951,0 days 01:01:54.005475,-0.05559867855943511,4.313193678764244,-0.2883671365426499,4.814021158747237,2.2485131564857985,4.471774563738045,-0.39743706698164033,2.7364563536910094,1979.3821355225245,4157.2831554375025,5495.194042526891,7680.796993145068,9963.741318862643,11672.802362159311,13768.239651704715,15823.36497110333,3056,4684,6653,7951,9603,11451,13476,16121,30,2279,4328,6299,8483,9831,11364,13448,0.2954002777431881,0.7447062681439377,0.7085890223537347,0.40982621051768137,0.10814212753734984,0.5558932790629881,0.9263456757495939,0.46993632288893283,COMPLETE
587,0.6955280685061845,2025-12-05 10:43:11.386789,2025-12-05 11:45:00.552731,0 days 01:01:49.165942,-0.2517603215609978,4.180833161330945,0.16503774749682087,4.483291114247717,2.7874325233422437,4.824603231386508,0.04699878585260773,3.067873630382058,2002.874608441779,4212.336445979546,5440.32332096933,7717.423124805166,9908.670221987288,11978.703092434149,13818.01725277737,15764.969645830404,3101,4557,6722,7970,9623,11396,13462,16076,20,2208,4365,6390,8462,9797,11351,13430,0.2513115283132937,0.790394947558553,0.7345166062629017,0.393047539517458,0.08502631150360293,0.609664692822016,0.9371530736745416,0.4032155487965898,COMPLETE
588,0.7944814462416746,2025-12-05 11:45:01.125109,2025-12-05 12:47:08.337801,0 days 01:02:07.212692,0.1251636357083829,3.2611132611245983,-0.1293994801114821,4.343869124869803,2.4665520838117865,4.335467065583485,-1.6629846885399382,2.999906130745377,1558.9975555948783,4242.20231509992,5390.433467113395,6128.519592204031,9698.532196116126,11460.161583994954,13718.66571525702,15854.539694916459,3150,4525,6704,7941,9634,11338,13449,16042,8,2252,4316,6256,8435,9857,11307,13459,0.2672141267167432,0.7614321317749544,0.7436812465563154,0.4209104005988939,0.11915933615767278,0.573906344385424,0.8806056353802898,0.7987025580553467,COMPLETE
589,0.7578496669838249,2025-12-05 12:47:08.812222,2025-12-05 13:49:23.260749,0 days 01:02:14.448527,-0.020214922056275522,4.412411658526795,-0.6514583515759904,4.652103449786966,3.061328984937733,4.074740371894343,0.3735480258820854,2.6436910692045372,2082.749546364899,4119.360063161296,5471.149496975567,7674.875485626547,9576.674324285106,11718.82826400586,13859.259698604345,15878.657137641841,2699,4697,6663,7986,9779,11333,13434,16091,17,2231,4286,6578,8478,9818,11173,13470,0.2750116557614904,0.7409220976278403,0.7305713761964224,0.45612446198205325,0.03752575955958885,0.6590305383969652,0.9127122441817686,0.4293458168591697,COMPLETE
590,0.8111322549952427,2025-12-05 13:49:23.744551,2025-12-05 14:51:17.455191,0 days 01:01:53.710640,0.1876255186510335,4.036495927581004,0.39427173630407064,4.104856695987266,4.403209808372352,4.531530559531625,0.5984803895734759,-0.052994983538196205,1262.4667189784802,4177.811579836089,5521.946649129582,7749.767235249754,9872.54066730408,11999.049879145396,13792.80539548854,15852.959915468304,3029,4638,6688,7928,9607,11372,13482,16197,9,2346,4342,6353,8445,9784,11239,13552,0.2462869442540772,0.8224078195194262,0.7544017135182449,0.4061086523912444,0.39268823988799917,0.5898551221036697,0.9457009814413573,0.48355279696870673,COMPLETE
591,0.7973358705994291,2025-12-05 14:51:18.016310,2025-12-05 15:53:00.218125,0 days 01:01:42.201815,0.2308172630728188,4.253827059425277,0.6743831129808258,4.118618855082462,4.719451786839534,4.630535746097181,0.6206082061561129,-0.045533428367827235,2029.0670032736984,4169.288583019148,5545.658316005671,7751.621337664804,9802.66037646248,11980.923320862155,13792.752077170948,15791.400690699042,3036,4575,6687,7930,9590,11377,13480,16200,27,2449,4298,6350,8453,9780,11248,13392,0.26001566181219854,0.8350130654040444,0.7571888450968423,0.3582912771458356,0.386238006337624,0.5928847493577656,0.9509178673428335,0.05428467161466455,COMPLETE
592,0.5556612749762131,2025-12-05 15:53:00.652988,2025-12-05 16:55:03.421665,0 days 01:02:02.768677,0.2796939670030539,3.879383007584628,0.05322616440324242,4.397891742533307,4.392435957027404,4.810757959487168,0.6066802157001311,2.528766721602759,1410.4925799638947,4079.1784166335638,5526.1973129368225,7727.594047278597,9754.06890435714,11991.7671430533,13758.420985033772,15866.329011591932,3059,4617,6705,7912,9600,11390,13500,16207,41,2223,4261,6329,8498,9760,11331,13438,0.3012232665691704,0.8584236886878369,0.08629670025822289,0.3919642872040062,0.2555989843222534,0.6088990205745435,0.9541693772830242,0.48413919559812657,COMPLETE
593,0.47954329210275926,2025-12-05 16:55:03.815978,2025-12-05 17:56:49.197044,0 days 01:01:45.381066,0.18453836555881659,3.520907877008819,-0.45703924624297365,3.986747890733015,4.55101349365534,4.5358606643228,0.43710285858185505,-0.5367439639692551,1283.8686992449652,4155.957202753107,5510.781542199224,7696.409037639984,9843.664861884869,11757.44032211059,13840.690972145228,15816.223919281438,3029,4637,6722,7926,9612,11429,13473,16186,9,2255,4409,6368,8445,9785,11288,13485,0.35216410504512985,0.8734774442548872,0.7704202846550329,0.4336395038831898,0.3144652315025141,0.5819995956001568,0.6643301431424313,0.4518770392617528,COMPLETE
594,0.527117031398668,2025-12-05 17:56:49.554348,2025-12-05 18:58:42.531031,0 days 01:01:52.976683,0.4071546173547653,4.068502252371574,0.4533125107695473,4.2945585943918365,4.266604580969744,4.8561757494246445,0.2096854545114708,4.685956721677668,1530.231247561311,4115.896333003952,5571.3683934597775,7778.5491356912025,9879.333866848452,11930.319418251782,13821.922001041834,15847.906229410652,3008,4612,6669,7963,9633,11351,13423,16184,0,2343,4353,6346,8425,9769,11265,13396,0.2366882441693471,0.8233248400041495,0.7439985490278135,0.4063228804639877,0.3760003519914306,0.5589886967077881,0.9657038255804743,0.08553351560767575,COMPLETE
595,0.5023786869647955,2025-12-05 18:58:43.027076,2025-12-05 20:00:26.079545,0 days 01:01:43.052469,0.7360446541006815,3.822196255784221,-0.15296779742295877,4.176650225163027,4.931638274587276,4.239399300641246,0.7839364411665266,-1.5345854717706517,1188.6967866832065,4194.250234213681,5495.163425882533,7622.536344863257,9816.339805196281,11815.278446313521,13765.42804234665,15905.762392321021,3077,4600,6687,7943,9608,11364,13503,16219,18,2273,4386,6322,8465,9739,11310,13572,0.8620667938580854,0.8153485552319217,0.7798399469021319,0.47859464593257345,0.29251210226912816,0.5286061664828868,0.9451627316773002,0.5495074865895654,COMPLETE
596,0.8125594671741199,2025-12-05 20:00:26.668674,2025-12-05 21:02:19.079509,0 days 01:01:52.410835,0.07481332080475483,4.496759656784798,0.15823944739775767,4.503370941332304,4.159444740369858,4.62269049246134,0.2523324279517374,2.8288296979304905,1953.800593681243,4046.4878975835254,5548.550004339895,7738.469769380158,9873.910114305796,11106.280578567981,13889.578647403843,14666.249058827092,3019,4631,6640,8032,9644,11404,13462,16175,8,2245,4320,6376,8448,9792,11244,13507,0.2754232623245905,0.8013098634220758,0.7252585647410081,0.37681656358640353,0.13607158185855478,0.593220741472181,0.920218776770206,0.5059464672377482,COMPLETE
597,0.5066603235014272,2025-12-05 21:02:19.653862,2025-12-05 22:04:23.952862,0 days 01:02:04.299000,-0.44321273323545113,4.475158329573427,0.03374482048469152,4.764409229565011,4.551886417951891,4.672773444002085,0.313692066439421,-1.3207016730519725,1959.2686325768511,3954.934764616651,5592.623815804718,7655.118668312552,9776.259527567903,11108.238825712913,13871.80520798077,14335.0680510498,3033,4626,6633,8016,9626,11407,13489,16170,33,2280,4321,6377,8406,9815,11234,13495,0.311263872201061,0.8435903388219735,0.6973568980970081,0.3574263318599637,0.1375909722445283,0.5520971572870905,0.8925217786693637,0.5272882015356508,COMPLETE
598,0.5114176974310181,2025-12-05 22:04:24.449287,2025-12-05 23:06:21.824739,0 days 01:01:57.375452,-0.19006125241564614,4.66849838426951,0.42367089814416004,4.598766349646284,4.250973179516722,4.992144275054446,0.4705034157606339,-2.1550788292304266,1973.0499915707148,4217.182881639607,5553.592579742305,7718.010646668462,9849.77740471849,10992.274373375878,13806.043253564696,15812.840502584208,3059,4629,6605,8047,9642,11406,13516,16241,23,2378,4337,6398,8444,9795,11276,13462,0.29586893283162347,0.8147164809345763,0.7319862270744649,0.3737135158242505,0.1336300106749325,0.5780161329130546,0.9149086021911121,0.51297485425618,COMPLETE
599,0.80732635585157,2025-12-05 23:06:22.310121,2025-12-06 00:08:03.954394,0 days 01:01:41.644273,0.03230735968070372,4.617542397948733,-0.29707916528352074,4.675422261824552,4.3852426414613745,4.695297464288574,0.0952797664721825,2.0522361497649415,1305.5458780318113,4039.097648696785,5468.883356655623,7676.686872631931,9867.461222009382,11227.124211810085,13729.976302767971,14922.03285831685,3022,4474,6618,8065,9654,11419,13471,16190,15,2206,4312,6359,8426,9796,11206,13510,0.2768375672311145,0.8511498975567989,0.7120665082522771,0.3420683684087867,0.3979554358183762,0.5898159984651549,0.9152425572561431,0.5679288808173212,COMPLETE
600,0.4809705042816365,2025-12-06 00:08:04.386661,2025-12-06 01:09:57.414755,0 days 01:01:53.028094,0.5147719400772626,4.497575897421824,0.2259265049426133,4.438248236163827,4.179115951343747,4.8400758207085355,0.6777192256421939,1.4170361482976777,1019.4757911346185,4017.675802029431,5437.7073923863945,7734.617472569451,9810.316033481855,11999.104630906893,13855.520381559192,14660.376785028006,3052,4589,6637,8062,9592,11443,13459,16161,10,2250,4292,6380,8466,9840,11291,13484,0.2684564923176208,0.8205878521486785,0.6773730944454807,0.32158810868845894,0.3564039714511819,0.5435395683395058,0.9277807829553599,0.546447431476133,COMPLETE
